paper,title,room,category
1,"Bialgebra cohomology, pointed Hopf algebras, and deformations",Room 7,math.RA
2,"Exploring the Adaptive Behaviors of Particle Lenia: A
  Perturbation-Response Analysis for Computational Agency",Room 1,nlin.AO
3,The typical countable algebra,Room 5,math.RA
4,Structural Change Analysis of Active Cryptocurrency Market,Room 3,q-fin.ST
5,On Some Integrated Approaches to Inference,Room 1,stat.ML
6,"Remote Sensing and Control for Establishing and Maintaining Digital
  Irrigation",Room 2,cs.SY
7,"Stability and Stabilization Analysis of Interval Positive Takagi-Sugeno
  Fuzzy Systems by using Convex Optimization",Room 10,eess.SY
8,"Chaotic synchronizations of spatially extended systems as
  non-equilibrium phase transitions",Room 8,nlin.CD
9,"Remarks on counting negative eigenvalues of Schr\""odinger operator on
  regular metric trees",Room 5,math.SP
10,"Sequential Estimation of Multivariate Factor Stochastic Volatility
  Models",Room 3,econ.EM
11,Manifolds admitting a $\tilde G_2$-structure,Room 7,math.AT
12,Risk-indifference Pricing of American-style Contingent Claims,Room 3,q-fin.PR
13,Extracting synaptic conductances from single membrane potential traces,Room 2,q-bio.NC
14,"Generalized Resemblance Theory of Evidence: a Proposal for
  Precision/Personalized Evidence-Based Medicine",Room 1,q-bio.OT
15,Whither Does the Sun Rove?,Room 11,physics.pop-ph
16,Individual Causal Inference Using Panel Data With Multiple Outcomes,Room 1,econ.EM
17,"Mixed Effect Modelling of Single Trial Variability in Ultra-High Field
  fMRI",Room 1,stat.AP
18,Behavioral On-Line Advertising,Room 4,cs.IR
19,A superhedging approach to stochastic integration,Room 4,q-fin.MF
20,Improving RNN-T ASR Accuracy Using Context Audio,Room 2,eess.AS
21,"Integrable Systems with Unitary Invariance from Non-stretching Geometric
  Curve Flows in the Hermitian Symmetric Space Sp(n)/U(n)",Room 5,nlin.SI
22,"Murphy et al. Reply to the Comment by Kopeikin on ""Gravitomagnetic
  Influence on Gyroscopes and on the Lunar Orbit""",Room 11,gr-qc
23,"Gradient-based stochastic optimization methods in Bayesian experimental
  design",Room 1,stat.CO
24,Solving SPDEs driven by colored noise: a chaos approach,Room 5,math.PR
25,"Locally adaptive spatial smoothing using conditional autoregressive
  models",Room 2,stat.AP
26,"Solving puzzles described in English by automated translation to answer
  set programming and learning how to do that translation",Room 1,cs.CL
27,An individual-based model for biofilm formation at liquid surfaces,Room 6,q-bio.CB
28,"Isotopic dependence of the giant monopole resonance in the even-A
  ^{112-124}Sn isotopes and the asymmetry term in nuclear incompressibility",Room 8,nucl-ex
29,"Eigenvalue Decomposition as a Generalized Synchronization Cluster
  Analysis",Room 12,physics.data-an
30,The Dynamics of Rabinovich system,Room 5,math.DS
31,Reasoning about Bounded Reasoning,Room 4,econ.TH
32,Conjugacy Classes of Centralizers in $G_2$,Room 7,math.GR
33,"Dimensional Analysis in Economics: A Study of the Neoclassical Economic
  Growth Model",Room 3,econ.EM
34,Improving Simulated Annealing through Derandomization,Room 1,stat.CO
35,"A measure of state transition of collective of stateless automata in
  discrete environment",Room 5,cs.FL
36,"Electrical transport and optical band gap of
  NiFe$_\textrm{2}$O$_\textrm{x}$ thin films",Room 8,physics.app-ph
37,Optical characterization of ultra-high diffraction efficiency gratings,Room 11,physics.optics
38,"Initial-boundary value problems for discrete evolution equations:
  discrete linear Schrodinger and integrable discrete nonlinear Schrodinger
  equations",Room 5,nlin.SI
39,"Effects of source and loss terms on the wave-pinning description of cell
  polarisation",Room 6,nlin.PS
40,Analysis of frequent trading effects of various machine learning models,Room 3,q-fin.TR
41,"Effect of interactions on the diffusive expansion of a Bose-Einstein
  condensate in a 3D random potential",Room 8,cond-mat.quant-gas
42,Stiffness Analysis Of Multi-Chain Parallel Robotic Systems,Room 12,cs.RO
43,The geometry of consumer preference aggregation,Room 4,econ.TH
44,Comparative Analysis of Power System Model Reduction,Room 10,eess.SY
45,"Dynamic nested sampling: an improved algorithm for parameter estimation
  and evidence calculation",Room 1,stat.CO
46,"Computation of the canonical form for the matrices of chains and cycles
  of linear mappings",Room 5,math.RT
47,Network Granger Causality with Inherent Grouping Structure,Room 2,stat.ME
48,Predicting Economic Recessions Using Machine Learning Algorithms,Room 2,q-fin.GN
49,"Cross-Domain Adaptation of Spoken Language Identification for Related
  Languages: The Curious Case of Slavic Languages",Room 12,eess.AS
50,"Model independent Breit-Wigner parameters of nucleon resonances
  S11(1535), S11(1650) and P11(1710)",Room 11,nucl-th
51,Staggered Heavy Baryon Chiral Perturbation Theory,Room 12,hep-lat
52,Theory of a Magnetically-Controlled Quantum-Dot Spin Transistor,Room 8,cond-mat.mes-hall
53,"A nested expectation-maximization algorithm for latent class models with
  covariates",Room 1,stat.CO
54,Densely Entangled Financial Systems,Room 3,q-fin.RM
55,"Shaping state and time-dependent convergence rates in non-linear control
  and observer design",Room 12,nlin.CD
56,"Optimizing Binary Code Produced by Valgrind (Project Report on Virtual
  Execution Environments Course - AVExe)",Room 12,cs.PL
57,"Modeling the pulse signal by wave-shape function and analyzing by
  synchrosqueezing transform",Room 2,stat.AP
58,"Spatiotemporal phase synchronization in a large array of convective
  oscillators",Room 8,nlin.CD
59,"Automatic Analysis System of Calcaneus Radiograph: Rotation-Invariant
  Landmark Detection for Calcaneal Angle Measurement, Fracture Identification
  and Fracture Region Segmentation",Room 2,eess.IV
60,Constrained BSDE and Viscosity Solutions of Variation Inequalities,Room 4,math.SG
61,Rent seeking games with tax evasion,Room 3,math.DS
62,"New Extensions of Pairing-based Signatures into Universal (Multi)
  Designated Verifier Signatures",Room 10,cs.CR
63,"Effects of the mean free path and relaxation in a model for the
  aggregation of particles in superfluid media",Room 8,physics.atm-clus
64,"Bayesian Latent Variable Modeling of Longitudinal Family Data for
  Genetic Pleiotropy Studies",Room 1,stat.AP
65,Systemic Risk Management in Financial Networks with Credit Default Swaps,Room 3,q-fin.RM
66,Tame nonsmooth inverse mapping theorems,Room 7,math.GT
67,"An absolute quantum energy inequality for the Dirac field in curved
  spacetime",Room 11,gr-qc
68,"A Study on Neural Network Architecture Applied to the Prediction of
  Brazilian Stock Returns",Room 2,q-fin.ST
69,"Reading tea leaves? Polygenic scores and differences in traits among
  groups",Room 2,q-bio.GN
70,Field induced cell proliferation and death in a thick epithelium,Room 6,q-bio.CB
71,Asymptotics of eigenfunctions on plane domains,Room 5,math.SP
72,"On Rational Nilpotent Orbits of $SL_{n}$ and $Sp_{2n}$ over a Local
  Non-Archimedean Field",Room 7,math.RT
73,Dynamical and Statistical Criticality in a Model of Neural Tissue,Room 6,q-bio.NC
74,"A chemotaxis-based explanation of spheroid formation in 3D cultures of
  breast cancer cells",Room 6,q-bio.CB
75,A Quantum algorithm for linear PDEs arising in Finance,Room 8,q-fin.CP
76,Eight-dimensional Ricci-flat space related with the KP equation,Room 12,nlin.SI
77,Deep Factor Model,Room 2,q-fin.ST
78,Portfolio Optimization under Convex Incentive Schemes,Room 3,q-fin.PM
79,Degree Optimization and Stability Condition for the Min-Sum Decoder,Room 10,cs.IT
80,The Rotor-Router Model on Regular Trees,Room 4,math.CO
81,"Improved MR to CT synthesis for PET/MR attenuation correction using
  Imitation Learning",Room 2,eess.IV
82,Jihad over Centuries,Room 9,econ.GN
83,"Complex patterns arise through spontaneous symmetry breaking in dense
  homogeneous networks of neural oscillators",Room 6,nlin.PS
84,"A moving boundary model motivated by electric breakdown: II. Initial
  value problem",Room 5,nlin.PS
85,On the combinatorics of several integrable hierarchies,Room 7,nlin.SI
86,3-groups are not determined by their integral cohomology rings,Room 7,math.AT
87,"A convex pseudo-likelihood framework for high dimensional partial
  correlation estimation with convergence guarantees",Room 1,stat.ME
88,"Stellar-mass Black Hole Spin Constraints from Disk Reflection and
  Continuum Modeling",Room 11,astro-ph.HE
89,"Self-regulating genes. Exact steady state solution by using Poisson
  Representation",Room 6,q-bio.SC
90,"Analyzing establishment nonresponse using an interpretable regression
  tree model with linked administrative data",Room 1,stat.AP
91,"Quantifying the influence of conformational uncertainty in biomolecular
  solvation",Room 6,q-bio.BM
92,Discrete Nondeterminism and Nash Equilibria for Strategy-Based Games,Room 4,cs.GT
93,Phase-amplitude descriptions of neural oscillator models,Room 8,q-bio.NC
94,"Self-sufficient Receiver with Wireless Energy Transfer in a Multi-access
  Network",Room 10,eess.SP
95,A derivational rephrasing experiment for question answering,Room 1,cs.IR
96,"A Partition-Driven Integrated Security Architecture for Cyber-Physical
  Systems",Room 10,eess.SY
97,Multiple tests of association with biological annotation metadata,Room 2,stat.AP
98,Solutions for real dispersionless Veselov-Novikov hierarchy,Room 5,nlin.SI
99,Inference on Sets in Finance,Room 1,stat.AP
100,Sum of Us: Strategyproof Selection from the Selectors,Room 4,cs.GT
101,"Volterra Kernel Identification using Regularized Orthonormal Basis
  Functions",Room 1,eess.SP
102,"Sublinear Communication Protocols for Multi-Party Pointer Jumping and a
  Related Lower Bound",Room 10,cs.CC
103,The ET Interview: Professor Joel L. Horowitz,Room 11,econ.EM
104,"Causal Estimation of Position Bias in Recommender Systems Using
  Marketplace Instruments",Room 1,econ.EM
105,"Analyzing the Efficiency of Mn-(C2H4) (M = Sc, Ti, Fe, Ni; n = 1, 2)
  Complexes as Effective Hydrogen Storage Materials",Room 8,physics.atm-clus
106,"The phenomenon of growing surface interference explains the rosette
  pattern of jaguar",Room 6,q-bio.TO
107,Central Counterparty Risk,Room 3,q-fin.RM
108,Laser Singular Theta-Pinch,Room 11,nlin.PS
109,Huffman Coding as a Non-linear Dynamical System,Room 10,nlin.CD
110,Deep Kernel Gaussian Process Based Financial Market Predictions,Room 3,q-fin.CP
111,Ends in Uniform Spanning Forests,Room 7,math.PR
112,Braided quantum field theories and their symmetries,Room 7,hep-th
113,Error bounds for small jumps of L\'evy processes,Room 3,q-fin.CP
114,Variable Cutoff Frequency FIR Filters: A Survey,Room 2,eess.SP
115,"Asymptotic analysis for Merton's problem with transaction costs in power
  utility case",Room 4,q-fin.PM
116,"The multi-dimensional pencil phenomenon for Laguerre heat-diffusion
  maximal operators",Room 7,math.CA
117,"Locally adaptive image denoising by a statistical multiresolution
  criterion",Room 2,stat.ME
118,HHCART: An Oblique Decision Tree,Room 2,stat.ML
119,"Quantum Circuits for GCD Computation with $O(n \log n)$ Depth and O(n)
  Ancillae",Room 5,cs.ET
120,"Optimal Local Thresholds for Distributed Detection in Energy Harvesting
  Wireless Sensor Networks",Room 10,eess.SP
121,On the Equilibrium Fluctuations of an Isolated System,Room 4,math-ph
122,"Schr\""odinger operator on the zigzag half-nanotube in magnetic field",Room 5,math.SP
123,"Synchronization time in a hyperbolic dynamical system with long-range
  interactions",Room 12,nlin.CD
124,Explosive behavior in a log-normal interest rate model,Room 3,q-fin.CP
125,Protein Repeats from First Principles,Room 6,q-bio.BM
126,Performance Evaluation of Channel Decoding With Deep Neural Networks,Room 2,eess.SP
127,"Multivariate tail covariance for generalized skew-elliptical
  distributions",Room 1,q-fin.RM
128,"Pricing a Contingent Claim Liability with Transaction Costs Using
  Asymptotic Analysis for Optimal Investment",Room 4,q-fin.PR
129,Distributed Gaussian polynomials as q-oscillator eigenfunctions,Room 5,math-ph
130,"Electricity prices and tariffs to keep everyone happy: a framework for
  fixed and nodal prices coexistence in distribution grids with optimal tariffs
  for investment cost recovery",Room 4,econ.GN
131,"Naked-eye optical flash from GRB 080319B: Tracing the decaying neutrons
  in the outflow",Room 11,astro-ph.HE
132,"Conjugate field and fluctuation-dissipation relation for the dynamic
  phase transition in the two-dimensional kinetic Ising model",Room 5,cond-mat.stat-mech
133,Coarse-grained simulations of DNA overstretching,Room 8,q-bio.BM
134,Resonance between Cantor sets,Room 5,math.CA
135,"Asymptotic behaviour of a family of gradient algorithms in R^d and
  Hilbert spaces",Room 5,math.OC
136,"Directed transport in a spatially periodic potential under periodic
  non-biased forcing",Room 8,nlin.CD
137,"Covers of Elliptic Curves and the Lower Bound for Slopes of Effective
  Divisors on $\bar{\mathcal M}_{g}$",Room 7,math.AG
138,"Thermal instability in X-ray photoionized media in Active Galactic
  Nuclei: II. Role of the thermal conduction in warm absorber",Room 11,astro-ph.IM
139,SDSS J125637-022452: a high proper motion L subdwarf,Room 12,astro-ph.SR
140,Multiple network alignment via multiMAGNA++,Room 6,q-bio.MN
141,"Brain Emotional Learning-Based Prediction Model (For Long-Term Chaotic
  Prediction Applications)",Room 2,eess.SP
142,BSA - exact algorithm computing LTS estimate,Room 1,stat.CO
143,Zipf's Law for All the Natural Cities around the World,Room 4,nlin.AO
144,Deep Learning Power Allocation in Massive MIMO,Room 2,eess.SP
145,"Fast Training Algorithms for Deep Convolutional Fuzzy Systems with
  Application to Stock Index Prediction",Room 2,q-fin.ST
146,When Can We Ignore Measurement Error in the Running Variable?,Room 1,econ.EM
147,"Long time viscosity of dilute magnetorheological dispersions under
  periodic magnetic perturbations",Room 8,cond-mat.soft
148,Ultradiscrete Permanent Solution to the Ultradiscrete KP Equation,Room 5,nlin.SI
149,On Kahan's Rules for Determining Branch Cuts,Room 5,cs.SC
150,Adaptive Dynamical Networks,Room 6,nlin.AO
151,"Multi-asset consumption-investment problems with infinite transaction
  costs",Room 4,q-fin.MF
152,End-to-End Neural Speaker Diarization with Self-attention,Room 2,eess.AS
153,SESQA: semi-supervised learning for speech quality assessment,Room 2,eess.AS
154,Electroweak Chiral Lagrangian for Left-right Symmetric Models,Room 7,hep-ph
155,Threaded rings that swim in excitable media,Room 8,nlin.PS
156,Randomization in Optimal Execution Games,Room 4,q-fin.TR
157,"Lightweight Image Super-Resolution with Information Multi-distillation
  Network",Room 2,eess.IV
158,"On the e$^+$e$^-$ excesses and the knee of the cosmic ray spectra --
  hints of cosmic rays acceleration at young supernova remnants",Room 11,astro-ph.HE
159,A statistical noise model for a class of Physically Unclonable Functions,Room 10,stat.AP
160,"Dynamic data models: an application of MOP-based persistence in Common
  Lisp",Room 12,cs.SE
161,Direct and Indirect Effects based on Changes-in-Changes,Room 4,econ.EM
162,"Exact traveling wave solutions of 1D parabolic-parabolic models of
  chemotaxis",Room 5,nlin.SI
163,"Proving Noninterference by a Fully Complete Translation to the Simply
  Typed lambda-calculus",Room 12,cs.PL
164,Three Switch Three Phase Inverter With Improved DC Voltage Utilization,Room 10,eess.SY
165,Unbiased Bayes for Big Data: Paths of Partial Posteriors,Room 1,stat.ML
166,Memory Controlled Sequential Self Attention for Sound Recognition,Room 2,eess.AS
167,Model of protein fragments and statistical potentials,Room 8,q-bio.BM
168,"Precision of morphogen-driven tissue patterning during development is
  enhanced through contact-mediated cellular interactions",Room 6,q-bio.TO
169,On Lee Smolin's The Trouble with Physics,Room 11,physics.gen-ph
170,"On the spontaneous time-reversal symmetry breaking in
  synchronously-pumped passive Kerr resonators",Room 8,nlin.PS
171,"Band Gap Formation and Tunability in Stretchable Serpentine
  Interconnects",Room 8,physics.app-ph
172,The inverse problem of differential Galois theory over the field R(z),Room 5,math.CA
173,"Linear-Model-inspired Neural Network for Electromagnetic Inverse
  Scattering",Room 1,eess.IV
174,"Cost-effective Energy Monitoring of a Zynq-based Real-time System
  including dual Gigabit Ethernet",Room 10,eess.SP
175,"A Guide for New Program Committee Members at Theoretical Computer
  Science Conferences",Room 12,cs.GL
176,"A Biomechanical Study on the Use of Curved Drilling Technique for
  Treatment of Osteonecrosis of Femoral Head",Room 11,q-bio.TO
177,The monetary growth order,Room 3,q-fin.GN
178,"The Practice of Ensuring Repeatable and Reproducible Computational
  Models",Room 1,q-bio.OT
179,"Development of Highly Efficient Multi-invariable Wireless Sensor System
  Design for Energy Harvesting",Room 2,eess.SP
180,Teaching and Learning Data Visualization: Ideas and Assignments,Room 12,stat.OT
181,"Fitting and projecting HIV epidemics: Data, structure and parsimony",Room 1,q-bio.QM
182,Fast Density Codes for Image Data,Room 2,cs.NE
183,Feature Dynamic Bayesian Networks,Room 1,cs.AI
184,On $K$-theory automorphisms related to bundles of finite order,Room 7,math.KT
185,"Modeling Covariate Effects in Group Independent Component Analysis with
  Applications to Functional Magnetic Resonance Imaging",Room 1,stat.AP
186,Kriging of financial term-structures,Room 3,q-fin.CP
187,"A Fast, Semi-Automatic Brain Structure Segmentation Algorithm for
  Magnetic Resonance Imaging",Room 2,eess.IV
188,"Can graphene bilayers be the membrane mimetic materials? ""Ion channels""
  in graphene-based nanostructures",Room 8,q-bio.SC
189,"Duality, Ancestral and Diffusion Processes in Models with Selection",Room 6,q-bio.PE
190,"Importance of method validation: Implications of non-correlated
  observables in sweet taste receptor studies",Room 6,q-bio.BM
191,Special embeddings of finite-dimensional compacta in Euclidean spaces,Room 7,math.GN
192,C$^{*}$-bialgebra defined by the direct sum of Cuntz-Krieger algebras,Room 7,math.OA
193,Bottom-up rewriting for words and terms,Room 12,cs.FL
194,"Exponentially Stable Nonlinear Systems have Polynomial Lyapunov
  Functions on Bounded Regions",Room 5,math.CA
195,Relativistic reactions visualized through right triangles in space,Room 5,physics.pop-ph
196,Statechart Verification with iState,Room 12,cs.SE
197,"Large Range of Stability of Larkin-Ovchinnikov States for Imbalanced
  Fermi Gases in Optical Lattices",Room 8,cond-mat.quant-gas
198,Virtual Yang-Baxter cocycle invariants,Room 7,math.GT
199,Solitons with nested structure over finite fields,Room 5,nlin.SI
200,Pure cross-diffusion models: Implications for traveling wave solutions,Room 5,q-bio.PE
201,Shrinkage Estimation and Selection for Multiple Functional Regression,Room 1,stat.ME
202,Optimal Portfolio Using Factor Graphical Lasso,Room 3,econ.EM
203,Molecular Spiders in One Dimension,Room 6,cond-mat.stat-mech
204,Pumping angular momentum by driven chaotic scattering,Room 8,nlin.CD
205,Single Stranded DNA Translocation Through a Fluctuating Nanopore,Room 6,q-bio.SC
206,"Portfolios Generated by Contingent Claim Functions, with Applications to Option Pricing",Room 3,q-fin.PR
207,"Control of large 1D networks of double integrator agents: role of
  heterogeneity and asymmetry on stability margin",Room 10,nlin.AO
208,General notions of depth for functional data,Room 1,stat.ME
209,"The Diskionary: A Glossary of Terms Commonly Used for Disks and Related
  Objects, First Edition",Room 11,astro-ph.SR
210,"Repetitive Dilemma Games in Distribution Information Using Interplay of
  Droop Quota: Meek's Method in Impact of Maximum Compensation and Minimum Cost
  Routes in Information Role of Marginal Contribution in Two-Sided Matching
  Markets",Room 4,econ.GN
211,"Nuclear and Non-Ionizing Energy-Loss for Coulomb Scattered Particles
  from Low Energy up to Relativistic Regime in Space Radiation Environment",Room 11,physics.space-ph
212,"End-to-End Multi-Speaker Speech Recognition using Speaker Embeddings and
  Transfer Learning",Room 12,eess.AS
213,"Assessment of Consumers Awareness of Nutrition, Food Safety and Hygiene
  in the Life Cycle for Sustainable Development of Bangladesh- A Study on
  Sylhet City Corporation",Room 12,econ.GN
214,Closures in Formal Languages and Kuratowski's Theorem,Room 7,cs.CC
215,The drift burst hypothesis,Room 4,econ.EM
216,"DeepCOVIDExplainer: Explainable COVID-19 Diagnosis Based on Chest X-ray
  Images",Room 2,eess.IV
217,Control Theory and Experimental Design in Diffusion Processes,Room 4,stat.ME
218,A Binary Origin for Blue Stragglers in Globular Clusters,Room 12,astro-ph.SR
219,"Efficient, adaptive cross-validation for tuning and comparing models,
  with application to drug discovery",Room 1,stat.AP
220,Nonchaotic Stagnant Motion in a Marginal Quasiperiodic Gradient System,Room 8,nlin.CD
221,"Quantifying immediate price impact of trades based on the $k$-shell
  decomposition of stock trading networks",Room 3,q-fin.TR
222,"Glow-WaveGAN: Learning Speech Representations from GAN-based Variational
  Auto-Encoder For High Fidelity Flow-based Speech Synthesis",Room 2,eess.AS
223,"Integrable generalizations of the two new soliton hierarchies of AKNS
  and KN types associated with $so(3,\mathbb{R})$",Room 5,nlin.SI
224,Intensional view of General Single Processor Operating Systems,Room 10,cs.OS
225,"Modelling Social Evolutionary Processes and Peer Effects in Agricultural
  Trade Networks: the Rubber Value Chain in Indonesia",Room 4,econ.GN
226,Effective high compression of ECG signals at low level distortion,Room 2,eess.SP
227,Chimera death induced by the mean-field diffusive coupling,Room 8,nlin.CD
228,Accurate selfcorrection of errors in long reads using de Bruijn graphs,Room 2,q-bio.GN
229,Constructing word similarities in Meroitic as an aid to decipherment,Room 7,cs.CL
230,Noncommutative Electromagnetism As A Large N Gauge Theory,Room 7,hep-th
231,"Optimal Dividend Distribution Under Drawdown and Ratcheting Constraints
  on Dividend Rates",Room 4,q-fin.MF
232,"On surrogate dimension reduction for measurement error regression: An
  invariance law",Room 1,math.ST
233,"Spectral Representations of Graphons in Very Large Network Systems
  Control",Room 2,eess.SY
234,Harmonic measure and SLE,Room 5,math.CV
235,"S&CNet: Monocular Depth Completion for Autonomous Systems and 3D
  Reconstruction",Room 2,eess.IV
236,"Capturing the Tax-Revenue Bracketing System via a predator-prey model:
  Evidence from South Africa",Room 3,econ.GN
237,"Analysis, Design and Simulation of a New System for Internet Multimedia
  Transmission Guarantee",Room 10,cs.MM
238,"Entiers al\'eatoires, ensembles de Sidon, densit\'e dans le groupe de
  Bohr et ensembles d'analyticit\'e",Room 5,math.CA
239,Generative Reversible Data Hiding by Image to Image Translation via GANs,Room 2,eess.IV
240,On the integration of Poisson homogeneous spaces,Room 7,math.SG
241,Modeling of Ribosome Dynamics on a ds-mRNA under an External Load,Room 8,q-bio.SC
242,"Isolate First, Then Share: a New OS Architecture for Datacenter
  Computing",Room 10,cs.OS
243,Spectral and post-spectral estimators for grouped panel data models,Room 4,econ.EM
244,"Measuring and Analysing Marginal Systemic Risk Contribution using CoVaR:
  A Copula Approach",Room 3,q-fin.RM
245,"The Theory behind Controllable Expressive Speech Synthesis: a
  Cross-disciplinary Approach",Room 2,eess.AS
246,Confounding Equivalence in Causal Inference,Room 4,stat.ME
247,A Concurrent Language with a Uniform Treatment of Regions and Locks,Room 10,cs.PL
248,"One-Time Pad, Arithmetic Coding and Logic Gates: An unifying theme using
  Dynamical Systems",Room 10,nlin.CD
249,Data-Driven Merton's Strategies via Policy Randomization,Room 4,q-fin.PM
250,Quantum ratchet driven by broadband perturbation,Room 8,nlin.CD
251,"Asset liquidation under drift uncertainty and regime-switching
  volatility",Room 3,q-fin.MF
252,"Delay-enhanced coherent chaotic oscillations in networks with large
  disorders",Room 8,nlin.CD
253,Mathematical modelling of nuclear medicine data,Room 1,q-bio.TO
254,"Influence of volatile solids and pH for the production of volatile fatty
  acids: batch fermentation tests using sewage sludge",Room 11,q-bio.OT
255,"Fault Attacks on RSA Public Keys: Left-To-Right Implementations are also
  Vulnerable",Room 12,cs.CR
256,"Optimal Design of a Molecular Recognizer: Molecular Recognition as a
  Bayesian Signal Detection Problem",Room 6,q-bio.MN
257,"Spectral Unmixing: A Derivation of the Extended Linear Mixing Model from
  the Hapke Model",Room 2,eess.IV
258,A Locating Model for Pulmonary Tuberculosis Diagnosis in Radiographs,Room 1,eess.IV
259,"The thermodynamic efficiency of computations made in cells across the
  range of life",Room 10,q-bio.OT
260,High-Dimensional Probability Estimation with Deep Density Models,Room 2,stat.ML
261,"Increasing the Analytical Accessibility of Multishell and Diffusion
  Spectrum Imaging Data Using Generalized Q-Sampling Conversion",Room 2,q-bio.NC
262,"A linear reformulation of the Kuramoto model of self-synchronizing
  oscillators",Room 8,nlin.PS
263,"Segment Aggregation for short utterances speaker verification using raw
  waveforms",Room 2,eess.AS
264,Planetesimal Disk Microlensing,Room 11,astro-ph.EP
265,Background risk and small-stakes risk aversion,Room 3,econ.TH
266,Functional Spatial Autoregressive Models,Room 3,econ.EM
267,Traveling waves of the regularized short pulse equation,Room 8,nlin.PS
268,"Understanding and predicting synthetic lethal genetic interactions in
  Saccharomyces cerevisiae using domain genetic interactions",Room 6,q-bio.MN
269,"Clonal selection prevents tragedy of the commons when neighbors compete
  in a rock-paper-scissors game",Room 4,q-bio.PE
270,"Variational Inference with Numerical Derivatives: variance reduction
  through coupling",Room 2,stat.CO
271,Semi-supervised Acoustic Event Detection based on tri-training,Room 2,eess.AS
272,Multi-Task Policy Search,Room 4,stat.ML
273,"Region of Variability for Spirallike Functions with Respect to a
  Boundary Point",Room 5,math.CV
274,Classifying the Unclassifiables,Room 7,math.LO
275,Solar wind and motion of dust grains,Room 11,astro-ph.EP
276,"Piecemeal Journey To 'HALCYON' World Of Pervasive Computing : From past
  progress to future challenges",Room 11,cs.HC
277,Anyone for chess? Analysing chess ratings above high thresholds,Room 4,stat.OT
278,"TALEs from a spring -- superelasticity of Tal effector protein
  structures",Room 8,q-bio.BM
279,"Forced Evolution in Silico by Artificial Transposons and their Genetic
  Operators: The John Muir Ant Problem",Room 10,cs.NE
280,"Risk-neutral valuation under differential funding costs, defaults and
  collateralization",Room 3,q-fin.PR
281,"Variational Bayesian strategies for high-dimensional, stochastic design
  problems",Room 1,stat.CO
282,"Cluster Synchrony in Systems of Coupled Phase Oscillators with
  Higher-Order Coupling",Room 8,nlin.CD
283,"Analysis of the hierarchical structure of the B. subtilis
  transcriptional regulatory network",Room 6,q-bio.MN
284,Subgroup-Based Adaptive (SUBA) Designs for Multi-Arm Biomarker Trials,Room 2,stat.AP
285,Multi-Accent Adaptation based on Gate Mechanism,Room 12,eess.AS
286,"Distribution Fitting 2. Pearson-Fisher, Kolmogorov-Smirnov,
  Anderson-Darling, Wilks-Shapiro, Cramer-von-Misses and Jarque-Bera statistics",Room 1,stat.ME
287,Nonequilibrium dissipation in living oocytes,Room 6,q-bio.SC
288,Spatial partitioning improves the reliability of biochemical signaling,Room 6,q-bio.MN
289,Stability of strategies in payoff-driven evolutionary games on networks,Room 4,nlin.AO
290,"Adaptive Sequential Posterior Simulators for Massively Parallel
  Computing Environments",Room 1,stat.CO
291,"QM/MM Lineshape Simulation of the Hydrogen-bonded Uracil NH Stretching
  Vibration of the Adenine:Uracil Base Pair in CDCl$_3$",Room 8,physics.chem-ph
292,"Quantitative Imaging of Single, Unstained Viruses with Coherent X-rays",Room 11,physics.bio-ph
293,"Competition between local and nonlocal dissipation effects in
  two-dimensional quantum Josephson junction arrays",Room 8,cond-mat.supr-con
294,Solving Linear System of Equations Via A Convex Hull Algorithm,Room 5,cs.NA
295,Sums of lens spaces bounding rational balls,Room 7,math.GT
296,"More Taxa Are Not Necessarily Better for the Reconstruction of Ancestral
  Character States",Room 6,q-bio.PE
297,"Classification of constant solutions for associative Yang-Baxter
  equation on $gl(3)$",Room 5,nlin.SI
298,Symmetric units in integral group rings,Room 7,math.RA
299,"The three different phases in the dynamics of chemical reaction networks
  and their relationship to cancer",Room 6,q-bio.OT
300,"Coupled Oscillators as a model of Olfactory Network. Importance in
  Pattern Recognition and Classification tasks",Room 8,nlin.AO
301,G3 : GENESIS software envrionment update,Room 4,cs.SD
302,"Proof-of-Work Cryptocurrencies: Does Mining Technology Undermine
  Decentralization?",Room 4,q-fin.TR
303,Lines of minima are uniformly quasi-geodesic,Room 7,math.GT
304,"Safety-Critical Event Triggered Control via Input-to-State Safe Barrier
  Functions",Room 10,eess.SY
305,"Decoding Finger Flexion using amplitude modulation from band-specific
  ECoG",Room 2,cs.HC
306,"On irreducible algebras of conformal endomorphisms over a linear
  algebraic group",Room 7,math.RA
307,Citation Statistics,Room 12,stat.ME
308,"Fault tolerant controller design for a class of affine nonlinear systems
  based on adaptive virtual actuator",Room 10,eess.SY
309,Unpacking the Black Box: Regulating Algorithmic Decisions,Room 4,econ.GN
310,"Optical phase extraction algorithm based on the continuous wavelet and
  the Hilbert transforms",Room 11,cs.CE
311,Hardware In The Loop Simulator in UAV Rapid Development Life Cycle,Room 10,cs.RO
312,"Smiles in Profiles: Improving Efficiency While Reducing Disparities in
  Online Marketplaces",Room 4,econ.GN
313,"Exact solutions for a Solow-Swan model with non-constant returns to
  scale",Room 3,econ.TH
314,New type of anomaly in turbulence,Room 12,nlin.CD
315,SpatEntropy: Spatial Entropy Measures in R,Room 2,stat.CO
316,Tristability in the pendula chain,Room 8,nlin.PS
317,A revision to the theory of organic fiducial inference,Room 1,stat.OT
318,"Geometric scaling: a simple preconditioner for certain linear systems
  with discontinuous coefficients",Room 5,cs.MS
319,Multi-Microphone Complex Spectral Mapping for Speech Dereverberation,Room 2,eess.AS
320,"How to compute the length of a geodesic on a Riemannian manifold with
  small error in arbitrary Sobolev norms",Room 7,math.NA
321,Why are quadratic normal volatility models analytically tractable?,Room 3,q-fin.PR
322,Credit contagion and risk management with multiple non-ordered defaults,Room 3,q-fin.RM
323,Harmonic based model predictive control for set-point tracking,Room 10,eess.SY
324,Bearing-Only Consensus and Formation Control under Directed Topologies,Room 10,eess.SY
325,Chance and necessity in chromosomal gene distributions,Room 6,q-bio.GN
326,"Comparison of Deep Reinforcement Learning and Model Predictive Control
  for Adaptive Cruise Control",Room 2,eess.SY
327,Multi-Level Order-Flow Imbalance in a Limit Order Book,Room 3,q-fin.TR
328,"Linear System Identification via EM with Latent Disturbances and
  Lagrangian Relaxation",Room 1,stat.CO
329,Similar sublattices of planar lattices,Room 7,math.MG
330,"Bayesian estimation of discretely observed multi-dimensional diffusion
  processes using guided proposals",Room 1,stat.CO
331,On the formation of hot DQ white dwarfs,Room 12,astro-ph.SR
332,Analog and Digital Circuit Design in 65 nm CMOS: End of the Road?,Room 10,cs.AR
333,Aronszajn's Criterion for Euclidean Space,Room 5,math.HO
334,Proper holomorphic mapppings between Reinhardt domains in $\mathbb C^2$,Room 7,math.CV
335,Analytic results and weighted Monte Carlo simulations for CDO pricing,Room 3,q-fin.CP
336,"Patterns in the distribution of vegetation in paramo areas:
  heterogeneity and spacial dependence",Room 11,q-bio.QM
337,"A multiscale model of vascular function in chronic thromboembolic
  pulmonary hypertension",Room 1,q-bio.TO
338,"Accurate Transfer Maps for Realistic Beamline Elements: Part I, Straight
  Elements",Room 11,physics.acc-ph
339,"Ground states of Heisenberg evolution operator in discrete
  three-dimensional space-time and quantum discrete BKP equations",Room 5,nlin.SI
340,"Productivity tools to study constrained motion: electrician's approach
  to mechanician's problem",Room 10,physics.ed-ph
341,"Deriving chemosensitivity from cell lines: Forensic bioinformatics and
  reproducible research in high-throughput biology",Room 1,stat.AP
342,"Switching between oscillations and homeostasis in competing negative and
  positive feedback motifs",Room 6,q-bio.MN
343,Robust Utility Maximization in Discrete-Time Markets with Friction,Room 3,q-fin.MF
344,A symbolic calculus for a class of quantum computing circuits,Room 8,cs.ET
345,Upgrade of the Analog Integrator for EAST Device,Room 11,eess.SP
346,"International Stock Market Efficiency: A Non-Bayesian Time-Varying Model
  Approach",Room 3,q-fin.ST
347,"Interaction of Tollmien-Schlichting Waves in the Air with the Sea
  Surface",Room 5,nlin.PS
348,Emergence of collective oscillations in adaptive cells,Room 6,q-bio.CB
349,"Projective modules over noncommutative tori are multi-window Gabor
  frames for modulation spaces",Room 7,math.OA
350,"Auxiliary-variable Exact Hamiltonian Monte Carlo Samplers for Binary
  Distributions",Room 1,stat.CO
351,"Stylized facts of price gaps in limit order books: Evidence from Chinese
  stocks",Room 3,q-fin.TR
352,"Uniform price auctions with pre-announced revenue targets: Evidence from
  China's SEOs",Room 4,econ.GN
353,Timed tuplix calculus and the Wesseling and van den Bergh equation,Room 3,q-fin.GN
354,Automated Chronotyping from a Daily Calendar using Machine Learning,Room 1,q-bio.OT
355,"A geometric realization of the ultradiscrete periodic Toda lattice via
  tropical plane curves",Room 7,nlin.SI
356,Unit Commitment Considering the Impact of Deep Cycling,Room 10,eess.SY
357,Means and Hermite Interpolation,Room 5,math.CA
358,"Laplace, Fourier, and stochastic diffusion",Room 5,math.HO
359,"Discrete- versus continuous-state descriptions of the F1-ATPase
  molecular motor",Room 6,q-bio.SC
360,"The integrals of motion for the elliptic deformation of the Virasoro and
  $W_N$ algebra",Room 7,nlin.SI
361,"Polynomial Weights or Generalized Geometric Weights: Yet Another Scheme
  for Assigning Credits to Multiple Authors",Room 4,cs.DL
362,Double Machine Learning for Time Series,Room 1,econ.EM
363,"Comparing human and automatic thesaurus mapping approaches in the
  agricultural domain",Room 12,cs.DL
364,"Geomagnetic origin of the radio emission from cosmic ray induced air
  showers observed by CODALEMA",Room 11,astro-ph.HE
365,"Welfare effects of information and rationality in portfolio decisions
  under parameter uncertainty",Room 3,q-fin.MF
366,"Upgrading and testing the 3D reconstruction of gamma-ray air showers as
  observed with an array of Imaging Atmospheric Cherenkov telescopes",Room 11,astro-ph.IM
367,"A probabilistic key agreement scheme for sensor networks without key
  predistribution",Room 10,cs.CR
368,Last multipliers for multivectors with applications to Poisson geometry,Room 7,math.DG
369,"A study on the combined interplay between stochastic fluctuations and
  the number of flagella in bacterial chemotaxis",Room 6,q-bio.MN
370,"Influence of nonlinear dissipation and external perturbations onto
  transition scenarious to chaos in Lorenz-Haken system",Room 8,nlin.CD
371,"Al-26 and the formation of the Solar System from a molecular cloud
  contaminated by Wolf-Rayet winds",Room 12,astro-ph.EP
372,Deterministic Secure Positioning in Wireless Sensor Networks,Room 10,cs.CR
373,"Adversarially learning disentangled speech representations for robust
  multi-factor voice conversion",Room 2,eess.AS
374,"IT-map: an Effective Nonlinear Dimensionality Reduction Method for
  Interactive Clustering",Room 2,stat.ML
375,"Towards nonlinear selection of reaction-diffusion patterns in presence
  of advection: A spatial dynamics approach",Room 8,nlin.PS
376,Width and finite extinction time of Ricci flow,Room 7,math.DG
377,"Bayes Shrinkage at GWAS scale: Convergence and Approximation Theory of a
  Scalable MCMC Algorithm for the Horseshoe Prior",Room 1,stat.CO
378,On two problems concerning topological centers,Room 7,math.DS
379,"Optimal Power Flow in Hybrid AC and Multi-terminal HVDC Networks with
  Offshore Wind Farm Integration Based on Semidefinite Programming",Room 10,eess.SY
380,Application of Deep Q-Network in Portfolio Management,Room 3,q-fin.PM
381,Entangling credit and funding shocks in interbank markets,Room 3,q-fin.RM
382,Multifractality of quantum wave packets,Room 5,nlin.CD
383,Bayesian inference for the automultinomial model with an application to landcover data,Room 2,stat.OT
384,"Fashion, Cooperation, and Social Interactions",Room 4,cs.MA
385,The dusty Nebula surrounding HR Car: a Spitzer view,Room 12,astro-ph.GA
386,SPARC: Staking Performance And Reward Coopetition,Room 4,econ.TH
387,"Review of Low Voltage Load Forecasting: Methods, Applications, and
  Recommendations",Room 3,stat.OT
388,Multiple disjunction for spaces of Poincare embeddings,Room 7,math.AT
389,"Blogging in the physics classroom: A research-based approach to shaping
  students' attitudes towards physics",Room 11,physics.ed-ph
390,"Communicative Competencies and the Structuration of Expectations: The
  creative tension between Habermas' critical theory and Luhmann's social
  systems theory",Room 6,nlin.AO
391,Bias-Aware Inference in Regularized Regression Models,Room 4,econ.EM
392,A Tutorial on Bridge Sampling,Room 1,stat.CO
393,Optimal execution and block trade pricing: a general framework,Room 3,q-fin.TR
394,Hemoglobin Strain Field Waves and Allometric Functionality,Room 8,q-bio.BM
395,Compatibility studies of loquat scions with loquat and quince rootstocks,Room 11,q-bio.OT
396,High-performance Decoder for Convolutional Code with Deep Neural Network,Room 2,eess.SP
397,The energy of muscle contraction. II. Transverse compression and work,Room 11,q-bio.TO
398,Detection of Crashes and Rebounds in Major Equity Markets,Room 3,q-fin.GN
399,Optimal regularity for planar mappings of finite distortion,Room 5,math.CV
400,Rational Models for Inflation-Linked Derivatives,Room 3,q-fin.PR
401,Speaker embeddings by modeling channel-wise correlations,Room 2,eess.AS
402,Optimal transport for model calibration,Room 3,q-fin.MF
403,"Simultaneous confidence bands for nonparametric regression with
  functional data",Room 1,stat.ME
404,Generalized Bounded Variation and Inserting point masses,Room 5,math.CA
405,"Complementary Fractional Dimensional Order of Nyquist Sinc Sequences for
  Time Division Multiplexing",Room 5,eess.SP
406,"Keeping up with ""The Joneses"": reference dependent choice with social
  comparisons",Room 4,econ.TH
407,"Comment on ""Steady-state fluctuations of a genetic feedback loop: an
  exact solution"" [J. Chem. Phys. {\bf 137}, 035104 (2012).]",Room 6,q-bio.SC
408,Crude oil price forecasting incorporating news text,Room 2,q-fin.ST
409,"Role of Particle Interactions in the Feshbach Conversion of Fermion
  Atoms to Bosonic Molecules",Room 8,cond-mat.mes-hall
410,Chemical Yields from Supernovae and Hypernovae,Room 12,astro-ph.SR
411,"A probability-free and continuous-time explanation of the equity premium
  and CAPM",Room 3,q-fin.MF
412,4D X-Ray CT Reconstruction using Multi-Slice Fusion,Room 2,eess.IV
413,An Answer to Multiple Problems with Analysis of Data on Harms?,Room 1,stat.ME
414,"An Efficient Secure Multimodal Biometric Fusion Using Palmprint and Face
  Image",Room 1,cs.CV
415,"Calculating the Charged Particle Stopping Power Exactly to Leading and
  Next-to-leading Order",Room 11,physics.plasm-ph
416,"A PMU Based Islanding Detection Scheme Immune to Additive
  Instrumentation Channel Errors",Room 10,eess.SY
417,"Evolving Dynamic Change and Exchange of Genotype Encoding in Genetic
  Algorithms for Difficult Optimization Problems",Room 10,cs.NE
418,Rethinking the Separation Layers in Speech Separation Networks,Room 2,eess.AS
419,"Hypergeometric Solutions of the $A_4^{(1)}$-Surface $q$-Painlev\'e IV
  Equation",Room 5,nlin.SI
420,"Interbreeding conditions for explaining Neandertal DNA in living humans:
  the nonneutral case",Room 11,q-bio.PE
421,An end-to-end assembly of the Aedes aegypti genome,Room 6,q-bio.GN
422,"An Extended Laplace Approximation Method for Bayesian Inference of
  Self-Exciting Spatial-Temporal Models of Count Data",Room 2,stat.CO
423,Decay of superfluid currents in the interacting one-dimensional Bose gas,Room 8,cond-mat.quant-gas
424,Gas Dynamic Virtual Nozzle for Generation of Microscopic Droplet Streams,Room 8,physics.bio-ph
425,"Bi-Directional Lattice Recurrent Neural Networks for Confidence
  Estimation",Room 2,eess.AS
426,"Detection and Detectability of Intermittent Faults Based on Moving
  Average T2 Control Charts with Multiple Window Lengths",Room 1,eess.SY
427,"Chaos synchronization in networks of coupled maps with time-varying
  topologies",Room 6,nlin.CD
428,"Compact differences of composition operators from Bloch space to bounded
  holomorphic function space in the Polydisc",Room 7,math.FA
429,Energy of tsunami waves generated by bottom motion,Room 5,physics.ao-ph
430,The Level-0 Muon Trigger for the LHCb Experiment,Room 11,physics.ins-det
431,"A Robust Approach for Identifying Gene-Environment Interactions for
  Prognosis",Room 2,stat.AP
432,Orientation Sensitive Terahertz Resonances Observed in Protein Crystals,Room 11,q-bio.BM
433,"An Algorithm for Computing the Distribution Function of the Generalized
  Poisson-Binomial Distribution",Room 1,stat.CO
434,"Uniform Convergence of the Spectral Expansion for a Differential
  Operator with Periodic Matrix Coefficients",Room 5,math.SP
435,Quantization goes Polynomial,Room 12,q-fin.PR
436,"The Kuramoto model of coupled oscillators with a bi-harmonic coupling
  function",Room 8,nlin.CD
437,"A Hierarchical Framework for Ambient Signals based Load Modeling with
  Exploring the Hidden Quasi-convexity",Room 3,eess.SY
438,Stochastic origin of Gompertzian growths,Room 5,q-bio.QM
439,Consistent Riccati Expansion and Solvability,Room 12,nlin.SI
440,"Intra-class variation reduction of speaker representation in
  disentanglement framework",Room 2,eess.AS
441,"Stochastic Differential Games with Reflection and Related Obstacle
  Problems for Isaacs Equations",Room 4,math.PR
442,"Identification and Estimation of Nonseparable Triangular Equations with
  Mismeasured Instruments",Room 4,econ.EM
443,Tractability and Phase Transitions in Endogenous Network Formation,Room 4,econ.TH
444,"Induced Periosteum-Mimicking Membrane with Cell Barrier and
  Multipotential Stromal Cell (MSC) Homing Functionalities",Room 6,q-bio.TO
445,A ratchet mechanism for amplification in low-frequency mammalian hearing,Room 2,q-bio.NC
446,A biomimetic kidney tubule model,Room 6,q-bio.TO
447,End-to-End Multi-Look Keyword Spotting,Room 2,eess.AS
448,Training Keyword Spotting Models on Non-IID Data with Federated Learning,Room 12,eess.AS
449,"Improving localization-based approaches for breast cancer screening exam
  classification",Room 2,eess.IV
450,"Nonlinear preferential rewiring in fixed-size networks as a diffusion
  process",Room 6,nlin.AO
451,"Nonrelativistic, Quasirelativistic and Relativistic Sets of Wave
  Functions, and Slater Orbitals of Particles with Arbitrary Spin",Room 8,physics.chem-ph
452,"Clustering by soft-constraint affinity propagation: Applications to
  gene-expression data",Room 2,q-bio.QM
453,Developing E-Learning Materials for Software Development Course,Room 12,cs.CY
454,Special section on statistics in the atmospheric sciences,Room 1,stat.AP
455,Are Markov Models Effective for Storage Reliability Modelling?,Room 1,cs.PF
456,"Practical large-scale spatio-temporal modeling of particulate matter
  concentrations",Room 1,stat.AP
457,Occupational segregation in a Roy model with composition preferences,Room 4,econ.TH
458,The Reactive Volatility Model,Room 3,q-fin.ST
459,Reading Dependencies from Covariance Graphs,Room 1,stat.ML
460,"The G\""{a}rtner-Ellis theorem, homogenization, and affine processes",Room 3,q-fin.MF
461,Next-Generation Conflict Forecasting: Unleashing Predictive Patterns through Spatiotemporal Learning,Room 1,stat.OT
462,"Liquid State Machines in Adbiatic Quantum Computers for General
  Computation",Room 12,cs.CC
463,"Rapid simulation of protein motion: merging flexibility, rigidity and
  normal mode analyses",Room 8,q-bio.BM
464,"Variance Estimation Using Refitted Cross-validation in Ultrahigh
  Dimensional Regression",Room 1,stat.ME
465,"Factorization, reduction and embedding in integrable cellular automata",Room 5,nlin.CG
466,"Automatic sensor-based detection and classification of climbing
  activities",Room 1,stat.AP
467,A conjugate prior for discrete hierarchical log-linear models,Room 1,math.ST
468,"Active metamaterials: sign of refraction index and gain-assisted
  dispersion management",Room 11,physics.optics
469,"Breathers for the Discrete Nonlinear Schr\""odinger equation with
  nonlinear hopping",Room 8,nlin.PS
470,The Top-K Tau-Path Screen for Monotone Association,Room 1,stat.AP
471,"High-order chromatin architecture determines the landscape of
  chromosomal alterations in cancer",Room 6,q-bio.GN
472,SWI-Prolog,Room 7,cs.PL
473,Optimal Order Scheduling for Deterministic Liquidity Patterns,Room 3,q-fin.TR
474,"Efficient Computation of Confidence Sets Using Classification on
  Equidistributed Grids",Room 2,econ.EM
475,"Sensitivity Analysis of the Orthoglide, a 3-DOF Translational Parallel
  Kinematic Machine",Room 12,cs.RO
476,A spectacular giant arc in the massive cluster lens MACSJ1206.2-0847,Room 12,astro-ph.HE
477,"Optimal Pricing of Cloud Services: Committed Spend under Demand
  Uncertainty",Room 4,econ.TH
478,Estimating within-household contact networks from egocentric data,Room 12,stat.AP
479,"Multirate 5G Downlink Performance Comparison for f-OFDM and w-OFDM
  Schemes with Different Numerologies",Room 10,eess.SP
480,"Kleene, Rogers and Rice Theorems Revisited in C and in Bash",Room 10,cs.LO
481,"Estimation of extended mixed models using latent classes and latent
  processes: the R package lcmm",Room 1,stat.CO
482,"RespNet: A deep learning model for extraction of respiration from
  photoplethysmogram",Room 2,eess.SP
483,A time-domain nearfield frequency-invariant beamforming method,Room 2,eess.AS
484,Tri-crystal fixed exit monochromator,Room 11,physics.ins-det
485,"Fast Hybrid PSO and Tabu Search Approach for Optimization of a Fuzzy
  Controller",Room 10,cs.SY
486,Switchable Genetic Oscillator Operating in Quasi-Stable Mode,Room 6,q-bio.MN
487,"Topological atlas of the Kowalevski--Yehia gyrostat: analytical results
  and topological analysis",Room 5,nlin.SI
488,Shaping Robust System through Evolution,Room 6,q-bio.PE
489,Robust Regulation of Labour Contracts,Room 4,econ.TH
490,A Bayesian approach to the linking of key comparisons,Room 1,stat.AP
491,"Mr.Keynes and the... Complexity! A suggested agent-based version of the
  General Theory of Employment, Interest and Money",Room 4,econ.TH
492,A Complete Scheme of Ionization Cooling for a Muon Collider,Room 11,physics.acc-ph
493,Dividend maximization in a hidden Markov switching model,Room 4,q-fin.MF
494,Space Efficient Secret Sharing: A Recursive Approach,Room 10,cs.CR
495,"PrecoG: an efficient unitary split preconditioner for the
  transform-domain LMS filter via graph Laplacian regularization",Room 1,eess.SP
496,Mapping the geometry of the F4 group,Room 7,math-ph
497,Geometric structure of class two nilpotent groups and subgroup growth,Room 7,math.GR
498,"Pulmonary drug delivery and retention: a computational study to identify
  plausible parameters based on a coupled airway-mucus flow model",Room 11,q-bio.TO
499,Quantitative Trading using Deep Q Learning,Room 3,q-fin.TR
500,Semi Markov model for market microstructure,Room 4,q-fin.TR
501,Theory of earthquakes interevent times applied to financial markets,Room 3,q-fin.ST
502,"Three faces of metabolites: Pathways, localizations and network
  positions",Room 6,q-bio.MN
503,"Effect of Copper Chemical Form on The Growth of Pseudomonas aeruginosa
  Isolated from Burned Patients and on Its Cu Uptake",Room 11,q-bio.OT
504,"Macroscopic and Microscopic Spectral Properties of Multilayer Brain
  Networks during Local and Global Synchronization",Room 6,nlin.PS
505,Equivariant K-theory and the Chern character for discrete groups,Room 7,math.KT
506,"The modulus of continuity of Wegner estimates for random Schr\""odinger
  operators on metric graphs",Room 7,math.SP
507,A Longitudinal Study of Social Media Privacy Behavior,Room 4,cs.SI
508,Steady-state MreB helices inside bacteria: dynamics without motors,Room 8,q-bio.SC
509,Iterated distributive laws,Room 7,math.CT
510,Stabilizing Welfare-Maximizing Decisions via Endogenous Transfers,Room 4,econ.TH
511,"Analysis of the tradeoff between health and economic impacts of the
  Covid-19 epidemic",Room 4,econ.GN
512,Boundary Layer Turbulence Index: Progress and Recent Developments,Room 5,physics.ao-ph
513,Optimal flexibility for conformational transitions in macromolecules,Room 8,q-bio.BM
514,"A note on state space representations of locally stationary wavelet time
  series",Room 3,stat.ME
515,Isometries for the Caratheodory Metric,Room 7,math.FA
516,"Statistical advances and challenges for analyzing correlated high
  dimensional SNP data in genomic study for complex diseases",Room 2,stat.AP
517,A finiteness theorem for dual graphs of surface singularities,Room 7,math.CV
518,"Modeling self-organizing traffic lights with elementary cellular
  automata",Room 10,nlin.CG
519,Cusps of Hilbert modular varieties,Room 7,math.GT
520,"Cross-Modality Distillation: A case for Conditional Generative
  Adversarial Networks",Room 2,eess.IV
521,Low complexity online convolutional beamforming,Room 2,eess.AS
522,Derivation of non-classical stochastic price dynamics equations,Room 3,econ.TH
523,"Improving Inference from Simple Instruments through Compliance
  Estimation",Room 1,econ.EM
524,"Bounding Multivariate Trigonometric Polynomials with Applications to
  Filter Bank Design",Room 10,eess.SP
525,"International Spillovers of ECB Interest Rates: Monetary Policy &
  Information Effects",Room 3,econ.GN
526,High-Dimensional Sparse Additive Hazards Regression,Room 2,stat.ME
527,"The duality of spatial death-birth and birth-death processes and
  limitations of the isothermal theorem",Room 6,q-bio.QM
528,"Glidar3DJ: A View-Invariant gait identification via flash lidar data
  correction",Room 2,eess.IV
529,Feasible Sets and the Transformation of Values,Room 4,econ.TH
530,GREGoR: Accelerating Genomics for Rare Diseases,Room 2,q-bio.OT
531,"Learning Shared Encoding Representation for End-to-End Speech
  Recognition Models",Room 2,eess.AS
532,"Estimating value at risk and conditional tail expectation for extreme
  and aggregate risks",Room 3,q-fin.RM
533,"TalkNet 2: Non-Autoregressive Depth-Wise Separable Convolutional Model
  for Speech Synthesis with Explicit Pitch and Duration Prediction",Room 2,eess.AS
534,Industry Characteristics and Financial Risk Spillovers,Room 3,q-fin.RM
535,"Multiscale metabolic modeling of C4 plants: connecting nonlinear
  genome-scale models to leaf-scale metabolism in developing maize leaves",Room 6,q-bio.MN
536,Incoherent non-Fermi liquid scattering in a Kondo lattice,Room 8,cond-mat.str-el
537,"A new hybrid approach for crude oil price forecasting: Evidence from
  multi-scale data",Room 2,q-fin.ST
538,"On the Selection of Tuning Methodology of FOPID Controllers for the
  Control of Higher Order Processes",Room 5,cs.SY
539,"Direct Numerical Simulation of structural vacillation in the transition
  to geostrophic turbulence",Room 8,physics.geo-ph
540,Asset Prices with Investor Protection and Past Information,Room 3,q-fin.PR
541,Analysis of two step nilsequences,Room 7,math.DS
542,"A Lohner-type algorithm for control systems and ordinary differential
  inclusions",Room 5,math.DS
543,Diffusion of Confidential Information on Networks,Room 4,cs.SI
544,"Binary regression analysis with network structure of respondent-driven
  sampling data",Room 1,stat.AP
545,Roommates with Convex Preferences,Room 4,econ.TH
546,In praise of the referee,Room 12,stat.OT
547,"Business and consumer uncertainty in the face of the pandemic: A sector
  analysis in European countries",Room 3,econ.GN
548,"Provenance of Lyfe: Chemical Autonomous Agents Surviving through
  Associative Learning",Room 6,nlin.AO
549,"Automorphisms and Verma modules for Generalized Schr\""{o}dinger-Virasoro
  algebras",Room 7,math.QA
550,Detect & Describe: Deep learning of bank stress in the news,Room 2,q-fin.CP
551,Characteristics Design: A Hedonic Approach to Optimal Product Differentiation,Room 4,econ.TH
552,"Probabilistic Flight Envelope Estimation with Application to Unstable
  Overactuated Aircraft",Room 1,eess.SY
553,Development of Choice Model for Brand Evaluation,Room 1,econ.EM
554,"Methods of Modern Differential Geometry in Quantum Chemistry: TD
  Theories on Grassmann and Hartree-Fock Manifolds",Room 5,physics.chem-ph
555,"Mantis: Predicting System Performance through Program Analysis and
  Modeling",Room 12,cs.PF
556,Fermi Gamma-ray Space Telescope Observations of Gamma-ray Pulsars,Room 11,astro-ph.GA
557,Progress in number theory in the years 1998-2009,Room 7,math.HO
558,"Generalization of the Kuramoto model to the Winfree model by a symmetry
  breaking coupling",Room 8,nlin.AO
559,Bounds on Negativity of Superpositions,Room 5,quant-ph
560,"Deep Encoder-Decoder Models for Unsupervised Learning of Controllable
  Speech Synthesis",Room 2,eess.AS
561,A Performance Study of GA and LSH in Multiprocessor Job Scheduling,Room 10,cs.PF
562,Person Recognition using Smartphones' Accelerometer Data,Room 1,eess.SP
563,"On the Outage Capacity of a Practical Decoder Accounting for Channel
  Estimation Inaccuracies",Room 1,cs.IT
564,"Explicit expressions for European option pricing under a generalized
  skew normal distribution",Room 3,q-fin.PR
565,"Vitamin D sensitivity to the immune responses and autoimmunity: A
  chemical network model study",Room 6,q-bio.MN
566,Vaccine allocation to blue-collar workers,Room 4,econ.GN
567,"$\mathbb{Z}_{2}^{2}$-cordiality of complete and complete bipartite
  graphs",Room 7,math.CO
568,Universal Metadata Standard,Room 1,cs.DL
569,"Increasing the number of fibered faces of arithmetic hyperbolic
  3-manifolds",Room 7,math.GT
570,"Asset volatility forecasting:The optimal decay parameter in the EWMA
  model",Room 3,econ.EM
571,Ordered Probabilistic Choice,Room 3,econ.TH
572,Gyrosonics a Novel Stimulant for Autonomic Nervous System,Room 2,physics.med-ph
573,Circulant Binary Embedding,Room 2,stat.ML
574,Argudas: arguing with gene expression information,Room 2,cs.CE
575,"Real-time Inflation Forecasting Using Non-linear Dimension Reduction
  Techniques",Room 3,econ.EM
576,The Market Maker's Dilemma: Navigating the Fill Probability vs. Post-Fill Returns Trade-Off,Room 4,q-fin.TR
577,"Statistical Analysis of Crossed Undulator for Polarization Control in a
  SASE FEL",Room 8,physics.acc-ph
578,"On Transfer Learning For Chatter Detection in Turning Using Wavelet
  Packet Transform and Empirical Mode Decomposition",Room 2,eess.SP
579,"An Epistemic Approach to Coercion-Resistance for Electronic Voting
  Protocols",Room 10,cs.CR
580,Epigenetic Tracking: Implementation Details,Room 6,nlin.AO
581,The anti-Bayesian moment and its passing,Room 1,stat.OT
582,"Waveguide-Fed Lens Based Beam-Steering Antenna For 5G Wireless
  Communications",Room 11,eess.SP
583,On beta-skeleton automata with memory,Room 5,cs.ET
584,Debreu's open gap lemma for semiorders,Room 4,econ.TH
585,Two Level Nested and Sequential Logit,Room 4,econ.EM
586,Balance of forces in simulated bilayers,Room 8,cond-mat.soft
587,Unique Stable Matchings,Room 4,econ.TH
588,An analytic physically motivated model of the mammalian cochlea,Room 2,q-bio.TO
589,"Evaluation of the Axial Vector Commutator Sum Rule for Pion-Pion
  Scattering",Room 5,hep-ph
590,Combinatorics of generalized Bethe equations,Room 5,nlin.SI
591,An Efficient Descriptor Model for Designing Materials for Solar Cells,Room 8,physics.app-ph
592,"The physical origin of aneurysm growth, dissection, and rupture",Room 2,q-bio.TO
593,"Analyzing LC-MS/MS data by spectral count and ion abundance: two case
  studies",Room 6,stat.AP
594,Renormalized transport of inertial particles in surface flows,Room 8,nlin.CD
595,"Absentee and Economic Impact of Low-Level Fine Particulate Matter and
  Ozone Exposure in K-12 Students",Room 4,econ.GN
596,Cellular automaton model of self-healing,Room 6,nlin.CG
597,"Fast, scalable, Bayesian spike identification for multi-electrode arrays",Room 2,q-bio.NC
598,The Geometry of Generalized Binary Search,Room 1,stat.ML
599,"Discussion of: A statistical analysis of multiple temperature proxies:
  Are reconstructions of surface temperatures over the last 1000 years
  reliable?",Room 11,stat.AP
600,"Two integrable differential-difference equations derived from NLS-type
  equation",Room 5,nlin.SI
601,"On the relation between Sion's minimax theorem and existence of Nash
  equilibrium in asymmetric multi-players zero-sum game with only one alien",Room 4,econ.EM
602,"First-principles calculation of DNA looping in tethered particle
  experiments",Room 8,q-bio.BM
603,Equivariant Lefschetz number of differential operators,Room 7,math.QA
604,"Global Public Sentiment on Decentralized Finance: A Spatiotemporal
  Analysis of Geo-tagged Tweets from 150 Countries",Room 3,econ.GN
605,Grid Transmission Evaluation for Solar Deployment and Data Center Growth,Room 10,stat.OT
606,"A growth model driven by curvature reproduces geometric features of
  arboreal termite nests",Room 6,nlin.AO
607,"Evaluation of Coordination Techniques in Synchronous Collaborative
  Information Retrieval",Room 1,cs.IR
608,"Can I invest in Metaverse? The effect of obtained information and
  perceived risk on purchase intention by the perspective of the information
  adoption model",Room 4,econ.GN
609,"Investigation of particle and molecular extinction effects in remote
  sensing by ultraviolet DIAL in the lower atmosphere",Room 11,physics.ao-ph
610,"An Evidence of Link between Default and Loss of Bank Loans from the
  Modeling of Competing Risks",Room 3,stat.AP
611,"DepthProc An R Package for Robust Exploration of Multidimensional
  Economic Phenomena",Room 1,stat.CO
612,Calculations of System Adequacy Considering Heat Transition Pathways,Room 4,eess.SY
613,Discriminatively Re-trained i-vector Extractor for Speaker Recognition,Room 2,eess.AS
614,"A Leaf Recognition Algorithm for Plant Classification Using
  Probabilistic Neural Network",Room 1,cs.AI
615,"A Fast Hierarchical Multilevel Image Segmentation Method using Unbiased
  Estimators",Room 1,cs.CV
616,Repairing Inconsistent XML Write-Access Control Policies,Room 7,cs.DB
617,Functional Linear Projection and Impulse Response Analysis,Room 1,econ.EM
618,"Data-driven wavelet-Fisz methodology for nonparametric function
  estimation",Room 1,math.ST
619,Replicators in Fine-grained Environment: Adaptation and Polymorphism,Room 4,q-bio.PE
620,High Precision Variational Bayesian Inference of Sparse Linear Networks,Room 6,eess.SY
621,Quantum networks modelled by graphs,Room 7,math-ph
622,Hierarchical Deep Reinforcement Learning for VWAP Strategy Optimization,Room 3,q-fin.TR
623,A homotopy method for finding eigenvalues and eigenvectors,Room 5,math.FA
624,"Suppressing birhythmicity by parametrically modulating nonlinearity in
  limit cycle oscillators",Room 8,nlin.AO
625,"Between the Information Economy and Student Recruitment: Present
  Conjuncture and Future Prospects",Room 4,cs.CY
626,"Tuning parameter selection for penalized likelihood estimation of
  inverse covariance matrix",Room 1,stat.ME
627,Retirement spending and biological age,Room 4,q-fin.MF
628,Concerning the Feasibility of Example-driven Modelling Techniques,Room 12,cs.HC
629,Modeling metaorder impact with a Non-Markovian Zero Intelligence model,Room 3,q-fin.TR
630,Tight Bounds for Hashing Block Sources,Room 5,cs.DS
631,A Deep Representation for Invariance And Music Classification,Room 2,cs.SD
632,Scaling of Tropical-Cyclone Dissipation,Room 11,physics.ao-ph
633,Search for Gamma-Ray Burst Classes with the RHESSI Satellite,Room 11,astro-ph.HE
634,"Many-to-Many Voice Conversion using Cycle-Consistent Variational
  Autoencoder with Multiple Decoders",Room 2,eess.AS
635,Fault-tolerant Cooperative Tasking for Multi-agent Systems,Room 10,cs.SY
636,"Nonparametric Bayesian label prediction on a large graph using truncated
  Laplacian regularization",Room 1,stat.CO
637,"A fast compression-based similarity measure with applications to
  content-based image retrieval",Room 2,stat.ML
638,Distributions vectorielles homog\`enes sur une alg\`ebre de Jordan,Room 7,math.FA
639,"Chromatic PAC-Bayes Bounds for Non-IID Data: Applications to Ranking and
  Stationary $\beta$-Mixing Processes",Room 1,cs.LG
640,Analysis and Design of Nonuniform Arrays for Direction Finding,Room 1,eess.SP
641,"A Numerical Assessment for Predicting Human Development Index (HDI)
  Trends in the GCC Countries",Room 12,econ.GN
642,Rolling of Coxeter polyhedra along mirrors,Room 7,math.MG
643,"The new integrable deformations of short pulse equation and sine-Gordon
  equation, and their solutions",Room 5,nlin.SI
644,A Bayesian Redesign of the First Probability/Statistics Course,Room 12,stat.OT
645,Long's Equation in Terrain Following Coordinates,Room 5,physics.geo-ph
646,"H-infinity Strong Stabilization via HIFOO, a Package for Fixed-Order
  Controller Design",Room 12,eess.SY
647,"ElasticPath2Path: Automated morphological classification of neurons by
  elastic path matching",Room 2,eess.IV
648,"Uniform Bahadur Representation for Local Polynomial Estimates of
  M-Regression and Its Application to The Additive Model",Room 1,math.ST
649,Linear Credit Risk Models,Room 3,q-fin.MF
650,"Variations of selective separability II: discrete sets and the influence
  of convergence and maximality",Room 7,math.GN
651,A Unified Mathematical Language for Medicine and Science,Room 6,q-bio.QM
652,The model equation of soliton theory,Room 7,nlin.SI
653,Algebraic Cycles and Mumford-Griffiths Invariants,Room 7,math.AG
654,Fully distributed and fault tolerant task management based on diffusions,Room 10,cs.DC
655,"Safeguarding Old and New Journal Tables for the VO: Status for
  Extragalactic and Radio Data",Room 11,astro-ph.IM
656,"Generalization of Einstein-Lovelock theory to higher order dilaton
  gravity",Room 11,hep-th
657,"Object Classification by means of Multi-Feature Concept Learning in a
  Multi Expert-Agent System",Room 1,cs.MA
658,Critique of some thermodynamic proofs based on the pump-engine couple,Room 3,physics.chem-ph
659,Desargues maps and their reductions,Room 5,nlin.SI
660,Disclosure and Incentives in Teams,Room 4,econ.TH
661,Interpolation of Shifted-Lacunary Polynomials,Room 10,cs.SC
662,What do surveys say about the trend in inequality and the applicability of two table-transformation methods?,Room 1,econ.GN
663,"Quasi Equilibrium Grid Algorithm: geometric construction for model
  reduction",Room 6,cond-mat.stat-mech
664,"A second look at the Gaussian semiclassical soliton ensemble for the
  focusing nonlinear Schr\""odinger equation",Room 5,nlin.SI
665,On the N-Solitons Solutions in the Novikov-Veselov Equation,Room 5,nlin.SI
666,An Implementation Approach to Rotation Programs,Room 10,econ.TH
667,"Transmission of market orders through communication line with
  relativistic delay",Room 4,q-fin.TR
668,"Real embeddings, eta invariant and Chern-Simons current",Room 7,math.DG
669,"Non-Associativity of Lorentz Transformation and Associative Reflection
  Symmetric Transformation",Room 11,math-ph
670,Non-Stationarity in Financial Time Series and Generic Features,Room 4,q-fin.ST
671,"Optimal cytoplasmatic density and flux balance model under
  macromolecular crowding effects",Room 6,q-bio.MN
672,On derived equivalence classification of gentle two-cycle algebras,Room 7,math.RT
673,"Using time-delayed mutual information to discover and interpret temporal
  correlation structure in complex populations",Room 6,nlin.CD
674,"Hedging and machine learning driven crude oil data analysis using a
  refined Barndorff-Nielsen and Shephard model",Room 3,q-fin.MF
675,Detecting change-points in a discrete distribution via model selection,Room 1,math.ST
676,Simultaneous SNP identification in association studies with missing data,Room 2,stat.AP
677,Driven synchronization in random networks of oscillators,Room 8,nlin.AO
678,Metrics for Video Quality Assessment in Mobile Scenarios,Room 2,cs.MM
679,"The influence of bone surface availability in bone remodelling - A
  mathematical model including coupled geometrical and biomechanical
  regulations of bone cells",Room 11,q-bio.TO
680,"An Adiabatic Invariant Approach to Transverse Instability: Landau
  Dynamics of Soliton Filaments",Room 5,nlin.PS
681,A De Vries-type Duality Theorem for Locally Compact Spaces -- II,Room 7,math.GN
682,"On The Differences Between Song and Speech Emotion Recognition: Effect
  of Feature Sets, Feature Types, and Classifiers",Room 2,eess.AS
683,"Comment on ""Chiral Suppression of Scalar Glueball Decay""",Room 12,hep-ph
684,Across and beyond the cell are peptide strings,Room 6,q-bio.SC
685,"Visualization and comparison of classical structures and quantum states
  of 4D maps",Room 5,nlin.CD
686,Dollar Cost Averaging Returns Estimation,Room 3,q-fin.MF
687,Regularized Matrix Regression,Room 2,stat.ME
688,"Characterizing arbitrarily slow convergence in the method of alternating
  projections",Room 5,math.FA
689,"An application of linear programming duality to discrete Fourier
  analysis and additive problems",Room 7,math.CO
690,"Viscosity characterization of the value function of an
  investment-consumption problem in presence of illiquid assets",Room 4,q-fin.PM
691,Analysis of the Metabolic Profile and Biological Activity of Hawthorn Species Twigs: Crataegus azarolus and Crataegus monogyna,Room 11,q-bio.OT
692,Strategically Simple Mechanisms,Room 4,econ.TH
693,Understanding Smart Contracts: Hype or Hope?,Room 4,q-fin.CP
694,Large Structural VARs with Multiple Sign and Ranking Restrictions,Room 3,econ.EM
695,On two conjectures for curves on $K3$ surfaces,Room 7,math.AG
696,Closed manifolds with transcendental L2-Betti numbers,Room 7,math.KT
697,Ion mediated cross-shield driven mucous swelling kinetics,Room 11,q-bio.SC
698,"Interplay Between Homophily-Based Appraisal Dynamics and Influence-Based
  Opinion Dynamics: Modeling and Analysis",Room 1,eess.SY
699,Pricing and Hedging in Affine Models with Possibility of Default,Room 3,q-fin.PR
700,"The Scaling of Chaos vs Periodicity: How Certain is it that an Attractor
  is Chaotic?",Room 8,nlin.CD
701,"Determination of the Defining Boundary in Nuclear Magnetic Resonance
  Diffusion Experiments",Room 2,physics.med-ph
702,A Characterization of Egalitarian and Proportional Sharing Principles: An Efficient Extension Operator Approach,Room 4,econ.TH
703,"Development of a Home Automation System Using Wireless Sensor/Actuator
  Nodes",Room 2,eess.SP
704,Multi-Sensor Conflict Measurement and Information Fusion,Room 10,eess.SP
705,"Simulation study of the two-dimensional Burridge-Knopoff model of
  earthquakes",Room 1,cond-mat.other
706,Superconductor-insulator duality for the array of Josephson wires,Room 8,cond-mat.supr-con
707,Economic Cycles of Carnot Type,Room 3,q-fin.GN
708,Market forecasting using Hidden Markov Models,Room 3,stat.ML
709,Systemic Risk and Stochastic Games with Delay,Room 3,q-fin.MF
710,"Gauge Invariance, Geometry and Arbitrage",Room 3,q-fin.PR
711,"An algorithm to compute the power of Monte Carlo tests with guaranteed
  precision",Room 1,stat.CO
712,Scientific Evidence for Hydrostatic Shock,Room 11,physics.med-ph
713,"Estimation of Microphone Clusters in Acoustic Sensor Networks using
  Unsupervised Federated Learning",Room 2,eess.AS
714,Markov Random Field Segmentation of Brain MR Images,Room 2,cs.CV
715,A few statistical principles for data science,Room 2,stat.OT
716,"Physics-Based Iterative Reconstruction for Dual Source and Flying Focal
  Spot Computed Tomography",Room 2,eess.IV
717,"Strategy abundance in evolutionary many-player games with multiple
  strategies",Room 4,q-bio.PE
718,The area of a sector at centre of a planar quadric,Room 5,math.HO
719,A simplified Capital Asset Pricing Model,Room 3,q-fin.PM
720,Characterizing the Robustness of Complex Networks,Room 10,cs.NI
721,"Extension of Three-Variable Counterfactual Casual Graphic Model: from
  Two-Value to Three-Value Random Variable",Room 1,stat.ME
722,"Chronic Diseases and Biorhythm's Phase-Shift Dynamic. Lyapounov Criteria
  for Health Stability",Room 6,nlin.AO
723,"A New Dynamic Round Robin and SRTN Algorithm with Variable Original Time
  Slice and Intelligent Time Slice for Soft Real Time Systems",Room 10,cs.OS
724,Well-posedness and scattering for the KP-II equation in a critical space,Room 12,math.AP
725,Predicting Knot or Catenane Type of Site-Specific Recombination Products,Room 8,q-bio.BM
726,"Competing mechanisms of stress-assisted diffusivity and
  stretch-activated currents in cardiac electromechanics",Room 2,q-bio.TO
727,"Risk as Challenge: A Dual System Stochastic Model for Binary Choice
  Behavior",Room 4,econ.GN
728,Fake Date Tests: Can We Trust In-sample Accuracy of LLMs in Macroeconomic Forecasting?,Room 1,econ.EM
729,State and history in operating systems,Room 10,cs.SE
730,"The Quotient of Normal Random Variables And Application to Asset Price
  Fat Tails",Room 3,q-fin.MF
731,"Sampling Schemes for Accurate Reconstruction and Computation of
  Performance Parameters of Antenna Radiation Pattern",Room 11,eess.SP
732,"From Qualitative to Quantitative Proofs of Security Properties Using
  First-Order Conditional Logic",Room 12,cs.CR
733,Some first thoughts on the stability of the asynchronous systems,Room 10,cs.GL
734,"Conformal symbols and the action of contact vector fields over the
  superline",Room 7,math.RT
735,"Limits of responsiveness concerning human-readable knowledge bases: an
  operational analysis",Room 10,cs.DL
736,"Detecting Pancreatic Ductal Adenocarcinoma in Multi-phase CT Scans via
  Alignment Ensemble",Room 2,eess.IV
737,Inference on Extreme Quantiles of Unobserved Individual Heterogeneity,Room 4,econ.EM
738,An Alternative Approach of Steganography using Reference Image,Room 2,cs.MM
739,Power System Problems in Teaching Control Theory on Simulink,Room 11,eess.SY
740,Evidence of Minoan astronomy and calendrical practices,Room 11,physics.hist-ph
741,A Spectral Analysis of Business Cycle Patterns in UK Sectoral Output,Room 3,q-fin.GN
742,"Decreasing flow uncertainty in Bayesian inverse problems through
  Lagrangian drifter control",Room 1,stat.CO
743,"An Evolutionary-Based Approach to Learning Multiple Decision Models from
  Underrepresented Data",Room 1,cs.AI
744,"The Zig-Zag Process and Super-Efficient Sampling for Bayesian Analysis
  of Big Data",Room 3,stat.CO
745,Conditional sampling for barrier option pricing under the LT method,Room 3,q-fin.CP
746,"Fast Security-Constrained Optimal Power Flow through Low-Impact and
  Redundancy Screening",Room 10,eess.SY
747,"Coordinated Capacity Reductions and Public Communication in the Airline
  Industry",Room 4,econ.GN
748,Target atmospheric CO2: Where should humanity aim?,Room 4,physics.ao-ph
749,"Sparse Recovery Beyond Compressed Sensing: Separable Nonlinear Inverse
  Problems",Room 2,eess.SP
750,"Geometric ergodicity of Rao and Teh's algorithm for Markov jump
  processes and CTBNs",Room 3,stat.CO
751,Optimizing Queries in a Logic-based Information Integration System,Room 1,cs.PL
752,"Experimenting with recursive queries in database and logic programming
  systems",Room 1,cs.AI
753,"Does Principal Component Analysis Preserve the Sparsity in Sparse Weak
  Factor Models?",Room 1,econ.EM
754,"A generalized logarithmic module and duality of Coxeter
  multiarrangements",Room 7,math.AC
755,Birational Calabi-Yau 3-folds and BPS state counting,Room 7,math.AG
756,"An Energy Efficient Distributed Gossip Algorithm for Wireless Sensor
  Networks based on a Randomized Markovian Duty-Cycling",Room 10,eess.SY
757,Is Joint Training Better for Deep Auto-Encoders?,Room 2,stat.ML
758,The realization problem for von Neumann regular rings,Room 7,math.RA
759,"Growth of the MRI in Accretion Discs -- the Influence of Radiation
  Transport",Room 11,astro-ph.SR
760,A Universal Route to Explosive Phenomena,Room 4,nlin.AO
761,"Present-Biased Lobbyists in Linear Quadratic Stochastic Differential
  Games",Room 4,econ.GN
762,Neural Network based End-to-End Query by Example Spoken Term Detection,Room 12,eess.AS
763,"Multimedia Content Distribution in Hybrid Wireless Networks using
  Weighted Clustering",Room 10,cs.MM
764,Aggregating Incomplete Rankings,Room 4,econ.TH
765,"Transaction Costs: Economies of Scale, Optimum, Equilibrium and
  Efficiency",Room 4,econ.TH
766,"Improving Audio Anomalies Recognition Using Temporal Convolutional
  Attention Network",Room 2,eess.AS
767,"Comparing cars with apples? Identifying the appropriate benchmark
  countries for relative ecological pollution rankings and international
  learning",Room 4,econ.GN
768,"Analytic properties of the structure function for the one-dimensional
  one-component log-gas",Room 5,cond-mat
769,On fitting power laws to ecological data,Room 1,q-bio.QM
770,Hierarchical contagions in the interdependent financial network,Room 3,q-fin.RM
771,Non-marginal Decisions: A Novel Bayesian Multiple Testing Procedure,Room 1,stat.ME
772,On some new congruences for binomial coefficients,Room 7,math.NT
773,Quantum phase transitions in the quasi-periodic kicked rotor,Room 8,nlin.CD
774,Pivoting in Linear Complementarity: Two Polynomial-Time Cases,Room 5,math.OC
775,"Using constraint programming to resolve the multi-source/multi-site data
  movement paradigm on the Grid",Room 10,cs.PF
776,"A convergence and asymptotic analysis of the generalized symmetric
  FastICA algorithm",Room 2,stat.ML
777,Calculating the image of the second Johnson-Morita representation,Room 7,math.GT
778,"High-Dimensional Density Estimation via SCA: An Example in the Modelling
  of Hurricane Tracks",Room 1,stat.AP
779,Remarks on the energy costs of insulators in enzymatic cascades,Room 6,q-bio.MN
780,"New Analysis Techniques for Supporting Hard Real-Time Sporadic DAG Task
  Systems on Multiprocessors",Room 10,cs.OS
781,"In Search of the Black Swan: Analysis of the Statistical Evidence of
  Electoral Fraud in Venezuela",Room 1,stat.ME
782,"Fluid Flow Complexity in Fracture Networks: Analysis with Graph Theory
  and LBM",Room 8,cs.CE
783,"A Network Decoupling Method for Voltage Stability Analysis Based on
  Holomorphic Embedding",Room 10,eess.SY
784,Reconciliation of Gene and Species Trees With Polytomies,Room 6,q-bio.PE
785,"Classification of glomerular hypercellularity using convolutional
  features and support vector machine",Room 2,eess.IV
786,"Chaos from turbulence: stochastic-chaotic equilibrium in turbulent
  convection at high Rayleigh numbers",Room 12,nlin.CD
787,"New Hierarchies of Derivative nonlinear Schr\""odinger-Type Equation",Room 5,nlin.SI
788,"Stability of the Blaschke-Santal\'o and the affine isoperimetric
  inequality",Room 5,math.MG
789,Chernoff and Trotter type product formulas,Room 5,math.FA
790,Asset Price Volatility and Price Extrema,Room 3,q-fin.MF
791,Small Chvatal rank,Room 7,math.OC
792,"Shape Matters: Evidence from Machine Learning on Body Shape-Income
  Relationship",Room 1,econ.EM
793,Universal Fractional Map and Cascade of Bifurcations Type Attractors,Room 12,nlin.CD
794,"Tight-binding methods for general longitudinally driven photonic
  lattices -- edge states and solitons",Room 8,nlin.PS
795,Good Controls Gone Bad: Difference-in-Differences with Covariates,Room 1,econ.EM
796,"Oscillatory solitons of U(1)-invariant mKdV equations II: Asymptotic
  behavior and constants of motion",Room 8,nlin.SI
797,Foundations of biology,Room 6,q-bio.OT
798,"Low-complexity 8-point DCT Approximation Based on Angle Similarity for
  Image and Video Coding",Room 2,eess.IV
799,Modeling aggressive market order placements with Hawkes factor models,Room 3,q-fin.TR
800,Pricing and hedging of derivatives based on non-tradable underlyings,Room 3,q-fin.PR
801,Calibration of a digital hadron calorimeter with muons,Room 11,physics.ins-det
802,"Environmental perturbations lift the degeneracy of the genetic code to
  regulate protein levels in bacteria",Room 6,q-bio.GN
803,"Beyond deficit-based models of learners' cognition: Interpreting
  engineering students' difficulties with sense-making in terms of fine-grained
  epistemological and conceptual dynamics",Room 11,physics.ed-ph
804,On bi-integrable natural Hamiltonian systems on the Riemannian manifolds,Room 7,nlin.SI
805,De retibus socialibus et legibus momenti,Room 4,cs.SI
806,"Adaptive Metropolis-Hastings Sampling using Reversible Dependent Mixture
  Proposals",Room 1,stat.ME
807,Model-Free Market Risk Hedging Using Crowding Networks,Room 3,q-fin.PM
808,Text Line Segmentation of Historical Documents: a Survey,Room 2,cs.CV
809,Bayesian Nonlinear Regression using Sums of Simple Functions,Room 2,econ.EM
810,"Dynamical systems gradient method for solving ill-conditioned linear
  algebraic systems",Room 5,math.NA
811,Bayesian Prediction for The Winds of Winter,Room 1,stat.AP
812,Pattern Recognition and Revealing using Parallel Coordinates Plot,Room 1,cs.GR
813,"Analysis of the physical Laplacian and the heat flow on a locally finite
  graph",Room 7,math.SP
814,"Structural reliability analysis for p-boxes using multi-level
  meta-models",Room 1,stat.CO
815,"Tumor Microenvironment-based Gene Signatures Divides Novel Immune and
  Stromal Subgroup Classification of Lung Adenocarcinoma",Room 2,q-bio.GN
816,"Towards a Competitive End-to-End Speech Recognition for CHiME-6 Dinner
  Party Transcription",Room 2,eess.AS
817,"Turbulence and Magnetic Field Amplification in Supernova Remnants:
  Interactions Between A Strong Shock Wave and Multi-Phase Interstellar Medium",Room 11,astro-ph.SR
818,Distance k-Sectors Exist,Room 7,cs.CG
819,Offshoring Emissions through Used Vehicle Exports,Room 4,econ.GN
820,"Mean-field description of ultracold Bosons on disordered two-dimensional
  optical lattices",Room 8,cond-mat.dis-nn
821,"Working Paper: Improved Stock Price Forecasting Algorithm based on
  Feature-weighed Support Vector Regression by using Grey Correlation Degree",Room 3,q-fin.CP
822,"Photon-induced Nucleosynthesis: Current Problems and Experimental
  Approaches",Room 11,nucl-ex
823,"Reproductive strong solutions of Navier-Stokes equations with non
  homogeneous boundary conditions",Room 5,math.AP
824,"Fourier Transform Methods for Regime-Switching Jump-Diffusions and the
  Pricing of Forward Starting Options",Room 3,q-fin.CP
825,"Detailed Derivations of Small-Variance Asymptotics for some Hierarchical
  Bayesian Nonparametric Models",Room 1,stat.ML
826,"Low-Complexity Steered Response Power Mapping based on Nyquist-Shannon
  Sampling",Room 2,eess.AS
827,Jeans type analysis of chemotactic collapse,Room 6,physics.bio-ph
828,Multiple Subordinated Modeling of Asset Returns,Room 4,q-fin.MF
829,Reinterpreting demand estimation,Room 1,econ.EM
830,On the origin and extent of mechanical variation among cells,Room 6,q-bio.CB
831,"Non-Markovian intracellular transport with sub-diffusion and run-length
  dependent detachment rate",Room 6,q-bio.SC
832,Event-Driven Market Co-Movement Dynamics in Critical Mineral Equities: An Empirical Framework Using Change Point Detection and Cross-Sectional Analysis,Room 3,econ.EM
833,"Synchronization of clocks and metronomes:A perturbation analysis based
  on multiple timescales",Room 8,nlin.AO
834,"The Influence of Decoding Accuracy on Perceived Control: A Simulated BCI
  Study",Room 2,q-bio.NC
835,"Spectral theory of discontinuous functions of self-adjoint operators and
  scattering theory",Room 5,math.SP
836,A family of linearisable recurrences with the Laurent property,Room 5,nlin.SI
837,Testing a Fast Dynamical Indicator: The MEGNO,Room 5,nlin.CD
838,Temporal Debugging using URDB,Room 10,cs.OS
839,Mean-Field Transmission Power Control in Dense Networks,Room 10,eess.SY
840,Weighted lattice polynomials of independent random variables,Room 5,math.PR
841,Hybrid Event-Triggered and Impulsive Control for Time-Delay Systems,Room 10,eess.SY
842,"Equilibrium price and optimal insider trading strategy under stochastic
  liquidity with long memory",Room 3,q-fin.MF
843,Statistical Model Checking for Stochastic Hybrid Systems,Room 10,cs.CE
844,"SlopMap: a software application tool for quick and flexible
  identification of similar sequences using exact k-mer matching",Room 2,q-bio.GN
845,Computing the Distribution of a Tree Metric,Room 6,q-bio.PE
846,A simple proof of the algebraic version of a conjecture by Vogan,Room 7,math.RT
847,Unsupervised Cross-Domain Singing Voice Conversion,Room 2,eess.AS
848,Regression Discontinuity Design with Spillovers,Room 4,econ.EM
849,Toward Resilient Algorithms and Applications,Room 10,cs.MS
850,"Statistical Compatibility, Refutational Information, and Acceptability",Room 1,stat.OT
851,"Phase resetting and intermittent control at critical edge of stability
  as major mechanisms of fractality in human gait cycle variability",Room 1,nlin.AO
852,Spectral clustering and the high-dimensional stochastic blockmodel,Room 1,stat.ML
853,"Small-time asymptotics for Gaussian self-similar stochastic volatility
  models",Room 3,q-fin.MF
854,The General Poverty Index,Room 4,stat.ME
855,Two-layer Near-lossless HDR Coding with Backward Compatibility to JPEG,Room 2,eess.IV
856,Enhanced Pauli blocking of light scattering in a trapped Fermi gas,Room 8,cond-mat.quant-gas
857,Centre of an algebra,Room 7,math.CT
858,The Rotation of Janus and Epimetheus,Room 11,astro-ph.EP
859,A GAN-based Tunable Image Compression System,Room 2,eess.IV
860,Percolation sur le syst\`eme \`a trois points,Room 7,math.DS
861,How many statistics are needed to characterize the univariate extremes,Room 5,stat.ME
862,"On the Classification of Fifth Order Quasi-linear Non-constant Separant
  Scalar Evolution Equations of the KdV-type",Room 5,nlin.SI
863,Bayesian Inference of Whole-Brain Networks,Room 2,q-bio.NC
864,Multivariate Bernoulli distribution,Room 1,stat.AP
865,On the Frobenius functor and colon ideals,Room 7,math.AC
866,"Riddling and chaotic synchronization of coupled piecewise-linear Lorenz
  maps",Room 12,nlin.CD
867,"Evolution of Regional Innovation with Spatial Knowledge Spillovers:
  Convergence or Divergence?",Room 3,econ.EM
868,"Uncertainty of visual measurement and efficient allocation of sensory
  resources",Room 2,q-bio.NC
869,Straight Skeletons of Three-Dimensional Polyhedra,Room 7,cs.CG
870,An Alternative Use of the Verdoorn Law at the Portuguese NUTs II Level,Room 3,q-fin.GN
871,Continuous symmetry reduction and return maps for high-dimensional flows,Room 5,nlin.CD
872,Path Integral Methods in the Su-Schrieffer-Heeger Polaron Problem,Room 8,cond-mat.mtrl-sci
873,"Boundedness and Compactness of Toeplitz operators with L^1 symbols on
  the Bergman space",Room 7,math.CV
874,"A logical analysis of entanglement and separability in quantum
  higher-order functions",Room 8,cs.LO
875,Effect of charge on the dynamics of an acoustically forced bubble,Room 8,nlin.CD
876,Temporal Platonic Metaphysics,Room 11,physics.hist-ph
877,"Darboux transformation of nonisospectral coupled Gross-Pitaevskii
  equation and its multi-component generalization",Room 5,nlin.SI
878,Natural Evolution Strategies,Room 10,stat.ML
879,"A Joint Combiner and Bit Allocation Design for Massive MIMO Using
  Genetic Algorithm",Room 1,eess.SP
880,Agent Models of Political Interactions,Room 4,cs.AI
881,"Evaluation of the Genome Mixture Contents by Means of the Compositional
  Spectra Method",Room 6,q-bio.GN
882,"Direct Numerical Simulation of Turbulent Heat Transfer Modulation in
  Micro-Dispersed Channel Flow",Room 8,physics.flu-dyn
883,Toward A Quantitative Understanding of Gas Exchange in the Lung,Room 11,q-bio.QM
884,"To VaR, or Not to VaR, That is the Question",Room 3,econ.GN
885,"A two-step approach to model precipitation extremes in California based
  on max-stable and marginal point processes",Room 1,stat.ME
886,"Anomalous Roughening of Curvature-Driven Growth With a Variable
  Interface Window",Room 8,nlin.CD
887,Optimal Trading of a Basket of Futures Contracts,Room 3,q-fin.PM
888,Structural Similarity and Distance in Learning,Room 2,stat.ML
889,An Integral Equation Approach to the Dynamics of L2-3 Cortical Neurons,Room 2,q-bio.NC
890,Monge-Ampere measures on pluripolar sets,Room 7,math.CV
891,"Discussion of ""Impact of Frequentist and Bayesian Methods on Survey
  Sampling Practice: A Selective Appraisal"" by J. N. K. Rao",Room 1,stat.ME
892,"On the non-stationarity of financial time series: impact on optimal
  portfolio selection",Room 3,q-fin.ST
893,"Remote Heart Rate Measurement from Highly Compressed Facial Videos: an
  End-to-end Deep Learning Solution with Video Enhancement",Room 2,eess.IV
894,"COVIDX-Net: A Framework of Deep Learning Classifiers to Diagnose
  COVID-19 in X-Ray Images",Room 2,eess.IV
895,Human expert fusion for image classification,Room 2,cs.CV
896,The Hamilton-Jacobi-Bellman Equation in Economic Dynamics with a Non-Smooth Fiscal Policy,Room 4,econ.TH
897,"Human-Centric and Integrative Lighting Asset Management in Public
  Libraries: Qualitative Insights and Challenges from a Swedish Field Study",Room 12,stat.OT
898,"Spatial Multiple Access (SMA): Enhancing performances of MIMO-NOMA
  systems",Room 10,eess.SP
899,Sparsity-driven synchronization in oscillators networks,Room 8,nlin.AO
900,"Une nouvelle r\`egle de combinaison r\'epartissant le conflit -
  Applications en imagerie Sonar et classification de cibles Radar",Room 10,cs.AI
901,On Pebble Automata for Data Languages with Decidable Emptiness Problem,Room 12,cs.FL
902,A lower bound for the number of conjugacy classes of finite groups,Room 7,math.GR
903,Speeding up the binary Gaussian process classification,Room 2,stat.ML
904,"Further Comments on Realization of Riemann Hypothesis via Coupling
  Constant Spectrum",Room 5,math.GM
905,Notes on the log minimal model program,Room 11,math.AG
906,"A mathematical model to study the impact of intra-tumour heterogeneity
  on anti-tumour CD8+ T cell immune response",Room 6,q-bio.CB
907,Variational Dropout and the Local Reparameterization Trick,Room 2,stat.ML
908,Stochastic Simulation of Process Calculi for Biology,Room 6,cs.PL
909,"Implementation of Digital Image Processing and Computation Technology on
  Measurement and Testing of Non Woven Fabric Parameters",Room 11,eess.IV
910,"Quantum Gibbs distribution from dynamical thermalization in classical
  nonlinear lattices",Room 8,nlin.CD
911,"Risk Fluctuation Characteristics of Internet Finance: Combining Industry
  Characteristics with Ecological Value",Room 3,econ.EM
912,Architecture-aware Network Pruning for Vision Quality Applications,Room 2,eess.IV
913,"The Function of Communities in Protein Interaction Networks at Multiple
  Scales",Room 6,q-bio.MN
914,"Systems biology beyond degree, hubs and scale-free networks: the case
  for multiple metrics in complex networks",Room 6,q-bio.QM
915,Curiosity and Pleasure,Room 1,q-bio.NC
916,Coupling optional P\'olya trees and the two sample problem,Room 1,stat.ME
917,"Safe Model-Based Reinforcement Learning for Systems with Parametric
  Uncertainties",Room 4,eess.SY
918,"User-Centric Joint Access-Backhaul Design for Full-Duplex
  Self-Backhauled Wireless Networks",Room 10,eess.SP
919,Inferring Network Topology from Complex Dynamics,Room 6,nlin.CD
920,"Connecting microscopic simulations with kinetically constrained models
  of glasses",Room 8,cond-mat.dis-nn
921,Graph Multiview Canonical Correlation Analysis,Room 2,eess.SP
922,SIVSHM: Secure Inter-VM Shared Memory,Room 10,cs.OS
923,Z^0 \to 2\gamma and the Twisted Coproduct of the Poincar\'{e} Group,Room 7,hep-th
924,Algorithm for Predicting Protein Secondary Structure,Room 6,cs.CE
925,"Fractional counting of citations in research evaluation: A cross- and
  interdisciplinary assessment of the Tsinghua University in Beijing",Room 12,cs.DL
926,Stable spline identification of linear systems under missing data,Room 1,eess.SY
927,Quantum theory of securities price formation in financial markets,Room 4,q-fin.TR
928,"A Unified Term for Directed and Undirected Motility in Collective Cell
  Invasion",Room 6,q-bio.CB
929,A Comparison of First-Difference and Forward Orthogonal Deviations GMM,Room 1,econ.EM
930,"Higher order approximation of call option prices under stochastic
  volatility models",Room 3,q-fin.CP
931,PAKing up to the endothelium,Room 6,q-bio.CB
932,Can one hear the shape of a target zone?,Room 3,econ.GN
933,"Roos' Matrix Permanent Approximation Bounds for Data Association
  Probabilities",Room 2,eess.SP
934,"Animation of virtual mannequins, robot-like simulation or motion
  captures",Room 12,cs.RO
935,Note on expected internode distances for gene trees in species trees,Room 6,q-bio.PE
936,New insights on the binary asteroid 121 Hermione,Room 11,astro-ph.EP
937,Optimize Unsynchronized Garbage Collection in an SSD Array,Room 10,cs.OS
938,"Critical exponents in coupled phase-oscillator models on small-world
  networks",Room 8,nlin.AO
939,Group Average Treatment Effects for Observational Studies,Room 4,econ.EM
940,Symmetry Reduction by Lifting for Maps,Room 5,nlin.CD
941,Cryptanalysis of the RSA-CEGD protocol,Room 10,cs.CR
942,"Disease State Prediction From Single-Cell Data Using Graph Attention
  Networks",Room 2,q-bio.GN
943,A new secant method for unconstrained optimization,Room 5,math.OC
944,"Analysis of Diffusion of Ras2 in Saccharomyces cerevisiae Using
  Fluorescence Recovery after Photobleaching",Room 6,q-bio.SC
945,The Context Sensitivity Problem in Biological Sequence Segmentation,Room 6,q-bio.GN
946,Time delay effects in the control of synchronous electricity grids,Room 10,nlin.AO
947,"Output adaptive control for linear systems under parametric
  uncertainties with finite-time matching input harmonic disturbance rejection",Room 12,eess.SY
948,"Spontaneous symmetry breaking due to the trade-off between attractive
  and repulsive couplings",Room 8,nlin.AO
949,"Towards a Noether-like conservation law theorem for one dimensional
  reversible cellular automata",Room 5,nlin.CG
950,"A Batalin-Vilkovisky Algebra structure on the Hochschild Cohomology of
  Truncated Polynomials",Room 7,math.AT
951,"Electromagnetic pulse reflection at self-generated plasma mirrors: laser
  pulse shaping and high order harmonic generation",Room 11,physics.plasm-ph
952,How to Combine a Billion Alphas,Room 3,q-fin.PM
953,Online State Estimation for Time-Varying Systems,Room 1,eess.SY
954,Sustainable regional economic development and land use: a case of Russia,Room 4,econ.GN
955,Measurements of heavy ion beam losses from collimation,Room 11,physics.acc-ph
956,Parameterized Telescoping Proves Algebraic Independence of Sums,Room 7,cs.SC
957,"A compactification for the spaces of convex projective structures on
  manifolds",Room 7,math.GT
958,Synchronous motion in a devil's stick -- variation on a theme by Kapitza,Room 5,nlin.CD
959,"Vesicle Dynamics in a Confined Poiseuille Flow: From Steady-State to
  Chaos",Room 8,nlin.CD
960,Long-range memory and multifractality in gold markets,Room 3,q-fin.ST
961,One-Shot Coordination of First and Last Mode Transportation,Room 4,eess.SY
962,Constant Weight Codes: A Geometric Approach Based on Dissections,Room 2,math.CO
963,Sparsely-spread CDMA - a statistical mechanics based analysis,Room 10,cs.IT
964,"Computational and Experimental Study of the Mechanics of Embryonic Wound
  Healing",Room 6,q-bio.TO
965,"Transfer Learning from Adult to Children for Speech Recognition:
  Evaluation, Analysis and Recommendations",Room 12,eess.AS
966,"Exact Bootstrap and Permutation Distribution of Wins and Losses in a
  Hierarchical Trial",Room 1,stat.CO
967,Improving Effectiveness Of ELearning In Maintenance Using Interactive 3D,Room 12,cs.CY
968,"Antimagic labelings of regular bipartite graphs: An application of the
  Marriage Theorem",Room 7,math.CO
969,"Fundamental Science and Improvement of the Quality of Life---Space
  Quantization to MRI",Room 8,physics.hist-ph
970,Higher education funding: The value of choice,Room 4,econ.TH
971,Determining optimal input-output properties: A data-driven approach,Room 10,eess.SY
972,"Detecting and explaining changes in various assets' relationships in
  financial markets",Room 3,q-fin.GN
973,Allelopathic effects of Rumex azoricus on lettuce: impacts on seed germination and early growth,Room 11,q-bio.OT
974,"The optimal P3M algorithm for computing electrostatic energies in
  periodic systems",Room 5,physics.comp-ph
975,"Uncertainty Quantification in Synthetic Controls with Staggered
  Treatment Adoption",Room 4,econ.EM
976,Design and Fabrication of a Novel Micro Electromagnetic Actuator,Room 11,cs.OH
977,"Wakimoto realization of Drinfeld current for the elliptic quantum
  algebra $U_{q,p}(sl_3^)$",Room 7,nlin.SI
978,"Evidence for strong modality-dependence of chronotype assessment from
  real world calendar app data",Room 1,q-bio.OT
979,A composition between risk and deviation measures,Room 3,q-fin.RM
980,On families of $BS_{can}$ lagrangian tori in projective spaces,Room 7,math.SG
981,"Adaptive algorithms for synchronization, consensus of multi-agents and
  anti-synchronization of direct complex networks",Room 10,nlin.AO
982,Multiplicity of Codimension Three Almost Complete Intersections,Room 7,math.AC
983,"Instrumental variables with unordered treatments: Theory and evidence
  from returns to fields of study",Room 1,econ.EM
984,"Darboux transformation and solutions of the two-component
  Hirota-Maxwell-Bloch system",Room 5,nlin.SI
985,"Reconstruction of Compressively Sensed Images using Convex Tikhonov
  Sparse Dictionary Learning and Adaptive Spectral Filtering",Room 2,eess.IV
986,"Save the Farms: Nonlinear Impact of Climate Change on Banks'
  Agricultural Lending",Room 1,econ.GN
987,"Distributed Consensus of Linear Multi-Agent Systems with Adaptive
  Dynamic Protocols",Room 10,cs.SY
988,"Simplicity of Completion Time Distributions for Common Complex
  Biochemical Processes",Room 6,q-bio.MN
989,AWRP: Adaptive Weight Ranking Policy for Improving Cache Performance,Room 10,cs.PF
990,Self-organized Emergence of Navigability on Small-World Networks,Room 2,cs.SI
991,Dye-Sensitized Nanostructured TiO2 Film Based Photoconductor,Room 8,physics.chem-ph
992,"Serving economic prosperity: economic impact assessments (EIA) on Earth
  observation-based services and tools by SERVIR",Room 1,econ.GN
993,Fundamental Conditions for N-th Order Accurate Lattice Boltzmann Models,Room 8,physics.comp-ph
994,Retinal vessel segmentation based on Fully Convolutional Neural Networks,Room 2,eess.IV
995,"Multi-label Sound Event Retrieval Using a Deep Learning-based Siamese
  Structure with a Pairwise Presence Matrix",Room 2,eess.AS
996,Sample and Hold Errors in the Implementation of Chaotic Maps,Room 12,nlin.CD
997,"Positive interactions and the emergence of community structure in
  metacommunities",Room 6,q-bio.PE
998,Any Regulation of Risk Increases Risk,Room 3,q-fin.RM
999,Incentive-compatible public transportation fares with random inspection,Room 4,econ.TH
1000,Neutron Ghost Imaging,Room 2,eess.IV
1001,Identification and Counterfactual Analysis in Incomplete Models with Support and Moment Restrictions,Room 1,econ.EM
1002,A Brief History of Economics: An Outsider's Account,Room 3,q-fin.GN
1003,Quantitative relations between corruption and economic factors,Room 1,q-fin.GN
1004,Speculative Evolution Through 3D Cellular Automata,Room 6,nlin.CG
1005,Libri-Adapt: A New Speech Dataset for Unsupervised Domain Adaptation,Room 12,eess.AS
1006,"Building Bilingual and Code-Switched Voice Conversion with Limited
  Training Data Using Embedding Consistency Loss",Room 2,eess.AS
1007,Hedging Expected Losses on Derivatives in Electricity Futures Markets,Room 3,q-fin.PR
1008,"Inference for Cluster Randomized Experiments with Non-ignorable Cluster
  Sizes",Room 1,econ.EM
1009,"Small-scale inference: Empirical Bayes and confidence methods for as few
  as a single comparison",Room 1,stat.ME
1010,A non-separable Christensen's theorem and set tri-quotient maps,Room 7,math.GN
1011,Symmetries shape the current in ratchets induced by a bi-harmonic force,Room 8,nlin.PS
1012,Quantization of quasi-Lie bialgebras,Room 7,math.QA
1013,Pragmatic hypotheses in the evolution of science,Room 1,stat.OT
1014,The Noncommutative Geometry of the Quantum Projective Plane,Room 7,math.QA
1015,"Physically-based particle simulation and visualization of pastes and
  gels",Room 10,cs.GR
1016,Inefficiency of the block approximation in diploid Probabilistic Cellular Automata,Room 6,nlin.CG
1017,Transform martingale estimating functions,Room 3,math.ST
1018,"Dynamic network drivers of seizure generation, propagation and
  termination in human epilepsy",Room 6,q-bio.NC
1019,Diversity in Schumpeterian games,Room 4,econ.TH
1020,"Existence and mutiplicity of solutions to elliptic equations of fourth
  order on compact manifolds",Room 5,math.AP
1021,"Making it possible: constructing a reliable mechanism from a finite
  trajectory",Room 6,q-bio.QM
1022,Modified Causal Forest,Room 4,econ.EM
1023,Principles of efficient chemotactic pursuit,Room 6,q-bio.CB
1024,Deep learning Profit & Loss,Room 3,q-fin.RM
1025,"Complex Couplings -- A universal, adaptive and bilinear formulation of
  power grid dynamics",Room 10,nlin.AO
1026,Remarks on N_c dependence of decays of exotic baryons,Room 12,hep-ph
1027,Convolutional Neural Networks to Enhance Coded Speech,Room 2,eess.AS
1028,A Two-Population Mortality Model to Assess Longevity Basis Risk,Room 1,q-fin.RM
1029,Symplectic reflection algebras,Room 7,math.RT
1030,Theory of Weak Identification in Semiparametric Models,Room 1,econ.EM
1031,$\Lambda$-adic Kolyvagin systems,Room 7,math.NT
1032,Drop on demand in a microfluidic chip,Room 8,q-bio.QM
1033,"Probing superconductivity in MgB2 confined to magnetic field tuned
  cylinders by means of critical fluctuations",Room 8,cond-mat.supr-con
1034,"Tutorial on ABC rejection and ABC SMC for parameter estimation and model
  selection",Room 1,stat.CO
1035,"Incorporating Human Body Mass in Standards of Helmet Impact Protection
  against Traumatic Brain Injury",Room 11,physics.med-ph
1036,Guiding synchrony through random networks,Room 6,q-bio.NC
1037,Nested sampling on non-trivial geometries,Room 1,stat.CO
1038,"The functional singular value decomposition for bivariate stochastic
  processes",Room 2,stat.ME
1039,Many Average Partial Effects: with An Application to Text Regression,Room 2,econ.EM
1040,Sequential operators in computability logic,Room 10,cs.LO
1041,Computing and Learning Stationary Mean Field Equilibria with Scalar Interactions: Algorithms and Applications,Room 4,econ.TH
1042,Potterian Economics,Room 3,econ.GN
1043,"Mitigating Pilot Contamination in Multi-cell Hybrid Millimeter Wave
  Systems",Room 11,eess.SP
1044,Restriction of characters and products of characters,Room 7,math.GR
1045,"A memory-based method to select the number of relevant components in
  Principal Component Analysis",Room 3,q-fin.ST
1046,"Frequency domain kurtosis-based no-reference image quality assessment
  for bright-field microscopy images",Room 2,eess.IV
1047,"Estimating Systemic Risk within Financial Networks: A Two-Step
  Nonparametric Method",Room 1,q-fin.RM
1048,Prudence and higher-order risk attitudes in the rank-dependent utility model,Room 4,econ.TH
1049,"New Multi-order exact solutions for a class of nonlinear evolution
  equations",Room 5,nlin.SI
1050,"Loading Pricing of Catastrophe Bonds and Other Long-Dated,
  Insurance-Type Contracts",Room 3,q-fin.MF
1051,Two-Way Mean Group Estimators for Heterogeneous Panel Models with Fixed T,Room 1,econ.EM
1052,A Wrapper of PCI Express with FIFO Interfaces based on FPGA,Room 10,cs.AR
1053,Non-invasive Blood Pressure Estimation Using Phonocardiogram,Room 2,eess.SP
1054,The RNA Newton Polytope and Learnability of Energy Parameters,Room 6,q-bio.BM
1055,Double Extended Cubic Peakon Equation,Room 5,nlin.SI
1056,"Modeling Bike Share Station Activity: Effects of Nearby Businesses and
  Jobs on Trips to and from Stations",Room 1,econ.GN
1057,Sandpile toppling on Penrose tilings: identity and isotropic dynamics,Room 7,nlin.CG
1058,Reducibility of Euler integrals and multiintegrals,Room 5,nlin.SI
1059,"Model Error Correction for Linear Methods of Reversible Radioligand
  Binding Measurements in PET Studies",Room 1,q-bio.QM
1060,Fitness in time-dependent environments includes a geometric contribution,Room 6,q-bio.PE
1061,Average-Case Perturbations and Smooth Condition Numbers,Room 5,math.NA
1062,Considerations on Resource Usage in Exceptions and Failures in Workflows,Room 4,cs.SE
1063,"Post-hatching parental care behaviour and hormonal status in a precocial
  bird",Room 6,q-bio.PE
1064,"Efficient Computation of Sensitivity Coefficients of Node Voltages and
  Line Currents in Unbalanced Radial Electrical Distribution Networks",Room 10,cs.SY
1065,"New Discoveries in Galaxies across Cosmic Time through Advances in
  Laboratory Astrophysics",Room 12,astro-ph.IM
1066,A Note on Surjective Inverse Systems,Room 7,math.CT
1067,Stability domains of actin genes and genomic evolution,Room 6,q-bio.BM
1068,"Classification of hyperfinite factors up to completely bounded
  isomorphism of their preduals",Room 5,math.OA
1069,Probabilistic Noise2Void: Unsupervised Content-Aware Denoising,Room 2,eess.IV
1070,Modelling Extremal Dependence for Operational Risk by a Bipartite Graph,Room 3,q-fin.RM
1071,"A population Monte Carlo scheme with transformed weights and its
  application to stochastic kinetic models",Room 1,stat.CO
1072,Local Rademacher Complexity for Multi-label Learning,Room 1,stat.ML
1073,"Evolution of regulatory networks towards adaptability and stability in a
  changing environment",Room 6,q-bio.MN
1074,"Constrained Risk Budgeting Portfolios: Theory, Algorithms, Applications
  & Puzzles",Room 3,q-fin.PM
1075,"Companding algorithm for the detection of malignant lesions in HDR CT
  mandibular images",Room 2,eess.IV
1076,Bivariate phase-rectified signal averaging,Room 11,physics.data-an
1077,Axial dipolar dynamo action in the Taylor-Green vortex,Room 8,nlin.CD
1078,"Universal description of the rotational-vibrational spectrum of three
  particles with zero-range interactions",Room 8,physics.atom-ph
1079,"Multidimensional Generalized Automatic Sequences and Shape-symmetric
  Morphic Words",Room 5,cs.FL
1080,"Classroom Community amid Covid-19: A Mixed-Methods Study of
  Undergraduate Students in Introductory Mathematics and Statistics",Room 4,stat.OT
1081,"Structure of Rule Table and Phase Diagram of One Dimensional Cellular
  Automata",Room 6,nlin.CG
1082,Optimal Dynamic Treatment Regimes and Partial Welfare Ordering,Room 1,econ.EM
1083,Murphy Diagrams: Forecast Evaluation of Expected Shortfall,Room 3,q-fin.RM
1084,"Towards an Integrated Approach to Crowd Analysis and Crowd Synthesis: a
  Case Study and First Results",Room 1,cs.MA
1085,"Joint Task Assignment and Wireless Resource Allocation for Cooperative
  Mobile-Edge Computing",Room 10,eess.SP
1086,"A Two-element Parasitic Antenna Approaching the Minimum Q-factor at a
  Given Directivity",Room 11,physics.app-ph
1087,Finding missing edges and communities in incomplete networks,Room 12,cs.SI
1088,"Sepsis is a syndrome with hyperactivity of TH17-like innate immunity and
  hypoactivity of adaptive immunity",Room 6,q-bio.GN
1089,Pairwise Optimal Discrete Coverage Control for Gossiping Robots,Room 10,cs.RO
1090,Energy conservation and Onsager's conjecture for the Euler equations,Room 8,math.AP
1091,"Learned Quality Enhancement via Multi-Frame Priors for HEVC Compliant
  Low-Delay Applications",Room 2,eess.IV
1092,(Co)homology of quantum complete intersections,Room 7,math.KT
1093,"The spectrum of closed loops of fundamental flux in D=2+1 SU(N) gauge
  theories",Room 11,hep-lat
1094,On (n+2)-dimensional n-Lie algebras,Room 7,math.RA
1095,Algebraic K-theory of the first Morava K-theory,Room 7,math.KT
1096,"Mergers and acquisitions transactions strategies in diffusion - type
  financial systems in highly volatile global capital markets with
  nonlinearities",Room 3,q-fin.GN
1097,"Class-Specific Blind Deconvolutional Phase Retrieval Under a Generative
  Prior",Room 2,eess.IV
1098,"A combinatorial approach to integrals of Kahan-Hirota-Kimura
  discretizations",Room 7,nlin.SI
1099,"Market Fragility, Systemic Risk, and Ricci Curvature",Room 4,q-fin.RM
1100,End-to-end Networks for Supervised Single-channel Speech Separation,Room 2,eess.AS
1101,Goal-oriented Data Warehouse Quality Measurement,Room 1,cs.SE
1102,Learning the dynamics of technical trading strategies,Room 3,q-fin.CP
1103,"Institutional reforms and the employment effects of spatially targeted
  investment grants: The case of Germany's GRW",Room 3,econ.GN
1104,Dimensional crossover of quantum critical behavior in CeCoIn$_5$,Room 8,cond-mat.str-el
1105,Stochastic bifurcations: a perturbative study,Room 5,nlin.CD
1106,Privacy-Preserving Policy Synthesis in Markov Decision Processes,Room 4,eess.SY
1107,Spectral M-estimation with Applications to Hidden Markov Models,Room 1,stat.CO
1108,Cobordisms of maps with singularities of a given class,Room 7,math.GT
1109,The multiplex structure of interbank networks,Room 3,q-fin.GN
1110,Large Vector Auto Regressions,Room 3,stat.ML
1111,"Model-Free Discretisation-Invariant Swaps and S&P 500 Higher-Moment Risk
  Premia",Room 3,q-fin.PR
1112,Filamentation instability in a quantum magnetized plasma,Room 11,physics.plasm-ph
1113,On the Performance of the Neyman Allocation with Small Pilots,Room 1,econ.EM
1114,"Overall and Pairwise Segregation Tests Based on Nearest Neighbor
  Contingency Tables",Room 1,stat.ME
1115,"On Analysis and Evaluation of Multi-Sensory Cognitive Learning of a
  Mathematical Topic Using Artificial Neural Networks",Room 12,cs.NE
1116,"Vibronic potentials in chemical physics: adiabatic approximation vs.
  supersymmetry",Room 5,physics.chem-ph
1117,Towards Eco-friendly Database Management Systems,Room 10,cs.DB
1118,"Short term prediction of extreme returns based on the recurrence
  interval analysis",Room 3,q-fin.ST
1119,A Large-Scale Community Structure Analysis In Facebook,Room 4,cs.SI
1120,Ionospheric correction of space radar data,Room 11,physics.space-ph
1121,Deep Denoising for Hearing Aid Applications,Room 2,eess.AS
1122,Exact Synchronization for Finite-State Sources,Room 1,nlin.CD
1123,Asset Pricing in an Imperfect World,Room 3,q-fin.MF
1124,Dynamical aspects of mean field plane rotators and the Kuramoto model,Room 8,q-bio.NC
1125,"Dareplane: A modular open-source software platform for BCI research with
  application in closed-loop deep brain stimulation",Room 11,q-bio.OT
1126,Market viability and martingale measures under partial information,Room 3,q-fin.PM
1127,"Reaction Brownian Dynamics and the effect of spatial fluctuations on the
  gain of a push-pull network",Room 6,q-bio.QM
1128,"Solvability of the Gaussian Kyle model with imperfect information and
  risk aversion",Room 3,q-fin.TR
1129,"Automated Multi-sequence Cardiac MRI Segmentation Using Supervised
  Domain Adaptation",Room 2,eess.IV
1130,"On the relationship between prediction intervals, tests of sharp nulls and inference on realized treatment effects in settings with few treated units",Room 4,econ.EM
1131,Entanglement of Subspaces and Error Correcting Codes,Room 5,quant-ph
1132,"Kinetic Analysis of Protein Assembly on the Basis of the Center Manifold
  around the Critical Point",Room 6,q-bio.SC
1133,Learning with Spectral Kernels and Heavy-Tailed Data,Room 1,cs.LG
1134,"Macroscopic dynamics of biological cells interacting via chemotaxis and
  direct contact",Room 6,physics.bio-ph
1135,Hidden information and regularities of information dynamics IIR,Room 1,nlin.AO
1136,"Using Automatic Differentiation as a General Framework for Ptychographic
  Reconstruction",Room 2,eess.IV
1137,A Metric and Optimisation Scheme for Microlens Planet Searches,Room 11,astro-ph.EP
1138,Modeling tax distribution in metropolitan regions with PolicySpace,Room 4,econ.GN
1139,Non-genetic inheritance restraint of cell-to-cell variation,Room 6,q-bio.CB
1140,"Self-Estimation of Path-Loss Exponent in Wireless Networks and
  Applications",Room 10,eess.SP
1141,"Vine disease detection in UAV multispectral images with deep learning
  segmentation approach",Room 2,eess.IV
1142,"Testing the models: NIR imaging and spectroscopy of the benchmark
  T-dwarf binary Eps Indi B",Room 12,astro-ph.SR
1143,Menu Pricing of Large Language Models,Room 4,econ.TH
1144,Optimal Portfolios of Illiquid Assets,Room 3,q-fin.MF
1145,"Yeast caspase 1 suppresses the burst of reactive oxygen species and
  maintains mitochondrial stability in Saccharomyces cerevisiae",Room 6,q-bio.CB
1146,"Coarse and synthetic Weil-Petersson geometry: quasi-flats, geodesics,
  and relative hyperbolicity",Room 7,math.GT
1147,Reflexive representability and stable metrics,Room 7,math.LO
1148,The bicompletion of the Hausdorff quasi-uniformity,Room 7,math.GN
1149,"A possible low-level explanation of ""temporal dynamics of brightness
  induction and White's illusion""",Room 2,cs.CV
1150,Information flow and optimization in transcriptional control,Room 6,q-bio.MN
1151,Testing Capacity-Constrained Learning,Room 4,econ.GN
1152,Quantum cosmology with big-brake singularity,Room 11,gr-qc
1153,Amplitude death criteria for coupled complex Ginzburg-Landau systems,Room 8,nlin.PS
1154,"Verification of Initial-State Opacity for Switched Systems: A
  Compositional Approach",Room 10,eess.SY
1155,E-loyalty networks in online auctions,Room 4,stat.AP
1156,"Electrostatic Actuators Operating in Liquid Environment : Suppression of
  Pull-in Instability and Dynamic Response",Room 11,cs.OH
1157,Partially Observed Discrete-Time Risk-Sensitive Mean Field Games,Room 4,eess.SY
1158,"Extending The Range of Application of Permutation Tests: the Expected
  Permutation p-value Approach",Room 1,stat.ME
1159,"Friends, Key Players and the Adoption and Use of Experience Goods",Room 4,econ.GN
1160,Credit risk - A structural model with jumps and correlations,Room 3,q-fin.RM
1161,"On the values of integrals with the variable taken from $x=0$ to
  $x=\infty$",Room 7,math.HO
1162,"UniSpeech at scale: An Empirical Study of Pre-training Method on
  Large-Scale Speech Recognition Dataset",Room 12,eess.AS
1163,"On martingale measures and pricing for continuous bond-stock market with
  stochastic bond",Room 3,q-fin.PR
1164,"A FEniCS-Based Programming Framework for Modeling Turbulent Flow by the
  Reynolds-Averaged Navier-Stokes Equations",Room 5,cs.CE
1165,The influence of color on prices of abstract paintings,Room 11,econ.GN
1166,"A Note on Solving Discretely-Constrained Nash-Cournot Games via
  Complementarity",Room 4,econ.TH
1167,The role of pawnshops in risk coping in early twentieth-century Japan,Room 4,econ.GN
1168,On the Finiteness Problem for Automaton (Semi)groups,Room 5,cs.FL
1169,End-to-end Speech Recognition with Adaptive Computation Steps,Room 2,eess.AS
1170,"Trimming of Graphs, with Application to Point Labeling",Room 7,cs.DM
1171,Flame Wrinkles From the Zhdanov-Trubnikov Equation,Room 5,nlin.PS
1172,Entropy Balancing for Continuous Treatments,Room 1,econ.EM
1173,"Differential proteomics highlights macrophage-specific responses to
  amorphous silica nanoparticles",Room 11,q-bio.GN
1174,"Effect of promoter architecture on the cell-to-cell variability in gene
  expression",Room 6,q-bio.MN
1175,"An Approach on the Modelling of Long Economic Cycles in the Context of
  Sustainable Development",Room 3,econ.GN
1176,A Guide to Teaching Data Science,Room 12,stat.OT
1177,"Distributed Generalized Nash Equilibrium Seeking for Energy Sharing
  Games",Room 4,eess.SY
1178,The Robust Merton Problem of an Ambiguity Averse Investor,Room 3,q-fin.PM
1179,"Determinants of Profitability of Banks: Evidence from Islamic Banks of
  Bangladesh",Room 3,q-fin.GN
1180,Quantifying Slow Evolutionary Dynamics in RNA Fitness Landscapes,Room 6,q-bio.PE
1181,"Data-driven control of micro-climate in buildings: an event-triggered
  reinforcement learning approach",Room 10,eess.SY
1182,Classification of interest rate curves using Self-Organising Maps,Room 1,physics.data-an
1183,"Frustration-induced inherent instability and growth oscillations in
  pollen tubes",Room 6,q-bio.CB
1184,"Introducing One Step Back Iterative Approach to Solve Linear and Non
  Linear Fixed Point Problem",Room 5,cs.NA
1185,Classification of life by the mechanism of genome size evolution,Room 6,q-bio.GN
1186,"A Comparison of Reproducibility Guidelines and Its Implications on
  Undergraduate Statistical Education",Room 12,stat.OT
1187,Pricing Parisian down-and-in options,Room 12,q-fin.PR
1188,A Spatio-temporal Spreading Communication Technique and its Applications,Room 1,eess.SP
1189,"Computational Modelling with Modellus: An Enhancement Vector for the
  General University Physics Course",Room 11,physics.ed-ph
1190,Equity Tail Risk in the Treasury Bond Market,Room 3,q-fin.PR
1191,"Noise-dependent stability of the synchronized state in a coupled system
  of active rotators",Room 8,nlin.PS
1192,"An evaluation framework for event detection using a morphological model
  of acoustic scenes",Room 2,stat.ML
1193,Optimal Strategies in Sequential Bidding,Room 4,cs.GT
1194,Holomorphic harmonic analysis on complex reductive groups,Room 7,math.GR
1195,Muscle Fatigue Analysis Using OpenSim,Room 11,q-bio.TO
1196,"Circle-equivariant classifying spaces and the rational equivariant sigma
  genus",Room 7,math.AT
1197,"The general solution of the linear difference equation of degree-2 and
  the continued fraction produced from this equation",Room 5,math.GM
1198,"On the residual finiteness and other properties of (relative)
  one-relator groups",Room 7,math.GR
1199,"Sparse time-varying parameter VECMs with an application to modeling
  electricity prices",Room 3,econ.EM
1200,"Numerical evaluation of the upper critical dimension of percolation in
  scale-free networks",Room 6,cond-mat.dis-nn
1201,"Simple formulas for lattice paths avoiding certain periodic staircase
  boundaries",Room 7,math.CO
1202,Calculation of local Fourier transforms for formal connections,Room 7,math.AG
1203,Market Making in Spot Precious Metals,Room 3,q-fin.TR
1204,Video from Stills: Lensless Imaging with Rolling Shutter,Room 2,eess.IV
1205,"Market Making with Fads, Informed, and Uninformed Traders",Room 3,q-fin.TR
1206,"Predicting local and non-local effects of resources on animal space use
  using a mechanistic step selection model",Room 6,q-bio.QM
1207,"Information Design for Regulating Traffic Flows under Uncertain Network
  State",Room 4,eess.SY
1208,The Jarrow & Turnbull setting revisited,Room 3,q-fin.MF
1209,"Improving on-device speaker verification using federated learning with
  privacy",Room 12,eess.AS
1210,An Integrated Simulation System for Human Factors Study,Room 12,cs.HC
1211,Modelling the perception of music in brain network dynamics,Room 6,nlin.AO
1212,"Backward Reachability using Integral Quadratic Constraints for Uncertain
  Nonlinear Systems",Room 10,eess.SY
1213,"The implied volatility of Forward-Start options: ATM short-time level,
  skew and curvature",Room 3,q-fin.PR
1214,Some Properties of Yao Y4 Subgraphs,Room 7,cs.CG
1215,A resolution of the K(2)-local sphere at the prime 3,Room 7,math.AT
1216,"A Survey of Quantum Programming Languages: History, Methods, and Tools",Room 8,cs.PL
1217,A causal interactions indicator between two time series using extreme variations in the first eigenvalue of lagged correlation matrices,Room 1,q-fin.PM
1218,Note on the construction of free monoids,Room 7,math.CT
1219,"Pupil remapping for high contrast astronomy: results from an optical
  testbed",Room 11,astro-ph.IM
1220,Simplifying Biochemical Models With Intermediate Species,Room 6,q-bio.MN
1221,Communicability in complex networks,Room 2,physics.soc-ph
1222,"NAAS: Negotiation Automation Architecture with Buyer's Behavior Pattern
  Prediction Component",Room 4,cs.MA
1223,"Fundamental solitons in discrete lattices with a delayed nonlinear
  response",Room 8,nlin.PS
1224,Corporate Culture and Organizational Fragility,Room 4,econ.TH
1225,"PAM-4 Transmission at 1550nm using Photonic Reservoir Computing
  Post-processing",Room 11,eess.SP
1226,Simulating CCD images of elliptical galaxies,Room 12,astro-ph
1227,"DeepVOX: Discovering Features from Raw Audio for Speaker Recognition in
  Non-ideal Audio Signals",Room 12,eess.AS
1228,"Perturbations of the seismic reflectivity of a fluid-saturated
  depth-dependent poro-elastic medium",Room 5,physics.geo-ph
1229,"Stochastic Depletion Problems: Effective Myopic Policies for a class of
  Dynamic Optimization Problems",Room 4,math.OC
1230,A low energy core-collapse supernova without a hydrogen envelope,Room 12,astro-ph.SR
1231,Derivatives and Credit Contagion in Interconnected Networks,Room 3,q-fin.RM
1232,"Advances in integration of end-to-end neural and clustering-based
  diarization for real conversational speech",Room 2,eess.AS
1233,Congestion diffusion and decongestion strategy in networked traffic,Room 4,physics.soc-ph
1234,Some remarks on the Stanley's depth for multigraded modules,Room 7,math.AC
1235,"The relationship between economic growth and environment. Testing the
  EKC hypothesis for Latin American countries",Room 4,econ.GN
1236,Nonlinear Spatial Filtering in Multichannel Speech Enhancement,Room 2,eess.AS
1237,"The Evolution of Competitiveness across Economic, Innovation and
  Knowledge production activities",Room 4,econ.GN
1238,Analytical theory of dark nonlocal solitons,Room 8,nlin.PS
1239,A Conjecture on Primes and a Step towards Justification,Room 7,math.NT
1240,"Mathematical Aspects and Numerical Computations of an Inverse Boundary
  Value Identification Using the Adjoint Method",Room 5,math.NA
1241,What does Newcomb's paradox teach us?,Room 4,cs.GT
1242,Dark solitons of the Qiao's hierarchy,Room 5,nlin.SI
1243,Backbone of credit relationships in the Japanese credit market,Room 3,q-fin.GN
1244,"Thermodynamic assessment of probability distribution divergencies and
  Bayesian model comparison",Room 1,stat.ME
1245,"Science-Operational Metrics and Issues for the ""Are We Alone?"" Movement",Room 11,astro-ph.EP
1246,The Naked Eye Stars as Data Supporting Galileo's Copernican Views,Room 11,physics.hist-ph
1247,Projective C*-Algebras and Boundary Maps,Room 7,math.OA
1248,A Dynamic Programming Approach To Length-Limited Huffman Coding,Room 10,cs.DS
1249,Automatic context window composition for distant speech recognition,Room 2,eess.AS
1250,Stability of the World Trade Web over Time - An Extinction Analysis,Room 3,q-fin.GN
1251,"Wireless Communications with Programmable Metasurface: Transceiver
  Design and Experimental Results",Room 11,eess.SP
1252,sin[n Delta t sin (n Delta t1)] as a source of unpredictable dynamics,Room 5,nlin.CD
1253,Two-sided vector spaces,Room 7,math.KT
1254,"Market making by an FX dealer: tiers, pricing ladders and hedging rates
  for optimal risk control",Room 3,q-fin.TR
1255,"Control-guided Communication: Efficient Resource Arbitration and
  Allocation in Multi-hop Wireless Control Systems",Room 10,eess.SY
1256,"'Bureaucratic' set systems, and their role in phylogenetics",Room 6,q-bio.PE
1257,"Jointly Tracking and Separating Speech Sources Using Multiple Features
  and the generalized labeled multi-Bernoulli Framework",Room 2,eess.AS
1258,"Weak Instruments, First-Stage Heteroskedasticity, the Robust F-Test and
  a GMM Estimator with the Weight Matrix Based on First-Stage Residuals",Room 4,econ.EM
1259,Bayesian Neural Networks for Macroeconomic Analysis,Room 2,econ.EM
1260,Would Russian solar energy projects be feasible independent of state subsidies?,Room 4,econ.GN
1261,Teaching and Learning Science with Learning Assistants,Room 11,physics.ed-ph
1262,"Characterizing the Impact of the Workload on the Value of Dynamic
  Resizing in Data Centers",Room 10,cs.PF
1263,Partial Crossed Product of a group G vs Crossed Product of S(G),Room 7,math.OA
1264,"Klein paradox and Scattering theory for the semi-classical Dirac
  equation",Room 5,math.SP
1265,Publish and Perish: Creative Destruction and Macroeconomic Theory,Room 4,econ.GN
1266,Market correlation structure changes around the Great Crash,Room 3,q-fin.ST
1267,The uniqueness of the helicoid in the Lorentz-Minkowski space L3,Room 7,math.DG
1268,"Mixed Poisson distributions in exact solutions of stochastic
  auto-regulation models",Room 6,q-bio.QM
1269,Optimal Insurance under Maxmin Expected Utility,Room 3,q-fin.RM
1270,A class of hypergraphs that generalizes chordal graphs,Room 7,math.AC
1271,General Theory of Geometric L\'evy Models for Dynamic Asset Pricing,Room 3,q-fin.PR
1272,Regularity of monoids under Schutzenberger products,Room 5,math.GR
1273,Laser-driven nonlinear cluster dynamics,Room 8,physics.atm-clus
1274,"Monte-Carlo Simulation of a Multi-Dimensional Switch-Like Model of Stem
  Cell Differentiation",Room 6,q-bio.QM
1275,On multiplicative conditionally free convolution,Room 7,math.OA
1276,"Risk reduction and Diversification within Markowitz's Mean-Variance
  Model: Theoretical Revisit",Room 3,q-fin.PM
1277,Self-Averaging Identities for Random Spin Systems,Room 8,math-ph
1278,"Addressing the unmet need for visualizing Conditional Random Fields in
  Biological Data",Room 2,cs.GR
1279,"Exploring the determinants of Bitcoin's price: an application of
  Bayesian Structural Time Series",Room 3,q-fin.EC
1280,"Effective Charge and Spin Hamiltonian for the Quarter-Filled Ladder
  Compound $\alpha'$-NaV$_2$O$_5$",Room 8,cond-mat
1281,The Persistence of Uphill Anomalous Transport in Inhomogeneous Media,Room 8,nlin.CD
1282,A LLT-like test for proving the primality of Fermat numbers,Room 7,math.NT
1283,"Indecomposable representations of quivers on infinite-dimensional
  Hilbert spaces",Room 7,math.OA
1284,Characterization of Flexible RF Microcoil Dedicated to Surface Mri,Room 11,cs.OH
1285,"Blind Omnidirectional Image Quality Assessment with Viewport Oriented
  Graph Convolutional Networks",Room 2,eess.IV
1286,Training Speech Enhancement Systems with Noisy Speech Datasets,Room 2,eess.AS
1287,Evolutionary dynamics in vascularised tumours under chemotherapy,Room 6,q-bio.TO
1288,"Existence and Number of Solutions of Diophantine Quadratic Equations
  with Two Unknowns in $Z$ and $N$",Room 5,math.GM
1289,Large-Scale Study of Perceptual Video Quality,Room 2,eess.IV
1290,"Application of an interspecific competition model to predict the growth
  of Aeromonas hydrophila on fish surfaces during the refrigerated storage",Room 6,q-bio.PE
1291,"Correcting the apparent mutation rate acceleration at shorter time
  scales under a Jukes-Cantor model",Room 6,q-bio.PE
1292,"A Tentative Role for FOXP2 in the Evolution of Dual Processing Modes and
  Generative Abilities",Room 6,q-bio.NC
1293,"Growth-optimal investments and numeraire portfolios under transaction
  costs: An analysis based on the von Neumann-Gale model",Room 3,q-fin.PM
1294,"Survival of the flexible: explaining the recent dominance of
  nature-inspired optimization within a rapidly evolving world",Room 10,cs.NE
1295,"Theory of Acoustic Emission for Micro-Cracks Appeared Under the Surface
  Layer Machining by Compressed Abrasive",Room 8,cond-mat.mtrl-sci
1296,Backtest of Trading Systems on Candle Charts,Room 3,q-fin.TR
1297,"The weighted difference substitutions and Nonnegativity Decision of
  Forms",Room 1,cs.SC
1298,"Free field realization of commutative family of elliptic Feigin-Odesskii
  algebra",Room 7,nlin.SI
1299,"Lax integrability and the peakon problem for the modified Camassa-Holm
  equation",Room 5,nlin.SI
1300,"Transcriptomic Causal Networks identified patterns of differential gene
  regulation in human brain from Schizophrenia cases versus controls",Room 2,q-bio.GN
1301,"When, why and how to test spreadsheets",Room 12,cs.SE
1302,Interpret the estimand framework from a causal inference perspective,Room 1,stat.OT
1303,"Discussion of ""Feature Matching in Time Series Modeling"" by Y. Xia and
  H. Tong",Room 1,stat.ME
1304,"Time dependence of moments of an exactly solvable Verhulst model under
  random perturbations",Room 5,nlin.CD
1305,Analyzing IO Amplification in Linux File Systems,Room 10,cs.OS
1306,Calibration and Filtering of Exponential L\'evy Option Pricing Models,Room 3,q-fin.PR
1307,Asymptotic results under multiway clustering,Room 1,econ.EM
1308,Hilbert's epsilon as an Operator of Indefinite Committed Choice,Room 12,cs.AI
1309,Analyzing Midpoint Subdivision,Room 5,cs.GR
1310,"A GIT Construction of Moduli Spaces of Stable Maps in Positive
  Characteristic",Room 7,math.AG
1311,Markets Evolution After the Credit Crunch,Room 3,q-fin.PR
1312,"Extended group analysis of variable coefficient reaction-diffusion
  equations with exponential nonlinearities",Room 5,nlin.SI
1313,Adjusting for Misclassification: A Three-Phase Sampling Approach,Room 1,stat.ME
1314,On mathematical theory of selection: Continuous time population dynamics,Room 6,q-bio.PE
1315,"An efficient methodology for modeling complex computer codes with
  Gaussian processes",Room 1,stat.AP
1316,"Beyond the square root: Evidence for logarithmic dependence of market
  impact on size and participation rate",Room 3,q-fin.TR
1317,"Variance Optimal Hedging for continuous time processes with independent
  increments and applications",Room 3,q-fin.CP
1318,Embedding Bratteli-Vershik systems in cellular automata,Room 5,math.DS
1319,"External and mutual synchronization of chimeras in a two layer network
  of nonlinear oscillators",Room 12,nlin.AO
1320,On the linear independence of spikes and sines,Room 5,math.FA
1321,"Financial Time Series: Stylized Facts for the Mexican Stock Exchange
  Index Compared to Developed Markets",Room 3,q-fin.ST
1322,"alpha-particle production in the scattering of 6He by 208Pb at energies
  around the Coulomb barrier",Room 11,nucl-ex
1323,Dense networks that do not synchronize and sparse ones that do,Room 8,nlin.AO
1324,"Review on Decarbonizing the Transportation Sector in China: Overview,
  Analysis, and Perspectives",Room 4,econ.GN
1325,Detrended Fluctuation Analysis of Autoregressive Processes,Room 3,physics.bio-ph
1326,Optimal position-building strategies in competition,Room 4,q-fin.TR
1327,The Returns to Science in the Presence of Technological Risk,Room 4,econ.GN
1328,An efficient reduction of ranking to classification,Room 1,cs.LG
1329,"Polarisation rotation of slow light with orbital angular momentum in
  ultracold atomic gases",Room 11,cond-mat.other
1330,The dipole-quadrupole theory of surface-enhanced Raman scattering,Room 8,physics.chem-ph
1331,"Nonparametric Pricing and Hedging of Volatility Swaps in Stochastic
  Volatility Models",Room 3,q-fin.PR
1332,"Motion Tracking in Undergraduate Physics Laboratories with the Wii
  Remote",Room 5,physics.ed-ph
1333,"Computational model of sphingolipids metabolism: a case study of
  Alzheimer's disease",Room 6,q-bio.MN
1334,"Epistemology of Modeling and Simulation: How can we gain Knowledge from
  Simulations?",Room 10,cs.GL
1335,"Estimation of genomic characteristics by analyzing k-mer frequency in de
  novo genome projects",Room 2,q-bio.GN
1336,The Lee-Wick Standard Model,Room 7,hep-ph
1337,"Can autonomy make bicycle-sharing systems more sustainable?
  Environmental impact analysis of an emerging mobility technology",Room 1,econ.GN
1338,"Robust utility maximization for diffusion market model with misspecified
  coefficients",Room 3,q-fin.PM
1339,Mathematical models of haploinsufficiency,Room 6,q-bio.OT
1340,"Comparing Robustness of Pairwise and Multiclass Neural-Network Systems
  for Face Recognition",Room 2,cs.AI
1341,Probability distributions for measures of placental shape and morphology,Room 1,q-bio.QM
1342,"Dissipativity verification with guarantees for polynomial systems from
  noisy input-state data",Room 5,eess.SY
1343,"Implicit Trajectory Planning for Feedback Linearizable Systems: A
  Time-varying Optimization Approach",Room 10,eess.SY
1344,Computational study of the vibrating disturbances to the lung function,Room 8,physics.bio-ph
1345,"Learning Rates and States from Biophysical Time Series: A Bayesian
  Approach to Model Selection and Single-Molecule FRET Data",Room 6,q-bio.QM
1346,A Search for Planets with SALT,Room 11,astro-ph.EP
1347,"High-dimensional covariance matrix estimation in approximate factor
  models",Room 3,stat.ME
1348,"A compressible two-fluid model for the finite volume simulation of
  violent aerated flows. Analytical properties and numerical results",Room 5,physics.class-ph
1349,"Speech Enhancement based on Denoising Autoencoder with Multi-branched
  Encoders",Room 2,eess.AS
1350,Beyond the Oracle Property: Adaptive LASSO in Cointegrating Regressions with Local-to-Unity Regressors,Room 2,econ.EM
1351,Early detection of synchrony in coupled oscillator model,Room 12,nlin.AO
1352,Impact of an Employment Policy on Companies' Expectations Fulfilment,Room 1,econ.GN
1353,An Optimal Linear Attack Strategy on Remote State Estimation,Room 10,eess.SY
1354,"Kinetic energy preserving and entropy stable finite volume schemes for
  compressible Euler and Navier-Stokes equations",Room 5,cs.NA
1355,"Capturing the time-varying drivers of an epidemic using stochastic
  dynamical systems",Room 12,stat.AP
1356,"Computing the Fewest-turn Map Directions based on the Connectivity of
  Natural Roads",Room 4,cs.CG
1357,Tensor products of maximal abelian subalgebras of C*-algebras,Room 7,math.FA
1358,"Fuzzy Extra Dimensions: Dimensional Reduction, Dynamical Generation and
  Renormalizability",Room 7,hep-th
1359,Duality and canonical extensions for stably compact spaces,Room 7,math.GN
1360,Selection in Scientific Networks,Room 12,cs.SI
1361,"Unraveling the Skillsets of Data Scientists: Text Mining Analysis of
  Dutch University Master Programs in Data Science and Artificial Intelligence",Room 12,stat.OT
1362,Treatment Effect Estimation with Noisy Conditioning Variables,Room 4,econ.EM
1363,3D Deep Affine-Invariant Shape Learning for Brain MR Image Segmentation,Room 2,eess.IV
1364,Lyapunov Event-triggered Stabilization with a Known Convergence Rate,Room 10,eess.SY
1365,"Efficient Estimation of Multidimensional Regression Model with
  Multilayer Perceptron",Room 1,math.ST
1366,"Scaling analysis of time series of daily prices from stock markets of
  transitional economies in the Western Balkans",Room 3,q-fin.ST
1367,"The Voice Conversion Challenge 2018: Promoting Development of Parallel
  and Nonparallel Methods",Room 2,eess.AS
1368,"Analyzing the Social Structure and Dynamics of E-mail and Spam in
  Massive Backbone Internet Traffic",Room 1,cs.SI
1369,"BOTDA Fiber Sensor System Based on FPGA Accelerated Support Vector
  Regression",Room 2,eess.SP
1370,"Decentralization Estimators for Instrumental Variable Quantile
  Regression Models",Room 1,econ.EM
1371,Locating a tree in a phylogenetic network,Room 6,q-bio.PE
1372,"Fusion of TanDEM-X and Cartosat-1 Elevation Data Supported by
  NeuralNetwork-Predicted Weight Maps",Room 1,eess.IV
1373,Unambiguous Efficiency of Random Allocations,Room 4,econ.TH
1374,Acoustic scene analysis with multi-head attention networks,Room 2,eess.AS
1375,"A weight function theory of positive order basis function interpolants
  and smoothers",Room 5,math.NA
1376,"Nonparametric Identification and Estimation with Non-Classical
  Errors-in-Variables",Room 4,econ.EM
1377,Proximal Methods for Hierarchical Sparse Coding,Room 2,stat.ML
1378,"Gentrification, Mobility, and Consumption",Room 3,econ.GN
1379,Epidemics with Behavior,Room 4,econ.GN
1380,Semiparametric Testing with Highly Persistent Predictors,Room 3,econ.EM
1381,Identifying Pediatric Vascular Anomalies With Deep Learning,Room 2,eess.IV
1382,Comment: The Importance of Jeffreys's Legacy,Room 1,stat.ME
1383,"Markovian log-supermodularity, and its applications in phylogenetics",Room 6,q-bio.PE
1384,Conjugate varieties with distinct real cohomology algebras,Room 7,math.AG
1385,Exact prediction of S&P 500 returns,Room 3,q-fin.ST
1386,Student't mixture models for stock indices. A comparative study,Room 3,econ.GN
1387,Internet Banking System Prototype,Room 3,cs.HC
1388,Adaptive Approach for Situational Analysis of Space Experiments,Room 4,physics.space-ph
1389,Modelling hippocampal neurogenesis across the lifespan in seven species,Room 6,q-bio.NC
1390,"Predicting knee osteoarthritis severity: comparative modeling based on
  patient's data and plain X-ray images",Room 2,eess.IV
1391,"Finite-time rotation number: a fast indicator for chaotic dynamical
  structures",Room 5,nlin.CD
1392,Colour Guided Colour Image Steganography,Room 2,cs.MM
1393,Wetting transition on a one-dimensional disorder,Room 8,cond-mat.stat-mech
1394,"Higher serum 25(OH)D concentration is associated with lower risk of
  metabolic syndrome among Aboriginal and Torres Strait Islander peoples in
  Australia",Room 6,q-bio.OT
1395,"High speed optical processing via four-wave-mixing in a silicon
  waveguide",Room 11,physics.app-ph
1396,Deep Narrow Boltzmann Machines are Universal Approximators,Room 2,stat.ML
1397,"The impact of state capacity on the cross-country variations in COVID-19
  vaccination rates",Room 4,econ.GN
1398,Generalizability with ignorance in mind: learning what we do (not) know for archetypes discovery,Room 4,econ.EM
1399,"Modeling the pressure Hessian and viscous Laplacian in Turbulence:
  comparisons with DNS and implications on velocity gradient dynamics",Room 12,physics.flu-dyn
1400,Semi-indefinite-inner-product and generalized Minkowski spaces,Room 5,math.MG
1401,"Lie symmetry analysis and exact solutions for a variable coefficient
  Gardner equation arising in arterial mechanics",Room 12,nlin.SI
1402,Speech Enhancement using Self-Adaptation and Multi-Head Self-Attention,Room 2,eess.AS
1403,Cellular Automata Rules and Linear Numbers,Room 6,nlin.CG
1404,"Implications of Stahl's Theorems to Holomorphic Embedding Pt. 2:
  Numerical Convergence",Room 5,eess.SY
1405,Kyle's Model with Stochastic Liquidity,Room 3,q-fin.TR
1406,Solar activity and the mean global temperature,Room 11,physics.geo-ph
1407,"A nonlocal connection between certain linear and nonlinear ordinary
  differential equations : Extension to coupled equations",Room 5,nlin.SI
1408,Temporal Evolution of Financial Market Correlations,Room 3,q-fin.ST
1409,"The cardiac Ca-sensitive regulatory switch, a system in dynamic
  equilibrium",Room 8,q-bio.BM
1410,Magnetism in the nearby galaxy M33,Room 11,astro-ph.GA
1411,Logical Consensus for Distributed and Robust Intrusion Detection,Room 10,cs.RO
1412,"To theory of tornado formation: mass condensation into droplets, their
  polarization by the Earth electric fields and rotation by magnetic field",Room 11,physics.ao-ph
1413,"A Separation Theorem for Joint Sensor and Actuator Scheduling with
  Guaranteed Performance Bounds",Room 1,eess.SY
1414,"Search for Heavy Neutral MSSM Higgs Bosons with CMS: Reach and
  Higgs-Mass Precision",Room 11,hep-ph
1415,"Differential inequalities of continuous functions and removing
  singularities of Rado type for J-holomorphic maps",Room 7,math.CV
1416,"Quantitative Methods for Optimizing Patient Outcomes in Liver
  Transplantation",Room 6,q-bio.OT
1417,A Generalization of a Result of Hardy and Littlewood,Room 5,math.NT
1418,"Occurrence of synchronized flow due to overtaking strategy in the
  Nagel-Schreckenberg model",Room 10,nlin.CG
1419,Formalization of malware through process calculi,Room 12,cs.CR
1420,Robust Auction Design with Support Information,Room 4,econ.TH
1421,"Evaluating Callable and Putable Bonds: An Eigenfunction Expansion
  Approach",Room 3,q-fin.PR
1422,On a class of integrable systems of Monge-Amp\`ere type,Room 7,nlin.SI
1423,Ultrarelativistic N-boson systems,Room 8,math-ph
1424,"Banach algebras of pseudodifferential operators and their almost
  diagonalization",Room 7,math.FA
1425,"Brain Network Analysis: Separating Cost from Topology using
  Cost-integration",Room 6,q-bio.MN
1426,"The multivariate Dirichlet-multinomial distribution and its application
  in forensic genetics to adjust for sub-population effects using the
  {\theta}-correction",Room 1,stat.AP
1427,"The efficiency of Anderson-Darling test with limited sample size: an
  application to Backtesting Counterparty Credit Risk internal model",Room 3,q-fin.RM
1428,"Number of first-passage times as a measurement of information for weakly
  chaotic systems",Room 5,nlin.CD
1429,Quantitative recurrence in two-dimensional extended processes,Room 5,math.DS
1430,Anisotropic spectra of acoustic type turbulence,Room 12,physics.plasm-ph
1431,Challenges and Recommendations in Establishing National Human Diversity Genomic Projects,Room 2,q-bio.OT
1432,Generative Image Modeling Using Spatial LSTMs,Room 2,stat.ML
1433,Estimators of Binary Spatial Autoregressive Models: A Monte Carlo Study,Room 3,stat.ME
1434,"Automatic microscopic image analysis by moving window local Fourier
  Transform and Machine Learning",Room 2,eess.IV
1435,"Distributed Adaptive Learning with Multiple Kernels in Diffusion
  Networks",Room 1,eess.SP
1436,"Spitzer Observations of Molecular Hydrogen in Interacting Supernova
  Remnants",Room 12,astro-ph.SR
1437,Wealth condensation in a simple model of economy,Room 3,cond-mat
1438,$C^*$-algebras arising from substitutions,Room 7,math.OA
1439,The Cobb-Douglas production function revisited,Room 3,econ.GN
1440,Adversarial Data Augmentation for Disordered Speech Recognition,Room 12,eess.AS
1441,Generalized MSTB Models: Structure and kink varieties,Room 5,nlin.PS
1442,"Disentangling Speech and Non-Speech Components for Building Robust
  Acoustic Models from Found Data",Room 2,eess.AS
1443,"Some series and integrals involving the Riemann zeta function, binomial
  coefficients and the harmonic numbers. Volume V",Room 7,math.HO
1444,Resonance-assisted tunneling in mixed regular-chaotic systems,Room 8,nlin.CD
1445,"CT Field of View Extension Using Combined Channels Extension and Deep
  Learning Methods",Room 2,eess.IV
1446,Introducing OPTO : Portal for Optical Communities in Indonesia,Room 11,cs.CY
1447,"Parameterized Complexity on a New Sorting Algorithm: A Study in
  Simulation",Room 2,stat.CO
1448,ProPublica's COMPAS Data Revisited,Room 4,econ.GN
1449,"Two-dimensional solitons in dipolar Bose-Einstein condensates with
  spin-orbit coupling",Room 8,nlin.PS
1450,"Sequential Inverse Approximation of a Regularized Sample Covariance
  Matrix",Room 2,stat.CO
1451,The dilation of the Delaunay triangulation is greater than {\pi}/2,Room 10,cs.CG
1452,"Keep soft robots soft -- a data-driven based trade-off between
  feed-forward and feedback control",Room 10,eess.SY
1453,"Alias-Free Basis for Modal Sensorless Adaptive Optics Using the Second
  Moment of Intensity",Room 11,physics.app-ph
1454,A Nonlinear Perron-Frobenius Approach for Stability and Consensus of Discrete-Time Multi-Agent Systems,Room 10,eess.SY
1455,Pyroptosis: Physiological roles in viral infection,Room 11,q-bio.TO
1456,Le terme et le concept : fondements d'une ontoterminologie,Room 12,cs.AI
1457,A Lax pair for the complete QRT mapping,Room 5,nlin.SI
1458,"Advanced Interacting Sequential Monte Carlo Sampling for Inverse
  Scattering",Room 1,stat.AP
1459,Towards Modeling HIV Long Term Behavior,Room 6,q-bio.CB
1460,Random Matrix Theory and Fund of Funds Portfolio Optimisation,Room 3,q-fin.ST
1461,"Ab-initio modeling of the short range order in Fe-N and Fe-C austenitic
  alloys",Room 8,physics.atm-clus
1462,"ADN: Artifact Disentanglement Network for Unsupervised Metal Artifact
  Reduction",Room 2,eess.IV
1463,"A Bayesian approach to estimate changes in condom use from limited HIV
  prevalence data",Room 1,stat.AP
1464,"The Pricing of Vanilla Options with Cash Dividends as a Classic Vanilla
  Basket Option Problem",Room 3,q-fin.PR
1465,The two Josephson junction flux qubit with large tunneling amplitude,Room 8,cond-mat.supr-con
1466,"Soliton solution of the osmosis K(2, 2) equation",Room 8,nlin.PS
1467,"The partition function of the two-matrix model as an isomonodromic
  tau-function",Room 5,nlin.SI
1468,"A Flexible and Secure Remote Systems Authentication Scheme Using Smart
  Cards",Room 10,cs.CR
1469,"Hurwitz numbers for regular coverings of surfaces by seamed surfaces and
  Cardy-Frobenius algebras of finite groups",Room 7,math.GT
1470,"Transport coefficients of dissipative particle dynamics with finite time
  step",Room 8,cond-mat.soft
1471,"An updated comparison of model ensemble and observed temperature trends
  in the tropical troposphere",Room 11,stat.AP
1472,"Learning quadratic receptive fields from neural responses to natural
  stimuli",Room 2,q-bio.NC
1473,"A Superpolynomial Lower Bound on the Size of Uniform Non-constant-depth
  Threshold Circuits for the Permanent",Room 5,cs.CC
1474,Displacement of the Sun from the Galactic Plane,Room 12,astro-ph
1475,"Families of stable solitons and excitations in the PT-symmetric
  nonlinear Schrodinger equations with position-dependent effective masses",Room 8,nlin.PS
1476,"Blind Quality Assessment for Image Superresolution Using Deep Two-Stream
  Convolutional Networks",Room 2,eess.IV
1477,"Reactive species involved in higher seeds germination and shoots vigor
  through direct plasma exposure and plasma-activated liquids",Room 11,q-bio.OT
1478,Small-time moderate deviations for the randomised Heston model,Room 3,q-fin.PR
1479,"Distance Maps and Plant Development #1: Uniform Production and
  Proportional Destruction",Room 6,q-bio.QM
1480,"Evaluation of linear classifiers on articles containing pharmacokinetic
  evidence of drug-drug interactions",Room 1,stat.ML
1481,"Structural Self-Assembly and Glassy Dynamics in Locally Adaptive
  Networks",Room 6,nlin.AO
1482,"Analysis of Discrete and Hybrid Stochastic Systems by Nonlinear
  Contraction Theory",Room 10,math.OC
1483,"High-Intensity Discharge Lamp and Duffing Oscillator - Similarities and
  Differences",Room 8,physics.app-ph
1484,Cell2Fire: A Cell Based Forest Fire Growth Model,Room 1,stat.CO
1485,Subspace Clustering for Panel Data with Interactive Effects,Room 1,econ.EM
1486,Computer algebra systems as tools for learning Physics and Mathematics,Room 11,physics.ed-ph
1487,"The interconnectedness of the economic content in the speeches of the US
  Presidents",Room 1,econ.GN
1488,"Spectral Statistics of Directed Networks with Random Link Model
  Transpose-Asymmetry",Room 2,eess.SP
1489,"A Nonparametric Approach for Multiple Change Point Analysis of
  Multivariate Data",Room 1,stat.ME
1490,"Generalized Buneman pruning for inferring the most parsimonious
  multi-state phylogeny",Room 6,q-bio.PE
1491,"Real-Time Cubature Kalman Filter Parameter Estimation of Blood Pressure
  Response Characteristics Under Vasoactive Drugs Administration",Room 1,eess.SY
1492,"Solitons and breathers for nonisospectral mKdV equation with Darboux
  transformation",Room 8,nlin.PS
1493,"Propagation of Cascades in Complex Networks: From Supply Chains to Food
  Webs",Room 6,q-bio.PE
1494,Unified storage systems for distributed Tier-2 centres,Room 10,cs.DC
1495,"Bistability of the lac operon during growth of Escherichia coli on
  lactose and lactose + glucose",Room 6,q-bio.MN
1496,"Spin solid phases of spin 1 and spin 3/2 antiferromagnets on a cubic
  lattice",Room 8,cond-mat.str-el
1497,High-energy particle acceleration at the radio-lobe shock of Centaurus A,Room 11,astro-ph.HE
1498,"Cell-Cycle-Associated Amplified Genomic-DNA Fragments (CAGFs) Might Be
  Involved in Chloroquine Action and Resistance in Plasmodium falciparum",Room 6,q-bio.SC
1499,A light transformer for speech-to-intent applications,Room 12,eess.AS
1500,"Modeling, Analysis, and Mitigation of Dynamic Botnet Formation in
  Wireless IoT Networks",Room 10,eess.SY
1501,Familles fuchsiennes d'\'equations aux (q-)diff\'erences et confluence,Room 7,math.CA
1502,"Nonparametric identification of an interdependent value model with buyer
  covariates from first-price auction bids",Room 4,econ.EM
1503,"Electromagnetic Dark Energy and Gravitoelectrodynamics of
  Superconductors",Room 11,gr-qc
1504,Conformal Surface Morphing with Applications on Facial Expressions,Room 5,cs.GR
1505,Mechanisms without transfers for fully biased agents,Room 4,econ.TH
1506,"Elevating Women in the Workplace: The Dual Influence of Spiritual
  Intelligence and Ethical Environments on Job Satisfaction",Room 4,econ.GN
1507,Notes on Formal Deformations of Hom-associative and Hom-Lie Algebras,Room 7,math.RA
1508,"Reducing one-to-many problem in Voice Conversion by equalizing the
  formant locations using dynamic frequency warping",Room 2,cs.SD
1509,"The cerebellum could solve the motor error problem through error
  increase prediction",Room 6,q-bio.NC
1510,Role of distal enhancers in shaping 3D-folding patterns and defining human-specific features of interphase chromatin architecture in embryonic stem cells,Room 2,q-bio.GN
1511,"Development of pediatric myeloid leukemia may be related to the
  repeatedbone-remodeling during bone-growth",Room 6,q-bio.CB
1512,Asymptotic two-soliton solutions in the Fermi-Pasta-Ulam model,Room 5,nlin.PS
1513,"Does agricultural subsidies foster Italian southern farms? A Spatial
  Quantile Regression Approach",Room 3,econ.EM
1514,"New Constructions for Query-Efficient Locally Decodable Codes of
  Subexponential Length",Room 10,cs.CC
1515,"A Statistical Test of Walrasian Equilibrium by Means of Complex Networks
  Theory",Room 6,q-fin.GN
1516,"Trading networks, abnormal motifs and stock manipulation",Room 4,q-fin.TR
1517,"Invariant Krein subspaces, regular irreducibility and integral
  representations",Room 7,math.FA
1518,Kinetic equation for finite systems of fermions with pairing,Room 8,nucl-th
1519,Linear Algebraic Groups without the Normalizer Theorem,Room 7,math.RT
1520,"Properties of synchronization in the systems of non-identical coupled
  van der Pol and van der Pol - Duffing oscillators. Broadband synchronization",Room 8,nlin.CD
1521,"Optimal loss-carry-forward taxation for L\'{e}vy risk processes stopped
  at general draw-down time",Room 4,q-fin.MF
1522,The Pleiades: the celestial herd of ancient timekeepers,Room 11,physics.hist-ph
1523,"The development of a fuzzy regulator with an entry and an output in
  Fislab",Room 5,cs.MS
1524,Estimating Counterfactual Matrix Means with Short Panel Data,Room 1,econ.EM
1525,Weak Mso with the Unbounding Quantifier,Room 12,cs.FL
1526,Band in ARPES caused by photodissociation of Landau-Pekar polarons,Room 8,cond-mat.supr-con
1527,A Model of Artificial Jagged Intelligence,Room 2,econ.TH
1528,Peculiarity of chaotic and regular dynamics of waves,Room 11,nlin.CD
1529,"Regularity of solutions to higher-order integrals of the calculus of
  variations",Room 5,math.OC
1530,"Income growth with high inequality implies loss of well-being: A
  mathematical model",Room 4,econ.GN
1531,"Population Fitness and Genetic Load of Single Nucleotide Polymorphisms
  Affecting mRNA splicing",Room 2,q-bio.GN
1532,"The effect of speech and noise levels on the quality perceived by
  cochlear implant and normal hearing listeners",Room 2,eess.AS
1533,"Detection of Change--Points in the Spectral Density. With Applications
  to ECG Data",Room 2,stat.ME
1534,Defect-Tolerant CMOL Cell Assignment via Satisfiability,Room 10,cs.DM
1535,"Two Procedures for Robust Monitoring of Probability Distributions of
  Economic Data Streams induced by Depth Functions",Room 1,stat.AP
1536,"Sanctioning by Institution, Skepticism of Punisher and the Evolution of
  Cooperation",Room 4,q-bio.PE
1537,Algebraic Linear Orderings,Room 12,cs.FL
1538,"The Impact of the Prior Density on a Minimum Relative Entropy Density: A
  Case Study with SPX Option Data",Room 3,q-fin.PR
1539,"Performance of Analog Nonlinear Filtering for Impulsive Noise Mitigation
  in OFDM-based PLC Systems",Room 2,eess.SP
1540,Bayesian Inference in Sparse Gaussian Graphical Models,Room 1,stat.ML
1541,Growth-Algorithm Model of Leaf Shape,Room 6,q-bio.TO
1542,"Preserving the Lindel\""of property under forcing extensions",Room 7,math.GN
1543,The K-Theory of Toeplitz C*-Algebras of Right-Angled Artin Groups,Room 5,math.OA
1544,Dependence Structure Estimation via Copula,Room 3,cs.LG
1545,"Properties of polynomial bases used in a line-surface intersection
  algorithm",Room 10,cs.NA
1546,"Vertebrae Detection and Localization in CT with Two-Stage CNNs and Dense
  Annotations",Room 2,eess.IV
1547,Properties of quasi-alphabetic tree bimorphisms,Room 12,cs.CL
1548,"Joint 3D Localization and Classification of Space Debris using a
  Multispectral Rotating Point Spread Function",Room 2,eess.IV
1549,"Optimization of dividend and reinsurance strategies under ruin
  probability constraint",Room 4,q-fin.RM
1550,"NYSE Price Correlations Are Abitrageable Over Hours and Predictable Over
  Years",Room 4,q-fin.PR
1551,"Attentional Speech Recognition Models Misbehave on Out-of-domain
  Utterances",Room 2,eess.AS
1552,Agent Simulation of Chain Bankruptcy,Room 3,q-fin.GN
1553,An abstract setting for hamiltonian actions,Room 7,math.SG
1554,"EarnHFT: Efficient Hierarchical Reinforcement Learning for High
  Frequency Trading",Room 3,q-fin.TR
1555,Examining the Interface Design of Tidyverse,Room 11,stat.OT
1556,"AI, Ageing and Brain-Work Productivity: Technological Change in
  Professional Japanese Chess",Room 4,econ.GN
1557,HI velocity dispersion in NGC 1058,Room 12,astro-ph
1558,Layered Adaptive Importance Sampling,Room 1,stat.CO
1559,"Design Diversity for Improving Efficiency and Reducing Risk in Oil and
  Gas Well Stimulation under Uncertain Reservoir Conditions",Room 10,q-fin.PM
1560,Microtubule shuttles on kinesin-coated glass micro-wire tracks,Room 8,q-bio.BM
1561,Automatic Coding Rule Conformance Checking Using Logic Programs,Room 12,cs.PL
1562,"Formal Integrals and Noether Operators of Nonlinear Hyperbolic Partial
  Differential Systems Admitting a Rich Set of Symmetries",Room 5,nlin.SI
1563,"Multi-echo Reconstruction from Partial K-space Scans via Adaptively
  Learnt Basis",Room 2,eess.IV
1564,"Sensitivity Analysis for Vehicle Dynamics Models -- An Approach to Model
  Quality Assessment for Automated Vehicles",Room 1,eess.SY
1565,The Rule Responder eScience Infrastructure,Room 1,cs.MA
1566,"Comparison of Various Methods for the Calculation of the Distance
  Potential Field",Room 1,physics.comp-ph
1567,"Leverage, Influence, and the Jackknife in Clustered Regression Models:
  Reliable Inference Using summclust",Room 1,econ.EM
1568,String Gaussian Process Kernels,Room 2,stat.ML
1569,Continuous-time discrete-space models for animal movement,Room 6,stat.AP
1570,Reproducible Research Can Still Be Wrong: Adopting a Prevention Approach,Room 1,stat.AP
1571,"Efficient stochastic sampling of first-passage times with applications
  to self-assembly simulations",Room 6,q-bio.QM
1572,Exploring linearity of deep neural network trained QSM: QSMnet+,Room 2,eess.IV
1573,Image denoising through bivariate shrinkage function in framelet domain,Room 1,eess.IV
1574,Testing the causality of Hawkes processes with time reversal,Room 3,q-fin.ST
1575,Nonlinear Virtual Inertia Control of WTGs for Enhancing Primary Frequency Response and Suppressing Drive-Train Torsional Oscillations,Room 10,eess.SY
1576,Stability of Conditional Sequential Monte Carlo,Room 1,stat.CO
1577,"Turing patterns and apparent competition in predator-prey food webs on
  networks",Room 6,nlin.PS
1578,"A Note on the Kullback-Leibler Divergence for the von Mises-Fisher
  distribution",Room 1,stat.ML
1579,"Phase transition in the rich-get-richer mechanism due to finite-size
  effects",Room 3,q-fin.GN
1580,Identifying Demand Effects in a Large Network of Product Categories,Room 1,stat.AP
1581,The Impact of Genomic Variation on Function (IGVF) Consortium,Room 2,q-bio.OT
1582,"Data-driven Dynamic Multi-objective Optimal Control: An
  Aspiration-satisfying Reinforcement Learning Approach",Room 10,eess.SY
1583,Noise-driven oscillations in microbial population dynamics,Room 6,q-bio.PE
1584,"CoHSI IV: Unifying Horizontal and Vertical Gene Transfer - is Mechanism
  Irrelevant ?",Room 6,q-bio.OT
1585,Procurements with Bidder Asymmetry in Cost and Risk-Aversion,Room 4,econ.GN
1586,"Full solution for the storage of correlated memories in an
  autoassociative memory",Room 6,cond-mat.dis-nn
1587,"Quantitative Analysis of the Effective Functional Structure in Yeast
  Glycolysis",Room 6,q-bio.QM
1588,Generic Forward Curve Dynamics for Commodity Derivatives,Room 3,q-fin.PR
1589,"Construction of Complete Embedded Self-Similar Surfaces under Mean
  Curvature Flow. Part II",Room 7,math.DG
1590,Twisted Homology of Quantum SL(2) - Part II,Room 7,math.QA
1591,Quantitative analysis of privatization,Room 3,q-fin.GN
1592,Gamma-delayed deuteron emission of the 6Li (0+;T=1) halo state,Room 8,nucl-th
1593,"Accurate Evaluation of Asset Pricing Under Uncertainty and Ambiguity of
  Information",Room 3,q-fin.GN
1594,Federated Learning for Keyword Spotting,Room 12,eess.AS
1595,Exact solutions for a class of integrable Henon-Heiles-type systems,Room 5,nlin.SI
1596,"Coupled backward- and forward-propagating solitons in a composite
  right/left-handed transmission line",Room 8,nlin.PS
1597,"Possible non-thermal nature of the soft-excess emission in the cluster
  of galaxies Sersic 159-03",Room 12,astro-ph
1598,"Stability of new exact solutions of the nonlinear Schrodinger equation
  in a Poschl-Teller external potential",Room 5,nlin.PS
1599,"Multifractal Height Cross-Correlation Analysis: A New Method for
  Analyzing Long-Range Cross-Correlations",Room 3,q-fin.ST
1600,Multivariate Copula Spatial Dependency in One Bit Compressed Sensing,Room 2,eess.SP
1601,An automatic volume control for preserving intelligibility,Room 2,cs.SD
1602,An individual-based model of infection spread in an urban environment,Room 12,q-bio.PE
1603,The effect of strain on the adsorption of CO on Pd(100),Room 8,cond-mat
1604,Efficient immunization strategies to prevent financial contagion,Room 3,q-fin.RM
1605,"Prolific interaction structures and shape-changing collisions in an
  erbium-doped fiber system",Room 8,nlin.PS
1606,A Theory of the Saving Rate of the Rich,Room 3,econ.TH
1607,On the p-adic Leopoldt Transform of a power series,Room 7,math.NT
1608,Quelques plats pour la m\'etrique de Hofer,Room 7,math.DG
1609,A Sequent Calculus for Modelling Interferences,Room 12,cs.LO
1610,On some properties of the new Sine-skewed Cardioid Distribution,Room 1,stat.OT
1611,"Development of accurate human head models for personalized
  electromagnetic dosimetry using deep learning",Room 2,eess.IV
1612,Experimental Study of Pollutant Transfer within Dwellings,Room 4,physics.med-ph
1613,"Valued Ties Tell Fewer Lies: Why Not To Dichotomize Network Edges With
  Thresholds",Room 1,stat.AP
1614,Use of Wikipedia Categories in Entity Ranking,Room 1,cs.IR
1615,"Reinforcement Learning Portfolio Manager Framework with Monte Carlo
  Simulation",Room 2,q-fin.CP
1616,Survival benefits in mimicry: a quantitative framework,Room 6,q-bio.PE
1617,Dominance Solvability in Random Games,Room 4,econ.TH
1618,PT-Scotch: A tool for efficient parallel graph ordering,Room 10,cs.DC
1619,Tribute to Francisco (Paco) Yndurain,Room 12,physics.hist-ph
1620,The reaction-free trajectories of a classical point charge,Room 11,physics.gen-ph
1621,"Loewner equations, Hirota equations and reductions of universal Whitham
  hierarchy",Room 5,nlin.SI
1622,"Discretionary Extensions to Unemployment-Insurance Compensation and Some
  Potential Costs for a McCall Worker",Room 1,econ.GN
1623,NodeTrix: Hybrid Representation for Analyzing Social Networks,Room 1,cs.HC
1624,On the foundations of thermodynamics,Room 5,cond-mat.stat-mech
1625,"Cancer Genesis and Progression as Dynamics in Functional Landscape of
  Endogenous Molecular-Cellular Network",Room 6,q-bio.SC
1626,"A Scoping Review of Internal Migration and Left-behind Children's
  Wellbeing in China",Room 12,econ.GN
1627,Computing word length in alternate presentations of Thompson's group F,Room 7,math.GR
1628,"Optimal portfolio with unobservable market parameters and certainty
  equivalence principle",Room 3,q-fin.MF
1629,Delay Induced Swarm Pattern Bifurcations in Mixed Reality Experiments,Room 8,nlin.AO
1630,Examining the Location of the Magnetopause in an Undergraduate Lab,Room 11,physics.space-ph
1631,"`To Have What They are Having': Portfolio Choice for Mimicking
  Mean-Variance Savers",Room 4,q-fin.PM
1632,"Realizing Kasparov's KK-theory groups as the homotopy classes of maps of
  a Quillen model category",Room 7,math.KT
1633,Sparse Learning of Markovian Population Models in Random Environments,Room 6,q-bio.QM
1634,"Clustering of molecular dynamics trajectories via peak-picking in
  multidimensional PCA-derived distributions",Room 2,q-bio.BM
1635,"Church, Cardinal and Ordinal Representations of Integers and Kolmogorov
  complexity",Room 12,math.LO
1636,Spectral stability of periodic NLS and CGL solutions,Room 5,nlin.SI
1637,Pricing Weakly Model Dependent Barrier Products,Room 3,q-fin.PR
1638,"Cell-to-cell variability and robustness in S-phase duration from genome
  replication kinetics",Room 6,q-bio.GN
1639,"Majority rule as a unique voting method in elections with multiple
  candidates",Room 4,econ.TH
1640,"Long-term and blow-up behaviors of exponential moments in
  multi-dimensional affine diffusions",Room 3,q-fin.PR
1641,"Statistical inference on the h-index with an application to
  top-scientist performance",Room 12,stat.AP
1642,"Homological Characterizations of Spiral Defect Chaos in Rayleigh-Benard
  Convection",Room 5,nlin.PS
1643,A weighted Discrepancy Bound of quasi-Monte Carlo Importance Sampling,Room 1,stat.CO
1644,The Labor Economics of Paid Crowdsourcing,Room 4,cs.HC
1645,"Bootstrap-Assisted Unit Root Testing With Piecewise Locally Stationary
  Errors",Room 1,econ.EM
1646,Heterogeneous Regression Models for Clusters of Spatial Dependent Data,Room 1,econ.EM
1647,Algebraic curves P(x)-Q(y)=0 and functional equations,Room 7,math.CV
1648,Maxima Units Search (MUS) algorithm: methodology and applications,Room 2,stat.CO
1649,"Behavioral Biases and Nonadditive Dynamics in Risk Taking: An
  Experimental Investigation",Room 3,econ.GN
1650,"Accuracy Limits of Polarization-Independent Optical Depolarizers Based
  on Rotating Waveplates",Room 11,eess.SP
1651,"Algebraic curves for commuting elements in the q-deformed Heisenberg
  algebra",Room 7,math.RA
1652,"Fast joint detection-estimation of evoked brain activity in
  event-related fMRI using a variational approach",Room 1,stat.AP
1653,A general homological Kleiman-Bertini theorem,Room 7,math.AG
1654,"A Weighted Spike-Triggered Average of a Fluctuating Stimulus Yielding
  the Phase Response Curve",Room 8,nlin.AO
1655,The Diagonalized Newton Algorithm for Nonnegative Matrix Factorization,Room 2,cs.NA
1656,"Short expressions of permutations as products and cryptanalysis of the
  Algebraic Eraser",Room 10,math.GR
1657,Surplus-invariant risk measures,Room 3,q-fin.MF
1658,"Fast Bayesian Feature Selection for High Dimensional Linear Regression
  in Genomics via the Ising Approximation",Room 1,q-bio.QM
1659,"Femtosecond non-equilibrium dynamics of clusters irradiated with short
  intense VUV pulses",Room 8,physics.plasm-ph
1660,"Data Visualization on Day One: Bringing Big Ideas into Intro Stats Early
  and Often",Room 12,stat.OT
1661,Ascertaining price formation in cryptocurrency markets with DeepLearning,Room 3,q-fin.GN
1662,Slice sampling covariance hyperparameters of latent Gaussian models,Room 1,stat.CO
1663,Quantum Portfolios of Observables and the Risk Neutral Valuation Model,Room 8,q-fin.GN
1664,Regression Trees for Longitudinal Data,Room 1,stat.ME
1665,"MetaScope - Fast and accurate identification of microbes in metagenomic
  sequencing data",Room 2,q-bio.GN
1666,Hartman-Mycielski functor of non-metrizable compacta,Room 7,math.GN
1667,Coarse-grained description of general oscillator networks,Room 8,nlin.AO
1668,Rigorous Computing of Rectangle Scan Probabilities for Markov Increments,Room 1,stat.CO
1669,A joint test of unconfoundedness and common trends,Room 4,econ.EM
1670,An optimal trading problem in intraday electricity markets,Room 3,q-fin.TR
1671,Is Covid-19 severity associated with ACE2 degradation?,Room 11,q-bio.TO
1672,"A New Graded Algebra Structure on Differential Polynomials: Level
  Grading and its Application to the Classification of Scalar Evolution
  Equations in 1+1 Dimension",Room 7,nlin.SI
1673,What do online listings tell us about the housing market?,Room 3,econ.EM
1674,Stratified Analysis of `Probabilities of Causation',Room 4,stat.ME
1675,Two-dimensional nonlinear vector states in Bose-Einstein condensates,Room 8,nlin.PS
1676,Cooperation with Complement is Better,Room 4,cs.MA
1677,"Analysis of Multivariate Data and Repeated Measures Designs with the R
  Package MANOVA.RM",Room 1,stat.CO
1678,Audio Inpainting: Revisited and Reweighted,Room 2,eess.AS
1679,Analysis of a five-factor capital market model,Room 3,q-fin.MF
1680,Distinguishing manipulated stocks via trading network analysis,Room 4,q-fin.TR
1681,Data-Driven Design for Fourier Ptychographic Microscopy,Room 2,eess.SP
1682,Introducing Hierarchy in Energy Games,Room 10,cs.GT
1683,What Lives? A meta-analysis of diverse opinions on the definition of life,Room 6,q-bio.OT
1684,Abstract p-time proof nets for MALL: Conflict nets,Room 12,math.LO
1685,Fast Mixing Random Walks and Regularity of Incompressible Vector Fields,Room 5,stat.CO
1686,"On elliptic differential operators with shifts: II. The cohomological
  index formula",Room 7,math.OA
1687,"Degradation of 2-mercaptobenzothizaole in microbial electrolysis cells:
  intermediates, toxicity, and microbial communities",Room 8,q-bio.GN
1688,"Panel quantile regressions for estimating and predicting the
  Value--at--Risk of commodities",Room 3,q-fin.RM
1689,"Lienard-Wiechert Potentials and the Method of Images in an RF Free
  Electron Laser Photoinjector",Room 11,physics.acc-ph
1690,Tests for multivariate normality based on canonical correlations,Room 1,stat.ME
1691,"A devil's staircase from rotations and irrationality measures for
  Liouville numbers",Room 5,math.NT
1692,New Mechanics of Traumatic Brain Injury,Room 11,q-bio.TO
1693,Pico-Newton mechanical forces promote neurite growth,Room 6,q-bio.CB
1694,Content Sharing for Mobile Devices,Room 10,cs.DC
1695,Anisomagnetic quasi-achromats with small effective emittance,Room 11,physics.acc-ph
1696,"Damping of sound waves in superfluid nucleon-hyperon matter of neutron
  stars",Room 8,astro-ph.SR
1697,"Reduced Bloch mode expansion for periodic media band structure
  calculations",Room 8,physics.comp-ph
1698,"Both invariant principles implied by Marx's law of value are necessary
  and sufficient to solve the transformation problem through Morishima's
  formalism",Room 4,econ.TH
1699,Applying Practice to Theory,Room 5,cs.CC
1700,A New Structural Property of SAT,Room 7,cs.CC
1701,Mesoscopic approach to minority games in herd regime,Room 4,nlin.AO
1702,"Data needs for integrated economic-epidemiological models of pandemic
  mitigation policies",Room 4,econ.GN
1703,"Deep Transform: Cocktail Party Source Separation via Probabilistic
  Re-Synthesis",Room 2,cs.SD
1704,Dimension reduction in representation of the data,Room 2,stat.ML
1705,Tensor Canonical Correlation Analysis for Multi-view Dimension Reduction,Room 2,stat.ML
1706,"A Bounded $p$-norm Approximation of Max-Convolution for Sub-Quadratic
  Bayesian Inference on Additive Factors",Room 1,stat.CO
1707,"From Transcripts to Insights: Uncovering Corporate Risks Using
  Generative AI",Room 3,econ.GN
1708,Self pinning protein-laden drops,Room 8,physics.chem-ph
1709,"PHENIX Measurement of High-$p_T$ Hadron-hadron and Photon-hadron
  Azimuthal Correlations",Room 11,nucl-ex
1710,Uncertainty spill-overs: when policy and financial realms overlap,Room 3,econ.GN
1711,"Longitudinal Stability of Recycler Bunches; Part I: Thresholds for Loss
  of Landau Damping",Room 8,physics.acc-ph
1712,"Approximate Dynamic Programming By Minimizing Distributionally Robust
  Bounds",Room 4,stat.ML
1713,ROPE: high-dimensional network modeling with robust control of edge FDR,Room 2,stat.CO
1714,"S2A: Wasserstein GAN with Spatio-Spectral Laplacian Attention for
  Multi-Spectral Band Synthesis",Room 2,eess.IV
1715,An Approximation Ratio for Biclustering,Room 2,cs.DS
1716,Chimeras and clusters emerging from robust-chaos dynamics,Room 8,nlin.AO
1717,"An integral geometry lemma and its applications: the nonlocality of the
  Pavlov equation and a tomographic problem with opaque parabolic objects",Room 5,nlin.SI
1718,"Determining the unsaturated hydraulic conductivity of a compacted
  sand-bentonite mixture under constant volume and free-swell conditions",Room 11,physics.geo-ph
1719,Finding Sparse Cuts Locally Using Evolving Sets,Room 4,cs.DS
1720,Study of a model for the distribution of wealth,Room 3,nlin.AO
1721,Robust decision-making under risk and ambiguity,Room 1,econ.EM
1722,"An Algorithmic Pipeline for Analyzing Multi-parametric Flow Cytometry
  Data",Room 2,q-bio.QM
1723,Highly Nonlinear Solitary Waves in Heterogeneous Periodic Granular Media,Room 8,nlin.PS
1724,"HIV and TB in Eastern and Southern Africa: Evidence for behaviour change
  and the impact of ART",Room 12,q-bio.QM
1725,An Experiment of Research-Oriented Teaching/Learning,Room 11,physics.ed-ph
1726,In Pursuit of Spreadsheet Excellence,Room 12,cs.SE
1727,"Information Validates the Prior: A Theorem on Bayesian Updating and
  Applications",Room 4,econ.TH
1728,Quantifying Gait Changes Using Microsoft Kinect and Sample Entropy,Room 1,stat.CO
1729,Hodge polynomials of the moduli spaces of rank 3 pairs,Room 7,math.AG
1730,Improving Limited Angle CT Reconstruction with a Robust GAN Prior,Room 2,eess.IV
1731,"Collisionless reconnection: Mechanism of self-ignition in thin current
  sheets",Room 8,physics.space-ph
1732,On the convergence of the Fitness-Complexity Algorithm,Room 3,q-fin.EC
1733,"Coarse-graining of cellular automata, emergence, and the predictability
  of complex systems",Room 5,nlin.CG
1734,Somatic Development Analysis of Handball Players using Computer Programs,Room 4,physics.med-ph
1735,Canonical connections on paracontact manifolds,Room 7,math.DG
1736,Internal precategories relative to split epimorphisms,Room 7,math.CT
1737,Periodic oscillations of dark solitons in parabolic potentials,Room 5,cond-mat.other
1738,"Optimized Preprocessing and Machine Learning for Quantitative Raman
  Spectroscopy in Biology",Room 1,eess.SP
1739,Minimax rank estimation for subspace tracking,Room 2,stat.ME
1740,A Note on the Pricing of Basket Options Using Taylor Approximations,Room 12,q-fin.PR
1741,"An Implementation of the Language Lambda Prolog Organized around
  Higher-Order Pattern Unification",Room 7,cs.PL
1742,Screening masses in the SU(3) pure gauge theory and universality,Room 7,hep-lat
1743,"Mod\'elisation des facteurs influen\c{c}ant la performance de la
  cha\^ine logistique",Room 4,cs.SE
1744,"Estimation of a Factor-Augmented Linear Model with Applications Using
  Student Achievement Data",Room 1,econ.EM
1745,"Direct Quantification for Coronary Artery Stenosis Using Multiview
  Learning",Room 2,eess.IV
1746,"Mirzakharni's recursion formula is equivalent to the Witten-Kontsevich
  theorem",Room 7,math.AG
1747,"Matching Under Preference Uncertainty: Random Allocation, Informativeness, and Welfare",Room 4,econ.TH
1748,"Observation of room-temperature ferroelectricity in tetragonal strontium
  titanate thin films on SrTiO3 (001) substrates",Room 8,cond-mat.mtrl-sci
1749,"Stability and chaotic behavior of Bose-Einstein condensates in optical
  lattices with two- and three-body interactions",Room 8,cond-mat.quant-gas
1750,"ProxIQA: A Proxy Approach to Perceptual Optimization of Learned Image
  Compression",Room 2,eess.IV
1751,"Localised nonlinear modes in the PT-symmetric double-delta well
  Gross-Pitaevskii equation",Room 5,nlin.PS
1752,Volumetric Attention for 3D Medical Image Segmentation and Detection,Room 2,eess.IV
1753,"Does an awareness of differing types of spreadsheet errors aid end-users
  in identifying spreadsheets errors?",Room 12,cs.HC
1754,"Deciphering circulating tumor cells binding in a microfluidic system
  thanks to a parameterized mathematical model",Room 8,q-bio.TO
1755,"A Hybrid Model for Disease Spread and an Application to the SARS
  Pandemic",Room 12,cs.MA
1756,"Continuous and discrete Neumann systems on Stiefel varieties as matrix
  generalizations of the Jacobi-Mumford systems",Room 7,nlin.SI
1757,The association between Marital Locus of Control and break-up intentions,Room 1,econ.GN
1758,"FDD Channel Estimation via Covariance Identification in Wideband Massive
  MIMO Systems",Room 11,eess.SP
1759,"Some open questions in ""wave chaos""",Room 5,nlin.CD
1760,Are Neutrinos Majorana Particles?,Room 11,physics.pop-ph
1761,"Combined servo error pre-compensation and feedrate optimization -- with
  application to a 3D printer and precision motion stage",Room 10,eess.SY
1762,"Zero-temperature phase of the XY spin glass in two dimensions: Genetic
  embedded matching heuristic",Room 8,cond-mat.dis-nn
1763,"Versatile transporter apparatus for experiments with optically trapped
  Bose-Einstein condensates",Room 8,cond-mat.quant-gas
1764,"Correlation-Polarization Effects in Electron/Positron Scattering from
  Acetylene: A Comparison of Computational Models",Room 8,physics.chem-ph
1765,Continuous breakdown of Purcell's scallop theorem with inertia,Room 8,cond-mat.soft
1766,lil' UCB : An Optimal Exploration Algorithm for Multi-Armed Bandits,Room 1,stat.ML
1767,The Kadets 1/4 theorem for polynomials,Room 5,math.CA
1768,"Process and Policy Insights from an Intercomparison of Open Electricity
  System Capacity Expansion Models",Room 4,econ.GN
1769,"Relative Positional Encoding for Speech Recognition and Direct
  Translation",Room 2,eess.AS
1770,"Blind Source Separation of Optical Wireless Communications in Noisy
  Environments",Room 2,eess.SP
1771,Stochastic Superoptimization,Room 10,cs.PF
1772,PyDEC: Software and Algorithms for Discretization of Exterior Calculus,Room 5,cs.NA
1773,Large Scale Correlation Screening,Room 3,stat.ML
1774,Transcription fluctuation effects on biochemical oscillations,Room 6,q-bio.MN
1775,On the Index of Congruence Subgroups of Aut(F_n),Room 7,math.GR
1776,"Statistics 101, 201, and 202: Three Shiny Apps for Teaching Probability Distributions, Inferential Statistics, and Simple Linear Regression",Room 12,stat.OT
1777,Principles of the motion of fluids,Room 7,physics.hist-ph
1778,"Complexity, information transfer and collective behavior in chaotic
  dynamical networks",Room 6,nlin.CD
1779,"The potential stickiness of pandemic-induced behavior changes in the
  United States",Room 4,stat.OT
1780,Bulk viscosity of superfluid neutron stars,Room 8,astro-ph
1781,"A nonlinearly ill-posed problem of reconstructing the temperature from
  interior data",Room 5,math.AP
1782,"Development of age spots as a result of accumulation of aged cells in
  aged skin",Room 6,q-bio.TO
1783,"van der Waals-like phase separation instability of a driven granular gas
  in three dimensions",Room 8,cond-mat.soft
1784,"Approximate homotopy symmetry method and homotopy series solutions to
  the six-order boussinesq equation",Room 12,nlin.PS
1785,"Laws of large numbers in stochastic geometry with statistical
  applications",Room 5,math.ST
1786,"RIP-Based Near-Oracle Performance Guarantees for Subspace-Pursuit,
  CoSaMP, and Iterative Hard-Thresholding",Room 2,stat.ME
1787,"A superpixel-driven deep learning approach for the analysis of
  dermatological wounds",Room 2,eess.IV
1788,"Sampling for Inference in Probabilistic Models with Fast Bayesian
  Quadrature",Room 1,stat.ML
1789,A generalization of the Shestakov-Umirbaev inequality,Room 5,math.AC
1790,"Design and performance analysis of a fully distributed source detection
  algorithm for WSNs",Room 10,eess.SP
1791,Solvable Model of Spiral Wave Chimeras,Room 5,nlin.PS
1792,Coping with Negative Short-Rates,Room 3,q-fin.MF
1793,"Exponential wealth distribution in a random market. A rigorous
  explanation",Room 3,q-fin.GN
1794,"More, better or different? Trade-offs between group size and competence
  development in jury theorems",Room 4,econ.TH
1795,"A study of co-movements between USA and Latin American stock markets: a
  cross-bicorrelations perspective",Room 3,q-fin.ST
1796,"Anomaly Detection in Time Series of Graphs using Fusion of Graph
  Invariants",Room 2,stat.ML
1797,"Four-body quantum dynamics of two-center electronic transitions in
  relativistic ion-atom collisions and target recoil momentum spectroscopy",Room 8,physics.atom-ph
1798,Information transfer with small-amplitude signals,Room 6,q-bio.NC
1799,Feature Selection By KDDA For SVM-Based MultiView Face Recognition,Room 2,cs.CV
1800,"Effect of the volume of the drainage system on the measurement of
  undrained thermo-poro-elastic parameters",Room 11,physics.geo-ph
1801,"High fidelity optogenetic control of individual prefrontal cortical
  pyramidal neurons in vivo",Room 6,q-bio.NC
1802,"Cosets, genericity, and the Weyl group",Room 7,math.GR
1803,On the Lagrangian structure of Calogero's Goldfish model,Room 5,nlin.SI
1804,A Simplified Approach to Two-Port Analysis in Feedback,Room 11,eess.SY
1805,Singular point characterization in microscopic flows,Room 8,physics.optics
1806,Formation of the frozen core in critical Boolean Networks,Room 6,q-bio.MN
1807,"Clique of functional hubs orchestrates population bursts in
  developmentally regulated neural networks",Room 6,q-bio.NC
1808,"Looking into informal currency markets as Limit Order Books: impact of
  market makers",Room 3,q-fin.TR
1809,Ideal synchronizer for marked pairs in fork-join network,Room 10,cs.DM
1810,A unified description of solvent effects in the helix-coil transition,Room 8,q-bio.BM
1811,"Computer aided planning and navigation for orbito-zygomatic
  reconstruction",Room 11,physics.med-ph
1812,On b-perfect chordal graphs,Room 5,cs.DM
1813,"The Leland-Toft optimal capital structure model under Poisson
  observations",Room 3,q-fin.PR
1814,"Utility maximization problem with random endowment and transaction
  costs: when wealth may become negative",Room 3,q-fin.MF
1815,Initial Distribution Spread: A density forecasting approach,Room 1,nlin.CD
1816,Robust self-triggered coordination with ternary controllers,Room 10,cs.SY
1817,Scaling conditional tail probability and quantile estimators,Room 3,q-fin.RM
1818,Ranking alternatives from opinions on criteria,Room 4,econ.TH
1819,"Generalized Expected Discounted Penalty Function at General Drawdown for
  L\'{e}vy Risk Processes",Room 4,q-fin.PR
1820,"Towards Fast, Flexible and Sensor-Free Control of Standalone PVDG
  Systems",Room 10,eess.SY
1821,"A modeling of the carbon-nitrogen cycle transport at Igap\'o I Lake -
  Londrina, Paran\'a, Brazil",Room 1,physics.ao-ph
1822,Doubles and Negatives are Positive (in Self-Assembly),Room 7,cs.ET
1823,Inference for Two-Stage Extremum Estimators,Room 4,econ.EM
1824,Spherical two-distance sets,Room 10,math.MG
1825,Exploiting Bird Locomotion Kinematics Data for Robotics Modeling,Room 2,cs.RO
1826,Reflection matrices for the $U_{q}[sl(m|n)^{(1)}] $ vertex model,Room 5,nlin.SI
1827,"The regulatory switch of F1-ATPase studied by single-molecule FRET in
  the ABEL Trap",Room 6,q-bio.BM
1828,"A Symmetric System of Mixed Painleve III - V Equations and its
  Integrable Origin",Room 5,nlin.SI
1829,"Three-dimensional solitons and vortices in dipolar Bose-Einstein
  condensates",Room 8,nlin.PS
1830,Robust Low-rank Tensor Recovery: Models and Algorithms,Room 1,stat.ML
1831,"Graphic Processing Unit Simulation of Axon Growth and Guidance through
  Cue Diffusion on Massively Parallel Processors",Room 6,q-bio.NC
1832,"Bifurcation analysis and structural stability of simplicial oscillator
  populations",Room 8,nlin.AO
1833,An $\Omega(\log(N)/N)$ Lookahead is Sufficient to Bound Costs in the Overloaded Loss Network,Room 3,econ.TH
1834,Algebraic Ordinals,Room 12,cs.FL
1835,Error-free milestones in error prone measurements,Room 1,stat.AP
1836,Switched systems and the logical foundation of circuit theory,Room 10,nlin.SI
1837,The importance and impact of discoveries about neural crest fates,Room 6,q-bio.CB
1838,Extreme values for Benedicks-Carleson quadratic maps,Room 5,math.DS
1839,Iterative Time Reversal with Tunable Convergence,Room 11,nlin.CD
1840,"Cs CPT magnetometer for cardio-signal detection in unshielded
  environment",Room 2,physics.atom-ph
1841,"Parametric estimation in noisy blind deconvolution model: a new
  estimation procedure",Room 1,math.ST
1842,"Multi-view Frequency LSTM: An Efficient Frontend for Automatic Speech
  Recognition",Room 2,eess.AS
1843,Large Scale Intermittency in the Atmospheric Boundary Layer,Room 5,physics.flu-dyn
1844,On Stable H-infinity Controllers for Time Delay Systems,Room 12,eess.SY
1845,A Multivariate Training Technique with Event Reweighting,Room 1,physics.data-an
1846,"SME investment best strategies. Outliers for assessing how to optimize
  performance",Room 3,q-fin.GN
1847,"Canard-induced mixed mode oscillations in an excitable glow discharge
  plasmas",Room 11,nlin.CD
1848,Control of spatially rotating structures in diffractive Kerr cavities,Room 11,nlin.PS
1849,"Same Root Different Leaves: Time Series and Cross-Sectional Methods in
  Panel Data",Room 4,econ.EM
1850,"Investigation of spin scattering mechanism in silicon channels of
  Fe/MgO/Si lateral spin valves",Room 8,physics.app-ph
1851,"Binding of bivalent transcription factors to active and inactive regions
  folds human chromosomes into loops, rosettes and domains",Room 6,q-bio.BM
1852,The needlets bispectrum,Room 11,math.ST
1853,Interactive Character Posing by Sparse Coding,Room 10,cs.GR
1854,"Construction and test of a moving boundary model for negative streamer
  discharges",Room 8,physics.plasm-ph
1855,RSS-Based Detection of Drones in the Presence of RF Interferers,Room 10,eess.SP
1856,Bayesian Learning-Based Adaptive Control for Safety Critical Systems,Room 4,eess.SY
1857,Optimal tests in AR(m) time series model,Room 1,stat.AP
1858,Leonard triples and hypercubes,Room 5,math.CO
1859,"Random-set methods identify distinct aspects of the enrichment signal in
  gene-set analysis",Room 2,stat.AP
1860,A Scrambled Method of Moments,Room 1,econ.EM
1861,"Contrastive Separative Coding for Self-supervised Representation
  Learning",Room 2,eess.AS
1862,"Stretching and twisting of the DNA duplexes in coarse grained dynamical
  models",Room 8,q-bio.BM
1863,A Model for Probabilistic Reasoning on Assume/Guarantee Contracts,Room 10,cs.PF
1864,"Improving Noise Robustness of an End-to-End Neural Model for Automatic
  Speech Recognition",Room 12,eess.AS
1865,"Sparse estimation via nonconcave penalized likelihood in a factor
  analysis model",Room 1,stat.ME
1866,Preference-based Energy Exchange in a Network of Microgrids,Room 10,eess.SY
1867,"Effect of Salt Concentration on the Electrophoretic Speed of a
  Polyelectrolyte through a Nanopore",Room 8,physics.chem-ph
1868,"DDPG based on multi-scale strokes for financial time series trading
  strategy",Room 3,q-fin.TR
1869,"On regularity of primal and dual dynamic value functions related to
  investment problem",Room 3,q-fin.MF
1870,"Pseudo-Zernike Moments Based Sparse Representations for SAR Image
  Classification",Room 1,eess.SP
1871,Photodynamic therapy influence on anti-cancer immunity,Room 6,q-bio.CB
1872,"Comment on ""Long Time Evolution of Phase Oscillator Systems"" [Chaos
  19,023117 (2009), arXiv:0902.2773]",Room 8,nlin.CD
1873,Depletion effects in smectic phases of hard rod--hard sphere mixtures,Room 8,cond-mat.soft
1874,"Testing polynomial covariate effects in linear and generalized linear
  mixed models",Room 1,stat.AP
1875,"Local identifiability of $l_1$-minimization dictionary learning: a
  sufficient and almost necessary condition",Room 2,stat.ML
1876,"Sparse partial least squares for on-line variable selection in
  multivariate data streams",Room 3,stat.ML
1877,The double dealing of cyclin D1,Room 6,q-bio.SC
1878,Temporal Correlations of Local Network Losses,Room 4,cs.NI
1879,Cryopreservation of pineapple (Ananas comosus) apices,Room 11,q-bio.TO
1880,"Sequential Monte Carlo pricing of American-style options under
  stochastic volatility models",Room 3,q-fin.CP
1881,The Glue Content of the Pion,Room 5,hep-lat
1882,Asynchronous ADRs: Overnight vs Intraday Returns and Trading Strategies,Room 3,q-fin.ST
1883,DVA for Assets,Room 3,q-fin.PR
1884,Groebner-Shirshov Bases: Some New Results,Room 5,math.RA
1885,Optimal Byzantine Resilient Convergence in Asynchronous Robot Networks,Room 10,cs.DC
1886,"Formal Scenario-Based Testing of Autonomous Vehicles: From Simulation to
  the Real World",Room 1,eess.SY
1887,Nonlocal interactions versus viscosity in turbulence,Room 12,nlin.CD
1888,"Necessary optimality conditions for the calculus of variations on time
  scales",Room 5,math.OC
1889,"Metrics matter, a Formal comment on Ward et al Plos-One 2016 paper : Is
  decoupling GDP growth from environmental impact possible?",Room 3,econ.GN
1890,Precision Lattice Calculation of D and Ds decay constants,Room 12,hep-lat
1891,Early Record of Divisibility and Primality,Room 5,math.HO
1892,"Consequences of cell-to-cell P-glycoprotein transfer on acquired
  multidrug resistance in breast cancer: a cell population dynamics model",Room 6,q-bio.BM
1893,"A Random Matrix Approach to Wide Band Spectrum Sensing: Unknown Noise
  Variance Case",Room 1,eess.SP
1894,A Streamwise GAN Vocoder for Wideband Speech Coding at Very Low Bit Rate,Room 2,eess.AS
1895,Network motifs come in sets: correlations in the randomization process,Room 2,q-bio.MN
1896,The F5 Algorithm in Buchberger's Style,Room 10,cs.SC
1897,"Adaptive Optimal Nonparametric Regression and Density Estimation Based
  on Fourier-Legendre Expansion",Room 1,math.ST
1898,Controllability of Brain Networks,Room 6,q-bio.NC
1899,A preliminary XML-based search system for planetary data,Room 1,cs.IR
1900,"Path Diversity over Packet Switched Networks: Performance Analysis and
  Rate Allocation",Room 10,cs.NI
1901,End-to-End Risk Budgeting Portfolio Optimization with Neural Networks,Room 2,q-fin.PM
1902,Spatio-temporal Models of Lymphangiogenesis in Wound Healing,Room 6,q-bio.TO
1903,"Detection of Cancer Stages via Fractal Dimension Analysis of Optical
  Transmission Imaging of Tissue Micro Arrays (TMA)",Room 6,q-bio.TO
1904,The Complexity of Finding Reset Words in Finite Automata,Room 12,cs.FL
1905,On the magnetic topology of partially and fully convective stars,Room 11,astro-ph.SR
1906,"Change-Point Detection in Time-Series Data by Relative Density-Ratio
  Estimation",Room 1,stat.ML
1907,The derivative nonlinear Schrodinger equation on the interval,Room 5,nlin.SI
1908,"Phase space reconstruction from a biological time series. A
  PhotoPlethysmoGraphic signal a case study",Room 6,q-bio.OT
1909,A partial $A_\infty$-structure on the cohomology of $C_n\times C_m$,Room 7,math.KT
1910,Modelling volatile time series with v-transforms and copulas,Room 3,q-fin.RM
1911,Macroeconomic Data Transformations Matter,Room 2,econ.EM
1912,"Analysis of a stochastic chemical system close to a SNIPER bifurcation
  of its mean-field model",Room 5,physics.chem-ph
1913,"SoundSignaling: Realtime, Stylistic Modification of a Personal Music
  Corpus for Information Delivery",Room 4,eess.AS
1914,Estimating Idea Production: A Methodological Survey,Room 1,econ.GN
1915,Unit Averaging for Heterogeneous Panels,Room 4,econ.EM
1916,Fourier series and approximation on hexagonal and triangular domains,Room 5,math.CA
1917,Hybrid Analog-Digital Precoding for Interference Exploitation,Room 10,eess.SP
1918,Swap Bribery,Room 4,cs.GT
1919,On-a-chip biosensing based on all-dielectric nanoresonators,Room 11,physics.app-ph
1920,Graph-Controlled Insertion-Deletion Systems,Room 7,cs.FL
1921,Kernels for linear time invariant system identification,Room 1,cs.SY
1922,"Search for Cosmic-Ray Antiparticles with Balloon-borne and Space-borne
  Experiments",Room 11,astro-ph.IM
1923,DomainScope: A disease network based on protein domain connections,Room 6,q-bio.GN
1924,RCF2: Evaluation and Consistency,Room 12,math.CT
1925,Hierarchical PCA and Applications to Portfolio Management,Room 3,q-fin.PM
1926,Asymptotic Analysis for Optimal Dividends in a Dual Risk Model,Room 4,q-fin.RM
1927,Granularity-Adaptive Proof Presentation,Room 7,cs.AI
1928,The Extremal Spheres Theorem,Room 7,math.MG
1929,Quantifying evolvability in small biological networks,Room 6,q-bio.MN
1930,"Determination of the $\psi(3770)$, $\psi(4040)$, $\psi(4160)$ and
  $\psi(4415)$ resonance parameters",Room 11,hep-ex
1931,"DCASE 2021 Task 3: Spectrotemporally-aligned Features for Polyphonic
  Sound Event Localization and Detection",Room 2,eess.AS
1932,Percolation Approach to Study Connectivity in Living Neural Networks,Room 6,q-bio.NC
1933,"Analytic Loss Distributional Approach Model for Operational Risk from
  the alpha-Stable Doubly Stochastic Compound Processes and Implications for
  Capital Allocation",Room 3,q-fin.RM
1934,"Arabic Speech Recognition by End-to-End, Modular Systems and Human",Room 12,eess.AS
1935,"Free Field Realization of Quantum Affine Superalgebra
  $U_q(\hat{{sl}}(N|1))$",Room 7,nlin.SI
1936,"Superconducting parallel nanowire detector with photon number resolving
  functionality",Room 11,physics.ins-det
1937,Nonparametric Reduced Rank Regression,Room 1,stat.ML
1938,"Detection of Functional Communities in Networks of Randomly Coupled
  Oscillators Using the Dynamic-Mode Decomposition",Room 6,nlin.AO
1939,Algorithmic Fairness and Statistical Discrimination,Room 4,econ.TH
1940,"Testing approximate normality of an estimator using the estimated MSE
  and bias with an application to the shape parameter of the generalized Pareto
  distribution",Room 3,stat.AP
1941,Solvable Lie algebras with triangular nilradicals,Room 7,math.RA
1942,"Convolutional Neural Network and decision support in medical imaging:
  case study of the recognition of blood cell subtypes",Room 2,eess.IV
1943,Explicit option valuation in the exponential NIG model,Room 12,q-fin.PR
1944,"Evaluating experiences in a digital nutrition education program for
  people with multiple sclerosis: a qualitative study",Room 12,q-bio.OT
1945,Approximate Bayesian Computation for Smoothing,Room 1,stat.CO
1946,Shadow price in the power utility case,Room 3,q-fin.PM
1947,On one polynomial $p$-adic dynamical system,Room 5,math.DS
1948,"Exploration of legal implications of air and space travel for
  international and domestic travel and the Environment",Room 11,econ.GN
1949,"Clustering South African households based on their asset status using
  latent variable models",Room 1,stat.AP
1950,Asset Allocation: From Markowitz to Deep Reinforcement Learning,Room 2,q-fin.PM
1951,Probabilistic projections of HIV prevalence using Bayesian melding,Room 1,stat.AP
1952,"Event-by-event transverse momentum fluctuations in nuclear collisions at
  CERN SPS",Room 11,nucl-ex
1953,"A Flexible LDPC code decoder with a Network on Chip as underlying
  interconnect architecture",Room 10,cs.AR
1954,"A Survey of Air-to-Ground Propagation Channel Modeling for Unmanned
  Aerial Vehicles",Room 10,eess.SP
1955,"TT2NE: A novel algorithm to predict RNA secondary structures with
  pseudoknots",Room 6,q-bio.BM
1956,"An EM algorithm for estimation in the Mixture Transition Distribution
  model",Room 1,stat.CO
1957,"Estimating real-world probabilities: A forward-looking behavioral
  framework",Room 3,q-fin.RM
1958,Why Long-Term Debt Instruments Cannot Be Deposit Substitutes,Room 3,q-fin.GN
1959,"New Close Binary Systems from the SDSS-I (Data Release Five) and the
  Search for Magnetic White Dwarfs in Cataclysmic Variable Progenitor Systems",Room 11,astro-ph
1960,Rate Constrained Random Access over a Fading Channel,Room 10,cs.GT
1961,Jackknife inference with two-way clustering,Room 1,econ.EM
1962,Spatio-temporal canards in neural field equations,Room 8,nlin.PS
1963,Cause and Cure of Sloppiness in Ordinary Differential Equation Models,Room 6,q-bio.MN
1964,Intermittency in Quantitative Finance,Room 4,q-fin.ST
1965,"Emission of Low-Energy Photons by Electrons at Electron-Positron and
  Electron-Ion Colliders with Dense Bunches",Room 11,physics.acc-ph
1966,Complexity Synchronization,Room 6,nlin.AO
1967,Nonextensive triplets in stock market indices,Room 4,q-fin.ST
1968,A Roadmap for Predictive Human Immunology,Room 2,q-bio.OT
1969,Long delay times in reaction rates increase intrinsic fluctuations,Room 6,q-bio.QM
1970,A Maximum Theorem for Incomplete Preferences,Room 4,econ.TH
1971,Source Reconstruction for Spatio-Temporal Physical Statistical Models,Room 1,stat.OT
1972,Orthogonal complex structures on domains in R^4,Room 7,math.DG
1973,"General Mixed Multi-Soliton Solutions to One-Dimensional Multicomponent
  Yajima-Oikawa System",Room 8,nlin.SI
1974,"Multiple Conceptual Coherences in the Speed Tutorial: Micro-processes of
  Local Stability",Room 11,physics.ed-ph
1975,Learning Wavefront Coding for Extended Depth of Field Imaging,Room 2,eess.IV
1976,Efficiency of Monte Carlo Sampling in Chaotic Systems,Room 5,nlin.CD
1977,MOHCS: Towards Mining Overlapping Highly Connected Subgraphs,Room 2,cs.DC
1978,"Dynamic Resonance Effects in the Statistical Distributions of Asteroids
  and Comets",Room 11,astro-ph.EP
1979,Learning-based attacks in cyber-physical systems,Room 10,eess.SY
1980,Hyperbolic geometry and moduli of real cubic surfaces,Room 7,math.AG
1981,Moments Calculation For the Doubly Truncated Multivariate Normal Density,Room 1,stat.CO
1982,"Stochastic focusing coupled with negative feedback enables robust
  regulation in biochemical reaction networks",Room 6,q-bio.MN
1983,Avoiding pathologies in very deep networks,Room 2,stat.ML
1984,Chaotic Transitions in Wall Following Robots,Room 12,nlin.CD
1985,Representations admitting two pairs of supplementary invariant spaces,Room 7,math.RT
1986,"Valid auto-models for spatially autocorrelated occupancy and abundance
  data",Room 1,q-bio.QM
1987,"Determining the Number of Non-Spurious Arcs in a Learned DAG Model:
  Investigation of a Bayesian and a Frequentist Approach",Room 1,stat.AP
1988,Dynamic Phase Transitions in Cell Spreading,Room 6,q-bio.CB
1989,Solos: A Dataset for Audio-Visual Music Analysis,Room 2,eess.AS
1990,Stabilizing a spherical pendulum on a quadrotor,Room 5,eess.SY
1991,Some epistemic questions of cosmology,Room 11,physics.hist-ph
1992,Asymptotic stability at infinity for bidimensional Hurwitz vector fields,Room 7,math.DS
1993,How to predict and avert economic crisis,Room 3,q-fin.GN
1994,"A Multi-Agent-Based Rolling Optimization Method for Restoration
  Scheduling of Electrical Distribution Systems with Distributed Generation",Room 10,eess.SP
1995,"Local Labor Market Effects of Mergers and Acquisitions in Developing
  Countries: Evidence from Brazil",Room 3,econ.GN
1996,"Optical polarisation of the Crab pulsar: precision measurements and
  comparison to the radio emission",Room 11,astro-ph.SR
1997,Are Men Less Generous to a Smarter Woman? Evidence from a Dictator Game Experiment,Room 4,econ.GN
1998,"Death ligand concentration and the membrane proximal signaling module
  regulate the type 1/ type 2 choice in apoptotic death signaling",Room 6,q-bio.CB
1999,Solar wind turbulent spectrum from MHD to electron scales,Room 11,physics.space-ph
2000,Statistical thermodynamics of economic systems,Room 4,q-fin.ST
2001,On Daryl Bem's Feeling the Future Paper,Room 1,stat.AP
2002,On minimal extensions of rings,Room 7,math.RA
2003,Optical Kerr spatiotemporal dark extreme waves,Room 8,nlin.PS
2004,Dynamically Stable Matching,Room 4,econ.TH
2005,Four methods for generation of turbulent phase screens: comparison,Room 11,eess.IV
2006,"Blockmodels: A R-package for estimating in Latent Block Model and
  Stochastic Block Model, with various probability functions, with or without
  covariates",Room 1,stat.CO
2007,"Is the panel fair? Evaluating panel compositions through network
  analysis. The case of research assessments in Italy",Room 12,econ.GN
2008,The Effect of Education on Smoking Decisions in the United States,Room 1,econ.GN
2009,"A comparative study for the pair-creation contact process using series
  expansions",Room 5,cond-mat.stat-mech
2010,Estimation procedures for a semiparametric family of bivariate copulas,Room 3,stat.ME
2011,"Enhancing Patch-Based Methods with Inter-frame Connectivity for
  Denoising Multi-frame Images",Room 2,eess.IV
2012,Inference under random limit bootstrap measures,Room 1,econ.EM
2013,"Multi-Scale Recursive and Perception-Distortion Controllable Image
  Super-Resolution",Room 2,eess.IV
2014,"Error analysis in Bayesian identification of non-linear state-space
  models",Room 1,stat.AP
2015,General Bayesian inference schemes in infinite mixture models,Room 1,stat.CO
2016,"Variational approximations for travelling solitons in a discrete
  nonlinear Schr\""{o}dinger equation",Room 8,nlin.PS
2017,The Rise of Age-Friendly Jobs,Room 1,econ.GN
2018,"Value relevance of the components of oil and gas reserve quantity change
  disclosures of upstream oil and gas companies in the london stock exchange",Room 3,q-fin.GN
2019,"Microscopic and Macroscopic Stress with Gravitational and Rotational
  Forces",Room 8,nlin.CD
2020,Mixtures of Spatial Spline Regressions,Room 2,stat.ME
2021,"Asymmetric Rotational Stroke in Mouse Node Cilia during Left-Right
  Determination",Room 6,q-bio.TO
2022,DiffSVC: A Diffusion Probabilistic Model for Singing Voice Conversion,Room 2,eess.AS
2023,"Chen's double sieve, Goldbach's conjecture and the twin prime problem, 2",Room 7,math.NT
2024,Is This a Good Title?,Room 1,cs.IR
2025,"Modeling cell crawling strategies with a bistable model: From amoeboid
  to fan-shaped cell motion",Room 6,q-bio.CB
2026,Database of Power Grid Frequency Measurements,Room 10,eess.SY
2027,Variational principles for spin systems and the Kirchhoff rod,Room 5,nlin.CD
2028,Subgeometrically ergodic autoregressions,Room 5,econ.EM
2029,Planar Vacuum Diode With Monoenergetic Electrons,Room 11,physics.gen-ph
2030,"Spontaneous Emergence of Modularity in a Model of Evolving Individuals
  and in Real Networks",Room 6,q-bio.MN
2031,Mixed Reinforcement Learning with Additive Stochastic Uncertainty,Room 4,eess.SY
2032,Bivariate Uniform Deconvolution,Room 1,stat.ME
2033,"Evaluation of Gaussian approximations for data assimilation in reservoir
  models",Room 1,stat.AP
2034,"Modelling the reflective thermal contribution to the acceleration of the
  Pioneer spacecraft",Room 11,physics.space-ph
2035,"Feedback-induced stationary localized patterns in networks of
  diffusively coupled bistable elements",Room 6,nlin.AO
2036,"Comment on ""Delayed luminescence of biological systems in terms of
  coherent states"" [Phys. Lett. A 293 (2002) 93]",Room 8,q-bio.QM
2037,Dynamic rays of bounded-type entire functions,Room 7,math.DS
2038,"Dynamics of a Binary Option Market with Exogenous Information and Price
  Sensitivity",Room 3,q-fin.TR
2039,"The Automatic Synthesis of Linear Ranking Functions: The Complete
  Unabridged Version",Room 10,cs.PL
2040,"Antiferromagnetic correlations near the lower edge of superconducting
  dome in YBCO6+x",Room 8,cond-mat.supr-con
2041,Estimating the evidence -- a review,Room 1,stat.ME
2042,"Mean extinction times in cyclic coevolutionary rock-paper-scissors
  dynamics",Room 4,q-bio.PE
2043,KrigHedge: Gaussian Process Surrogates for Delta Hedging,Room 3,q-fin.CP
2044,Single particle spectrum of resonant population imbalanced Fermi gases,Room 8,cond-mat.other
2045,A nonparametric CUSUM control chart based on the Mann-Whitney statistic,Room 1,stat.ME
2046,"A Full Frequency Masking Vocoder for Legal Eavesdropping Conversation
  Recording",Room 2,cs.SD
2047,"Wired Beneath, Scented Above: A Dual-Parameter Approach to Soil-Plant Interaction via Electrical Resistance and VOC Analysis",Room 11,q-bio.OT
2048,Forum on immune digital twins: a meeting report,Room 2,q-bio.OT
2049,Lagrangian Approach to Dispersionless KdV Hierarchy,Room 5,nlin.SI
2050,"Artificial Hormone Reaction Networks: Towards Higher Evolvability in
  Evolutionary Multi-Modular Robotics",Room 6,cs.RO
2051,"Connecting Spiking Neurons to a Spiking Memristor Network Changes the
  Memristor Dynamics",Room 6,cs.ET
2052,"Generic temperature compensation of biological clocks by autonomous
  regulation of catalyst concentration",Room 6,q-bio.MN
2053,Towards a Mathematical Foundation of Immunology and Amino Acid Chains,Room 2,stat.ML
2054,"Estimation, Analysis and Smoothing of Self-Similar Network Induced
  Delays in Feedback Control of Nuclear Reactors",Room 10,cs.SY
2055,"Linear Parameter-Varying Control of Nonlinear Systems based on
  Incremental Stability",Room 12,eess.SY
2056,Probabilistic Permutation Invariant Training for Speech Separation,Room 2,eess.AS
2057,Information-theoretic security without an honest majority,Room 10,cs.CR
2058,Generalization and Exploration via Randomized Value Functions,Room 4,stat.ML
2059,"Integrating Prior Knowledge Into Prognostic Biomarker Discovery based on
  Network Structure",Room 2,q-bio.GN
2060,"A Heterogeneous Schelling Model for Wealth Disparity and its Effect on
  Segregation",Room 4,nlin.AO
2061,How to desynchronize quorum-sensing networks,Room 10,nlin.AO
2062,"Non-stationary Spatial Modelling with Applications to Spatial Prediction
  of Precipitation",Room 2,stat.ME
2063,Directed Random Market: the equilibrium distribution,Room 3,q-fin.GN
2064,"The Long Term Fate of Our Digital Belongings: Toward a Service Model for
  Personal Archives",Room 12,cs.DL
2065,Positive streamers in ambient air and a N2:O2-mixture (99.8 : 0.2),Room 11,physics.plasm-ph
2066,Public Persuasion with Endogenous Fact-Checking,Room 4,econ.TH
2067,Neural Hawkes: Non-Parametric Estimation in High Dimension and Causality Analysis in Cryptocurrency Markets,Room 3,q-fin.TR
2068,Measurement of (anti)deuteron and (anti)proton production in DIS at HERA,Room 11,hep-ex
2069,"A Distributed Dynamic Programming-based Solution for Load Management in
  Smart Grids",Room 10,eess.SP
2070,Robust mean-variance hedging in the single period model,Room 3,q-fin.PR
2071,Optimization of a Dynamic Profit Function using Euclidean Path Integral,Room 10,econ.TH
2072,Estimation of experimental data redundancy and related statistics,Room 1,physics.data-an
2073,Similar is Better: Speed Variability Reduces Traffic Flow,Room 10,nlin.CD
2074,"Smart Finite State Devices: A Modeling Framework for Demand Response
  Technologies",Room 4,cs.SY
2075,On the Complexity of Smooth Spline Surfaces from Quad Meshes,Room 5,cs.GR
2076,Hypergraph matching for MU-MIMO user grouping in wireless LANs,Room 10,eess.SP
2077,Extreme events in near integrable lattices,Room 5,nlin.PS
2078,Period doubling route to chaos in Taylor-Green dynamo,Room 8,nlin.CD
2079,"The Kuramoto model in presence of additional interactions that break
  rotational symmetry",Room 8,nlin.AO
2080,"High-throughput sequencing reveals a simple model of nucleosome
  energetics",Room 6,q-bio.GN
2081,Quantile hedging on markets with proportional transaction costs,Room 3,q-fin.MF
2082,"Generalised Lyapunov Functions and Functionally Generated Trading
  Strategies",Room 3,q-fin.MF
2083,Optimality of Moore neighborhoods in protein contact maps,Room 6,q-bio.MN
2084,Dynamics of tuples of matrices,Room 5,math.FA
2085,"Geometric combinatorics and computational molecular biology: branching
  polytopes for RNA sequences",Room 6,q-bio.BM
2086,Correlation Widths in Quantum--Chaotic Scattering,Room 5,nlin.CD
2087,"Approximate D-optimal Experimental Design with Simultaneous Size and
  Cost Constraints",Room 1,stat.CO
2088,"Optimization of periodic input waveforms for global entrainment of
  weakly forced limit-cycle oscillators",Room 8,nlin.AO
2089,Contextual Bandit Algorithms with Supervised Learning Guarantees,Room 1,cs.LG
2090,Geometry of Thin Films,Room 7,nlin.SI
2091,"An Entropy-Based Technique for Classifying Bacterial Chromosomes
  According to Synonymous Codon Usage",Room 6,q-bio.GN
2092,"The Information Content of Sarbanes-Oxley in Predicting Security
  Breaches",Room 1,q-fin.GN
2093,"Detection of an ancient principle and an elegant solution to the protein
  classification problem",Room 6,q-bio.GN
2094,"Semi-nonparametric Latent Class Choice Model with a Flexible Class
  Membership Component: A Mixture Model Approach",Room 4,econ.EM
2095,Simplified Chain Inflation,Room 11,hep-th
2096,Resonances for a diffusion with small noise,Room 5,math.SP
2097,Reflectionless Herglotz functions and generalized Lyapunov exponents,Room 5,math.SP
2098,"Investing in crypto: speculative bubbles and cyclic stochastic price
  pumps",Room 3,q-fin.TR
2099,Downturn LGD: A More Conservative Approach for Economic Decline Periods,Room 3,q-fin.RM
2100,Multiscaling in the YX model of networks,Room 6,physics.comp-ph
2101,Dynamics of the Sharp Edges of Broad Planetary Rings,Room 11,astro-ph.EP
2102,Random Variables aren't Random,Room 1,stat.OT
2103,"Hierarchical Severity Staging of Anterior Cruciate Ligament Injuries
  using Deep Learning with MRI Images",Room 2,eess.IV
2104,Computed stereo lensless X-ray imaging,Room 11,eess.IV
2105,Senescent fibroblasts can drive melanoma initiation and progression,Room 6,q-bio.TO
2106,Cellular Automata: Temporal Stochasticity and Computability,Room 6,nlin.CG
2107,Learning Loosely Connected Markov Random Fields,Room 1,stat.ML
2108,"On social welfare orders satisfying anonymity and asymptotic density-one
  Pareto",Room 4,econ.TH
2109,A factor mixture analysis model for multivariate binary data,Room 1,stat.ME
2110,Polarization under rising inequality and economic decline,Room 4,econ.GN
2111,Pattern-Oriented Analysis and Design (POAD) Theory,Room 12,cs.SE
2112,"Supercritical Dirac resonance parameters from extrapolated analytic
  continuation methods",Room 8,physics.atom-ph
2113,The Blocker Postulates for Measures of Voting Power,Room 4,econ.TH
2114,Real-time Prediction of Bitcoin Bubble Crashes,Room 3,q-fin.ST
2115,A Network-Based Explanation of Inequality Perceptions,Room 4,econ.GN
2116,Welfare Undominated Groves Mechanisms,Room 4,cs.GT
2117,"The Maximum Detectable Momentum for cosmic ray muons in the MINOS far
  detector",Room 11,physics.ins-det
2118,"Lasso under Multi-way Clustering: Estimation and Post-selection
  Inference",Room 2,econ.EM
2119,Periodic problem for the nonlinear Schroedinger equation,Room 5,nlin.SI
2120,"Control of asymmetric Hopfield networks and application to cancer
  attractors",Room 6,q-bio.MN
2121,Machine Learning Analysis of the Impact of Increasing the Minimum Wage on Income Inequality in Spain from 2001 to 2021,Room 1,econ.GN
2122,UPAL: Unbiased Pool Based Active Learning,Room 1,stat.ML
2123,Computing Optimal Experimental Designs via Interior Point Method,Room 1,stat.CO
2124,Why we (usually) don't have to worry about multiple comparisons,Room 1,stat.AP
2125,"On the Semimajor Axis Distribution of Extrasolar Gas Giant Planets: Why
  Hot Jupiters Are Rare Around High-Mass Stars",Room 11,astro-ph.EP
2126,"Dynamic Estimates Of The Arrow-Pratt Absolute And Relative Risk Aversion
  Coefficients",Room 4,econ.GN
2127,Operator norm convergence of spectral clustering on level sets,Room 1,stat.ML
2128,"Braiding transformation, entanglement swapping and Berry phase in
  entanglement space",Room 5,quant-ph
2129,"Corporate Security Prices in Structural Credit Risk Models with
  Incomplete Information: Extended Version",Room 3,q-fin.MF
2130,Stanley depth of monomial ideals in three variables,Room 7,math.AC
2131,"A Subgroup of a Direct Product of Free Groups whose Dehn Function has a
  Cubic Lower Bound",Room 7,math.GR
2132,"Describing Deferred Acceptance and Strategyproofness to Participants:
  Experimental Analysis",Room 4,econ.GN
2133,"Quantized Spectral Compressed Sensing: Cramer-Rao Bounds and Recovery
  Algorithms",Room 2,eess.SP
2134,"The Role of Persistent Graphs in the Agreement Seeking of Social
  Networks",Room 1,cs.MA
2135,"Optimizing MRF-ASL Scan Design for Precise Quantification of Brain
  Hemodynamics using Neural Network Regression",Room 2,eess.IV
2136,"A Comparison of Traditional and Deep Learning Methods for Parameter
  Estimation of the Ornstein-Uhlenbeck Process",Room 3,q-fin.CP
2137,iKlax: a New Musical Audio Format for Active Listening,Room 4,cs.SD
2138,Equidistribution of Dense Subgroups on Nilpotent Lie Groups,Room 7,math.GR
2139,Cyber Risk Assessment for Capital Management,Room 10,q-fin.RM
2140,"Automatic acute ischemic stroke lesion segmentation using
  semi-supervised learning",Room 2,eess.IV
2141,"Geostrophic balance preserving interpolation in mesh adaptive
  shallow-water ocean modelling",Room 5,physics.ao-ph
2142,"Orthogonal Floating Search Algorithms: From The Perspective of Nonlinear
  System Identification",Room 1,eess.SY
2143,"Credit Calibration with Structural Models: The Lehman case and Equity
  Swaps under Counterparty Risk",Room 3,q-fin.PR
2144,Comment: The 2005 Neyman Lecture: Dynamic Indeterminism in Science,Room 8,stat.ME
2145,Human Behavioral Models Using Utility Theory and Prospect Theory,Room 4,econ.GN
2146,"A computational model of inhibitory control in frontal cortex and basal
  ganglia",Room 6,q-bio.NC
2147,"Excitability in the vicinity of a saddle-node bifurcation: a mechanism
  for reversals",Room 8,physics.geo-ph
2148,"Alignment of the Pixel and SCT Modules for the 2004 ATLAS Combined Test
  Beam",Room 11,physics.ins-det
2149,"Jorge A. Swieca's contributions to quantum field theory in the 60s and
  70s and their relevance in present research",Room 7,physics.hist-ph
2150,Movement Prediction Using Accelerometers in a Human Population,Room 1,stat.AP
2151,"On the impact of explicit or semi-implicit integration methods over the
  stability of real-time numerical simulations",Room 5,cs.GR
2152,"On the Equivalence of Synchronous Coordination Game and Asynchronous
  Coordination Design",Room 4,econ.TH
2153,Dilatation structures in sub-riemannian geometry,Room 7,math.DG
2154,"Combinatorial and model-theoretical principles related to regularity of
  ultrafilters and compactness of topological spaces. II",Room 7,math.LO
2155,Markov Stochastic Choice,Room 4,econ.TH
2156,"A migrating epithelial monolayer flows like a Maxwell viscoelastic
  liquid",Room 6,q-bio.TO
2157,"The Magic of Permutation Matrices: Categorizing, Counting and
  Eigenspectra of Magic Squares",Room 5,math.HO
2158,Fluctuations of energy flux in wave turbulence,Room 12,physics.flu-dyn
2159,"A Pairwise Strategic Network Formation Model with Group Heterogeneity:
  With an Application to International Travel",Room 1,econ.EM
2160,Is the general time-reversible model bad for molecular phylogenetics?,Room 6,q-bio.PE
2161,"Efficient Personalized Speech Enhancement through Self-Supervised
  Learning",Room 2,eess.AS
2162,"Transitions in the Stock Markets of the US, UK, and Germany",Room 4,q-fin.PM
2163,"Optimization-based Settingless Algorithm Combining Protection and Fault
  Identification",Room 10,eess.SY
2164,Lie algebra F-normalisers are intravariant,Room 7,math.RA
2165,Incentivizing Information Acquisition,Room 4,econ.TH
2166,"A QMA-Complete Translationally Invariant Hamiltonian Problem and the
  Complexity of Finding Ground State Energies in Physical Systems",Room 8,quant-ph
2167,"Related terms search based on WordNet / Wiktionary and its application
  in Ontology Matching",Room 12,cs.IR
2168,"Equivalence of different descriptions for $\eta$ Particle in Simplest
  Little Higgs Model",Room 7,hep-ph
2169,Large-Maturity Regimes of the Heston Forward Smile,Room 3,q-fin.PR
2170,"Terrain estimation via vehicle vibration measurement and cubature Kalman
  filtering",Room 1,eess.SY
2171,"Pricing and Risk Management with High-Dimensional Quasi Monte Carlo and
  Global Sensitivity Analysis",Room 3,q-fin.RM
2172,"Errors and their mitigation at the Kirchhoff-law-Johnson-noise secure
  key exchange",Room 10,cs.ET
2173,"Gauss--Berezin integral operators and spinors over supergroups
  $\mathrm{OSp}(2p|2q)$, and Lagrangian super-Grasmannians",Room 7,math.RT
2174,Robust Portfolios and Weak Incentives in Long-Run Investments,Room 4,q-fin.PM
2175,An Improved Measure of Musical Noise Based on Spectral Kurtosis,Room 2,eess.AS
2176,"A Simple Linear Algebraic Approach to Capture the Dynamics of the
  Circular Flow of Income",Room 4,econ.GN
2177,"LMI Properties and Applications in Systems, Stability, and Control
  Theory",Room 5,eess.SY
2178,Soft ideals and arithmetic mean ideals,Room 7,math.FA
2179,Precision measurement of the Casimir-Lifshitz force in a fluid,Room 8,physics.atom-ph
2180,COLoR - Coordinated On-Line Rankers for Network Reconstruction,Room 2,q-bio.MN
2181,"Multispectral Focal Stack Acquisition Using A Chromatic Aberration
  Enlarged Camera",Room 2,eess.IV
2182,"Regularization and nonlinearities for neural language models: when are
  they needed?",Room 2,stat.ML
2183,"In Situ Experiment and Modelling of RC-Structure Using Ambient Vibration
  and Timoshenko Beam",Room 11,physics.geo-ph
2184,"Zero-lag synchronization in coupled time-delayed piecewise linear
  electronic circuits",Room 12,nlin.CD
2185,The gig economy during an epidemic: coupling disease transmission with labour market dynamics,Room 4,econ.TH
2186,Fitting function for asymmetric peaks,Room 11,physics.data-an
2187,An extension of Perelman's soul theorem for singular spaces,Room 7,math.DG
2188,Approximate Functional Differencing,Room 4,econ.EM
2189,"From quadratic Hawkes processes to super-Heston rough volatility models
  with Zumbach effect",Room 3,q-fin.ST
2190,"Measurement of Transverse Single-Spin Asymmetries for Di-Jet Production
  in Proton-Proton Collisions at $\sqrt{s} = 200$ GeV",Room 11,hep-ex
2191,"The Missing Link of Jewish European Ancestry: Contrasting the Rhineland
  and the Khazarian Hypotheses",Room 11,q-bio.PE
2192,The tropical analogue of polar cones,Room 5,math.MG
2193,"Evaluating the Utility of Anonymized Network Traces for Intrusion
  Detection",Room 4,cs.CR
2194,Overt and covert paths for sound in the auditory system of mammals,Room 2,q-bio.TO
2195,"Wake field generation and nonlinear evolution in a magnetized
  electron-positron-ion plasma",Room 11,physics.plasm-ph
2196,A nonparametric approach to the estimation of lengths and surface areas,Room 2,math.ST
2197,"Uncertain Multi-Agent Systems with Distributed Constrained Optimization
  Missions and Event-Triggered Communications: Application to Resource
  Allocation",Room 10,eess.SY
2198,Stripe to spot transition in a plant root hair initiation model,Room 6,nlin.PS
2199,Procompetitive effects of vertical takeovers. Evidence from the European Union,Room 3,econ.GN
2200,Mass Composition Studies of the Highest Energy Cosmic Rays,Room 11,astro-ph.HE
2201,Blind Minimax Estimation,Room 1,math.ST
2202,Lie coalgebras and rational homotopy theory II: Hopf invariants,Room 7,math.AT
2203,Oscillatory Dynamics in Rock-Paper-Scissors Games with Mutations,Room 5,q-bio.PE
2204,Skewing Quanto with Simplicity,Room 3,q-fin.MF
2205,Experimental neck muscle pain impairs standing balance in humans,Room 11,physics.med-ph
2206,LEAP Submission for the Third DIHARD Diarization Challenge,Room 2,eess.AS
2207,A stochastic algorithm for probabilistic independent component analysis,Room 2,stat.AP
2208,"Low congestion online routing and an improved mistake bound for online
  prediction of graph labeling",Room 4,cs.DS
2209,Mechanistic Framework of Global Value Chains,Room 3,econ.GN
2210,"Gradient Reduction Convolutional Neural Network Policy for Financial
  Deep Reinforcement Learning",Room 2,q-fin.CP
2211,"Identifying Opportunities to Improve the Network of Immigration Legal
  Services Providers",Room 4,econ.GN
2212,"Higher-order Refinements of Small Bandwidth Asymptotics for
  Density-Weighted Average Derivative Estimators",Room 1,econ.EM
2213,Synthesis of Brain Tumor MR Images for Learning Data Augmentation,Room 2,eess.IV
2214,Physical Principles for Scalable Neural Recording,Room 6,q-bio.NC
2215,Formation and Dynamics of Quantum Hydrodynamical Breathing Ring Solitons,Room 8,nlin.PS
2216,"A fully Bayesian strategy for high-dimensional hierarchical modeling
  using massively parallel computing",Room 1,stat.CO
2217,"Designing a single-molecule biophysics tool for characterizing DNA
  damage for techniques that kill infectious pathogens through DNA damage
  effects",Room 1,q-bio.BM
2218,"Deformations of infinite-dimensional Lie algebras, exotic cohomology,
  and integrable nonlinear partial differential equations",Room 5,nlin.SI
2219,"Asymmetric localized states in periodic potentials with a domain
  wall-like Kerr nonlinearity",Room 8,nlin.PS
2220,A data-driven proxy to Stoke's flow in porous media,Room 8,eess.IV
2221,"Competition-colonization trade-off promotes coexistence of low-virulence
  viral strains",Room 6,q-bio.PE
2222,Markov Switching Component ARCH Model: Stability and Forecasting,Room 3,stat.ME
2223,Clustering for Improved Learning in Maze Traversal Problem,Room 6,cs.LG
2224,"GMWB Riders in a Binomial Framework - Pricing, Hedging, and
  Diversification of Mortality Risk",Room 3,q-fin.PR
2225,"Iron Behaving Badly: Inappropriate Iron Chelation as a Major Contributor
  to the Aetiology of Vascular and Other Progressive Inflammatory and
  Degenerative Diseases",Room 6,q-bio.OT
2226,"A study of semi-supervised speaker diarization system using gan mixture
  model",Room 2,eess.AS
2227,"Green production as a factor of survival for innovative startups.
  Evidence from Italy",Room 3,q-fin.GN
2228,"Adjusted Plus-Minus for NHL Players using Ridge Regression with Goals,
  Shots, Fenwick, and Corsi",Room 4,stat.AP
2229,Informed Group-Sparse Representation for Singing Voice Separation,Room 2,eess.AS
2230,"Non-Integrability of Some Higher-Order Painlev\'e Equations in the Sense
  of Liouville",Room 5,nlin.SI
2231,"Horocycle flows for laminations by hyperbolic Riemann surfaces and
  Hedlund's theorem",Room 7,math.DS
2232,Finite-time singularity in the evolution of hyperinflation episodes,Room 3,q-fin.CP
2233,"Formula to Determine the Countries Equilibrium Exchange Rate With the
  Dollar and Proposal for a Second Bretton Woods Conference",Room 3,econ.GN
2234,Interplay of Fidelity and Diversity in the Evolution of the Genetic Code,Room 6,q-bio.OT
2235,"Accurate estimation of influenza epidemics using Google search data via
  ARGO",Room 1,stat.AP
2236,"Research on work zone vehicle queuing behavior based on cellular
  automata",Room 4,nlin.CG
2237,Generalized Low Rank Models,Room 2,stat.ML
2238,"An adaptive sequential optimum design for model selection and parameter
  estimation in non-linear nested models",Room 7,stat.ME
2239,"Treatment Effects with Multidimensional Unobserved Heterogeneity:
  Identification of the Marginal Treatment Effect",Room 1,econ.EM
2240,Systems that become $\cal{PT}$ symmetric through interaction,Room 8,nlin.PS
2241,Detecting Community Structures in Hi-C Genomic Data,Room 6,q-bio.GN
2242,Strengthened Chernoff-type variance bounds,Room 1,stat.ME
2243,Energy of interaction between solid surfaces and liquids,Room 8,physics.chem-ph
2244,Quantifying the behavioural relevance of hippocampal neurogenesis,Room 6,q-bio.NC
2245,Soliton Formation in Neutral Ion Gases: Exact Analysis,Room 8,nlin.PS
2246,"A Heterogeneous Accelerated Matrix Multiplication: OpenCL + APU + GPU+
  Fast Matrix Multiply",Room 10,cs.MS
2247,Mean-Field Theory of Meta-Learning,Room 6,stat.ML
2248,X-Value adjustments: accounting versus economic management perspectives,Room 3,q-fin.PR
2249,"An Averaging Principle for Combined Interaction Graphs. Part I:
  Connectivity and Applications to Genetic Switches",Room 6,q-bio.MN
2250,Sequential dependencies between trials in free choice tasks,Room 4,q-bio.NC
2251,"Resting-State Functional Connectivity in Late-Life Depression: Higher
  Global Connectivity and More Long Distance Connections",Room 2,q-bio.NC
2252,"Dissecting the Specificity of Protein-Protein Interaction in Bacterial
  Two-Component Signaling: Orphans and Crosstalks",Room 6,q-bio.MN
2253,Speech Polarity Detection Using Hilbert Phase Information,Room 2,cs.SD
2254,System Level Synthesis via Dynamic Programming,Room 10,eess.SY
2255,"Computational simulation of bone remodelling post reverse total shoulder
  arthroplasty",Room 11,q-bio.TO
2256,A Stochastic Model for Collaborative Recommendation,Room 1,stat.ML
2257,On quasi-Cauchy sequences,Room 5,math.GN
2258,"Pluripotency, differentiation, and reprogramming: A gene expression
  dynamics model with epigenetic feedback regulation",Room 6,q-bio.MN
2259,"Exact probability distribution function for the volatility of cumulative
  production",Room 3,q-fin.GN
2260,"Dynamical modeling of collective behavior from pigeon flight data: flock
  cohesion and dispersion",Room 6,q-bio.OT
2261,Biological Impact on Military Intelligence: Application or Metaphor?,Room 6,q-bio.NC
2262,Data-parallel programming with Intel Array Building Blocks (ArBB),Room 10,cs.PF
2263,Belief-Averaged Relative Utilitarianism,Room 4,econ.TH
2264,"A new cosine series antialiasing function and its application to
  aliasing-free glottal source models for speech and singing synthesis",Room 2,eess.AS
2265,Occupational Mobility: Theory and Estimation for Italy,Room 1,econ.GN
2266,Censored Beliefs and Wishful Thinking,Room 4,econ.TH
2267,A General Solver Based on Sparse Resultants,Room 10,cs.SC
2268,"Convergence rates and source conditions for Tikhonov regularization with
  sparsity constraints",Room 5,math.FA
2269,"Dissertation on Applied Microeconomics of Freemium Pricing Strategies in
  Mobile App Market",Room 4,econ.GN
2270,Hierarchy construction schemes within the Scale set framework,Room 1,cs.CV
2271,Spatiotemporal dynamics in a spatial plankton system,Room 6,nlin.PS
2272,Bifurcation of the ACT map,Room 5,math.DS
2273,"On the metal abundances inside mixed-morphology supernova remnants: the
  case of IC443 and G166.0+4.3",Room 12,astro-ph.GA
2274,Multiscale Analysis for a Vector-Borne Epidemic Model,Room 6,q-bio.PE
2275,"$\text{Alpha}^2$: Discovering Logical Formulaic Alphas using Deep
  Reinforcement Learning",Room 3,q-fin.CP
2276,Floer homology on the extended moduli space,Room 7,math.SG
2277,"Influence of center-of-mass correlations on spontaneous emission and
  Lamb shift in dense atomic gases",Room 8,cond-mat
2278,Curvature of almost quaternion-Hermitian manifolds,Room 7,math.DG
2279,A Constructive Algebraic Proof of Student's Theorem,Room 1,stat.OT
2280,"Effect of synaptic plasticity in the structure and dynamics of
  disordered networks of coupled neurons",Room 6,q-bio.NC
2281,Online PMU-Based Wide-Area Damping Control for Multiple Inter-Area Modes,Room 10,eess.SY
2282,"Engine and Aftertreatment Co-Optimization of Connected HEVs via
  Multi-Range Vehicle Speed Planning and Prediction",Room 10,eess.SY
2283,A Systematic Scan for 7-colourings of the Grid,Room 5,math.PR
2284,Performance Based Cost Functions for End-to-End Speech Separation,Room 2,eess.AS
2285,A weighted graph problem from commutative algebra,Room 7,math.AC
2286,Scoring Auctions with Coarse Beliefs,Room 4,econ.TH
2287,"A FRAP model to investigate reaction-diffusion of proteins within a
  bounded domain: a theoretical approach",Room 6,q-bio.SC
2288,"Evaluating conditional covariance estimates via a new targeting approach
  and a networks-based analysis",Room 3,q-fin.PM
2289,The look-ahead effect of phenotypic mutations,Room 6,q-bio.PE
2290,"Modeling-based determination of physiological parameters of systemic
  VOCs by breath gas analysis: a pilot study",Room 11,q-bio.QM
2291,"Quantifying Selection and Diversity in Viruses by Entropy Methods, with
  Application to the Hemagglutinin of H3N2 Influenza",Room 6,q-bio.PE
2292,"Research on the accumulation effect model of technological innovation in
  textile industry based on chaos theory",Room 4,econ.GN
2293,Pricing of geometric Asian options in the Volterra-Heston model,Room 3,q-fin.PR
2294,Spatial Autocorrelation and Verdoorn Law in the Portuguese NUTs III,Room 3,q-fin.GN
2295,Guiding the guiders: Foundations of a market-driven theory of disclosure,Room 3,q-fin.TR
2296,Double solid twistor spaces: the case of arbitrary signature,Room 7,math.DG
2297,"Genetic Code Table: A note on the three splittings into amino acid
  classes",Room 6,q-bio.BM
2298,Semiparametric inference for inequality measures under nonignorable nonresponse using callback data,Room 1,econ.EM
2299,Spin 1/2 Fermions in the Unitary Limit.I,Room 8,nucl-th
2300,"Precursors and Laggards: An Analysis of Semantic Temporal Relationships
  on a Blog Network",Room 1,cs.SI
2301,"Links between traumatic brain injury and ballistic pressure waves
  originating in the thoracic cavity and extremities",Room 11,physics.med-ph
2302,"$C^*$-envelopes of universal free products and semicrossed products for
  multivariable dynamics",Room 5,math.OA
2303,Selective linear segmentation for detecting relevant parameter changes,Room 3,econ.EM
2304,Ordinal Imitative Dynamics,Room 4,econ.TH
2305,"Computation of the phase step between two-step fringe patterns based on
  Gram--Schmidt algorithm",Room 11,eess.IV
2306,On the String Equation of the BKP Hierarchy,Room 5,nlin.SI
2307,"The distribution dynamics of Carbon Dioxide Emission intensity across
  Chinese provinces: A weighted Approach",Room 4,q-fin.EC
2308,The Problem of Modeling of Economic Dynamics,Room 4,q-fin.GN
2309,Optimal Linear Instrumental Variables Approximations,Room 4,econ.EM
2310,"Utilizing Distance Metrics on Lineups to Examine What People Read From
  Data Plots",Room 1,stat.AP
2311,"Two-dimensional affine R-buildings defined by generalized polygons with
  non-discrete valuation",Room 7,math.MG
2312,"Spatial Dispersal of Bacterial Colonies Induces a Dynamical Transition
  From Local to Global Quorum Sensing",Room 6,q-bio.MN
2313,"Self-Selected or Mandated, Open Access Increases Citation Impact for
  Higher Quality Research",Room 12,cs.CY
2314,Can Gravity Probe B usefully constrain torsion gravity theories?,Room 7,gr-qc
2315,Computer Aided Design Modeling for Heterogeneous Objects,Room 2,cs.CE
2316,"Modelling and Analysis of the Distributed Coordination Function of IEEE
  802.11 with Multirate Capability",Room 4,cs.NI
2317,"$Q$- and $A$-Learning Methods for Estimating Optimal Dynamic Treatment
  Regimes",Room 1,stat.ME
2318,"Molecular Recognition as an Information Channel: The Role of
  Conformational Changes",Room 6,q-bio.BM
2319,"An optimization-based cooperative path-following framework for multiple
  robotic vehicles",Room 10,eess.SY
2320,Using social annotation and web log to enhance search engine,Room 1,cs.IR
2321,RobustGaSP: Robust Gaussian Stochastic Process Emulation in R,Room 2,stat.CO
2322,"Some optimal criteria of model-robustness for two-level non-regular
  fractional factorial designs",Room 1,stat.ME
2323,"BYOL for Audio: Self-Supervised Learning for General-Purpose Audio
  Representation",Room 2,eess.AS
2324,"Automatic Classification of Human Epithelial Type 2 Cell Indirect
  Immunofluorescence Images using Cell Pyramid Matching",Room 2,q-bio.CB
2325,"Universal and nonuniversal allometric scaling behaviors in the
  visibility graphs of world stock market indices",Room 3,q-fin.ST
2326,"Utility Indifference Pricing with High Risk Aversion and Small Linear
  Price Impact",Room 3,q-fin.MF
2327,Characterization of quasi-coherent modules that are module schemes,Room 7,math.AC
2328,Theoretical Properties of the Overlapping Groups Lasso,Room 2,stat.ML
2329,"Evaluating the Impact of Missing Data Imputation through the use of the
  Random Forest Algorithm",Room 1,stat.ME
2330,Robustness of Optimal Designs for 2^2 Experiments with Binary Response,Room 1,stat.ME
2331,Geodesic diameter of a polygonal domain in O(n^4 log n) time,Room 10,cs.CG
2332,Proofs that the Gerber Statistic is Positive Semidefinite,Room 1,q-fin.PM
2333,"Markov chain Monte Carlo importance samplers for Bayesian models with
  intractable likelihoods",Room 1,stat.CO
2334,Option-Based Pricing of Wrong Way Risk for CVA,Room 3,q-fin.PR
2335,Text-Independent Speaker Verification with Dual Attention Network,Room 2,eess.AS
2336,"Complete Set of Polarization Transfer Observables for the $^{12}{\rm
  C}(p,n)$ Reaction at 296 MeV and 0$^{\circ}$",Room 8,nucl-ex
2337,"Nonlinear diffraction of light beams propagating in photorefractive
  media with embedded reflecting wire",Room 8,nlin.PS
2338,An RNA-Based Theory of Natural Universal Computation,Room 6,q-bio.OT
2339,Minimal Surfaces in $S^3$ with Constant Contact Angle,Room 7,math.DG
2340,"PixelHop++: A Small Successive-Subspace-Learning-Based (SSL-based) Model
  for Image Classification",Room 2,eess.IV
2341,"A Family of Generalized Linear Models for Repeated Measures with Normal
  and Conjugate Random Effects",Room 1,stat.ME
2342,Coherence resonance in influencer networks,Room 8,nlin.AO
2343,"Weak-Light Ultraslow Vector Optical Solitons via Electromagnetically
  Induced Transparency",Room 8,physics.optics
2344,Confidence intervals in regression utilizing prior information,Room 1,stat.ME
2345,The Affordable Care Act and the IRS Iterative Fixed Point Procedure,Room 4,q-fin.GN
2346,Cross-response in correlated financial markets: individual stocks,Room 4,q-fin.ST
2347,"On the approximability of the Maximum Agreement SubTree and Maximum
  Compatible Tree problems",Room 5,cs.CC
2348,"The Global Food Trade Network as a Complex Adaptive System: A Review of Structure, Evolution, and Resilience",Room 3,econ.TH
2349,Hyperdisorder in tumor growth,Room 6,q-bio.OT
2350,Do Productivity Shocks Cause Inputs Misallocation?,Room 3,econ.GN
2351,"Distributed PV Penetration Impact Analysis on Transmission System
  Voltages using Co-Simulation",Room 10,eess.SY
2352,Deliberative Democracy with Dilutive Voting Power Sharing,Room 4,econ.TH
2353,mTim: Rapid and accurate transcript reconstruction from RNA-Seq data,Room 2,q-bio.GN
2354,On Differential Sequences,Room 12,math-ph
2355,"EBIC: an open source software for high-dimensional and big data
  biclustering analyses",Room 2,q-bio.GN
2356,SAT Has No Wizards,Room 7,cs.CC
2357,Semiparametric Estimation of Dynamic Binary Choice Panel Data Models,Room 4,econ.EM
2358,Geometric Analogue of Holographic Reduced Representation,Room 7,cs.AI
2359,Merging of B\'ezier curves with box constraints,Room 5,cs.GR
2360,Simplicial volume of Hilbert modular varieties,Room 7,math.GT
2361,Optimal noise-canceling networks,Room 6,nlin.AO
2362,Kuramoto model for excitation-inhibition-based oscillations,Room 6,nlin.AO
2363,"Parkinson disease is a TH17 dominant autoimmune disorder against
  accumulated alpha-synuclein",Room 6,q-bio.OT
2364,"Simultaneous upper and lower bounds of American-style option prices with
  hedging via neural networks",Room 3,q-fin.CP
2365,Wolfgang Pauli 1900 to 1930: His Early Physics in Jungian Perspective,Room 11,physics.hist-ph
2366,The Schwarzian variable associated with discrete KdV-type equations,Room 5,nlin.SI
2367,Kalman Filtering with Probabilistic Uncertainty in System Parameters,Room 1,eess.SY
2368,Long-term memory in electricity prices: Czech market evidence,Room 3,q-fin.ST
2369,Orthogonal Policy Learning Under Ambiguity,Room 1,econ.EM
2370,"On Game-Theoretic Risk Management (Part Two) -- Algorithms to Compute
  Nash-Equilibria in Games with Distributions as Payoffs",Room 4,econ.GN
2371,"Strong-field ionization and fragmentation of large, gas-phase clusters
  in the few-cycle domain",Room 8,physics.atm-clus
2372,Non-Gaussian Stochastic Volatility Model with Jumps via Gibbs Sampler,Room 3,q-fin.ST
2373,"Profiling time course expression of virus genes---an illustration of
  Bayesian inference under shape restrictions",Room 6,stat.AP
2374,"End-to-end losses based on speaker basis vectors and all-speaker hard
  negative mining for speaker verification",Room 2,eess.AS
2375,"Regular neutral networks outperform robust ones by reaching their top
  growth rate more quickly",Room 6,q-bio.PE
2376,"Automatic Radiology Report Generation based on Multi-view Image Fusion
  and Medical Concept Enrichment",Room 2,eess.IV
2377,"FSR: Accelerating the Inference Process of Transducer-Based Models by
  Applying Fast-Skip Regularization",Room 12,eess.AS
2378,Conway classification of alternating knots,Room 5,math.GT
2379,Bayesian Sparse Factor Analysis of Genetic Covariance Matrices,Room 1,stat.AP
2380,"Asymptotic Accuracy of Distribution-Based Estimation for Latent
  Variables",Room 1,stat.ML
2381,"Designing organizations for bottom-up task allocation: The role of
  incentives",Room 4,econ.GN
2382,"Are Instrumental Variables Really That Instrumental? Endogeneity
  Resolution in Regression Models for Comparative Studies",Room 1,econ.GN
2383,Turn-of-the Year Affect in Gold Prices: Decomposition Analysis,Room 3,q-fin.ST
2384,Geometric fluid approximation for general continuous-time Markov chains,Room 1,eess.SY
2385,Cancelling Quadratic Divergences Without Supersymmetry,Room 7,hep-th
2386,Learning self-triggered controllers with Gaussian processes,Room 4,eess.SY
2387,Sums of products of generalized Fibonacci and Lucas numbers,Room 7,math.NT
2388,Genetic proof of chromatin diminution under mitotic agamospermy,Room 6,q-bio.OT
2389,"Testing for Associations between Loci and Environmental Gradients Using
  Latent Factor Mixed Models",Room 2,q-bio.PE
2390,"Predicting Network Controllability Robustness: A Convolutional Neural
  Network Approach",Room 10,eess.SY
2391,Multifractality and long memory of a financial index,Room 3,q-fin.ST
2392,Network Coding Security: Attacks and Countermeasures,Room 10,cs.CR
2393,checkmate: Fast Argument Checks for Defensive R Programming,Room 10,stat.CO
2394,Stronger findings from mass spectral data through multi-peak modeling,Room 6,q-bio.QM
2395,"Patterned Dynamics of Delay-Coupled Swarms with Random Communication
  Graphs",Room 8,nlin.PS
2396,"An algorithm for clock synchronization with the gradient property in
  sensor networks",Room 10,cs.DC
2397,"Global Green Economy and Environmental Sustainability: a Coopetitive
  Model",Room 3,q-fin.GN
2398,"Relationship between Thermodynamic Driving Force and One-Way Fluxes in
  Reversible Chemical Reactions",Room 6,q-bio.SC
2399,"ItLnc-BXE: a Bagging-XGBoost-ensemble method with multiple features for
  identification of plant lncRNAs",Room 2,q-bio.GN
2400,"Simulation of Stylized Facts in Agent-Based Computational Economic
  Market Models",Room 3,econ.GN
2401,Feedback loops of attention in peer production,Room 1,cs.CY
2402,Compact Manifolds Covered by a Torus,Room 7,math.AG
2403,"New Fundamental Formulas of Image Restoration in Spatial and Frequency
  Domains",Room 5,eess.IV
2404,"Strategy Iteration using Non-Deterministic Strategies for Solving Parity
  Games",Room 4,cs.GT
2405,"Binaural coherent-to-diffuse-ratio estimation for dereverberation using
  an ITD model",Room 2,cs.SD
2406,"The relationship between Fully Connected Layers and number of classes
  for the analysis of retinal images",Room 2,eess.IV
2407,The Measure for the Multiverse and the Probability for Inflation,Room 11,hep-th
2408,Reset Control for Vibration Disturbance Rejection,Room 12,eess.SY
2409,Fitting Linear Mixed-Effects Models using lme4,Room 1,stat.CO
2410,Acoustic methods for measuring bullet velocity,Room 11,physics.pop-ph
2411,"Reform-Oriented Teaching of Introductory Statistics in the Health,
  Social and Behavioral Sciences-Historical Context and Rationale",Room 12,stat.AP
2412,"A High-Performance Cellular Automaton Model of Tumor Growth with
  Dynamically Growing Domains",Room 6,q-bio.QM
2413,Finding the sum of any series from a given general term,Room 7,math.HO
2414,"The formation and evolution of early-type galaxies : solid results and
  open questions",Room 12,astro-ph.CO
2415,Special Drawing Rights in a New Decentralized Century,Room 3,q-fin.GN
2416,A Theoretical Analysis of Logistic Regression and Bayesian Classifiers,Room 1,econ.EM
2417,"Regional Registration of Whole Slide Image Stacks Containing Highly
  Deformed Artefacts",Room 2,eess.IV
2418,"A Jacobi algorithm for distributed model predictive control of
  dynamically coupled systems",Room 10,math.OC
2419,A self-rendering digital image encoding,Room 2,cs.GR
2420,"Towards Safe Machine Learning for CPS: Infer Uncertainty from Training
  Data",Room 1,eess.SY
2421,"Toward an efficient hybrid method for pricing barrier options on assets
  with stochastic volatility",Room 3,q-fin.CP
2422,An annotation based approach to support design communication,Room 12,cs.HC
2423,"A Quantile Variant of the EM Algorithm and Its Applications to Parameter
  Estimation with Interval Data",Room 1,stat.CO
2424,"Effect of channel block on the spiking activity of excitable membranes
  in a stochastic Hodgkin-Huxley model",Room 8,q-bio.SC
2425,"Semimartingale and continuous-time Markov chain approximation for rough
  stochastic local volatility models",Room 3,q-fin.MF
2426,"Inference with Transposable Data: Modeling the Effects of Row and Column
  Correlations",Room 2,stat.ME
2427,"The Finite Element Implementation of a K.P.P. Equation for the
  Simulation of Tsetse Control Measures in the Vicinity of a Game Reserve",Room 4,q-bio.QM
2428,Black-Litterman model with intuitionistic fuzzy posterior return,Room 1,q-fin.MF
2429,"Forecasting Stock Options Prices via the Solution of an Ill-Posed
  Problem for the Black-Scholes Equation",Room 3,q-fin.MF
2430,Partial Enumerative Sphere Shaping,Room 10,eess.SP
2431,"Forward Event-Chain Monte Carlo: Fast sampling by randomness control in
  irreversible Markov chains",Room 1,stat.CO
2432,Digital leisure and the gig economy: a two-sector model of growth,Room 3,econ.TH
2433,Autoencoding Neural Networks as Musical Audio Synthesizers,Room 2,eess.AS
2434,"Multi-Agent Dynamic Pricing in a Blockchain Protocol Using Gaussian
  Bandits",Room 3,q-fin.CP
2435,Quantile Autoregression-based Non-causality Testing,Room 1,econ.EM
2436,"Influence of risk tolerance on long-term investments: A Malliavin
  calculus approach",Room 3,q-fin.MF
2437,Frequency transitions in phononic four-wave mixing,Room 5,nlin.PS
2438,"Proactive Service Migration for Long-Running Byzantine Fault Tolerant
  Systems",Room 10,cs.DC
2439,"Negative association, ordering and convergence of resampling methods",Room 1,stat.CO
2440,"Dimension reduction and variable selection in case control studies via
  regularized likelihood optimization",Room 1,stat.ML
2441,Social networks that matter: Twitter under the microscope,Room 4,cs.CY
2442,Core-Periphery Segregation in Evolving Prisoner's Dilemma Networks,Room 4,q-bio.PE
2443,Robustness in the Optimization of Risk Measures,Room 3,q-fin.RM
2444,Coherence properties of cycling chaos,Room 12,nlin.CD
2445,Monte Carlo Simulations for the Slow Relaxations of Crumpled Surfaces,Room 5,physics.comp-ph
2446,Mixed membership stochastic blockmodels,Room 1,stat.ME
2447,On the Choice of Instruments in Mixed Frequency Specification Tests,Room 1,econ.EM
2448,Bayesian Active Learning for Classification and Preference Learning,Room 1,stat.ML
2449,A new method of randomization of lattice rules for multiple integration,Room 5,stat.CO
2450,Concerning Hidden Momentum,Room 11,physics.class-ph
2451,"Falsification Of The Atmospheric CO2 Greenhouse Effects Within The Frame
  Of Physics",Room 11,physics.ao-ph
2452,"Competing superfluid and density-wave ground-states of fermionic
  mixtures with mass imbalance in optical lattices",Room 8,cond-mat.supr-con
2453,"Micronucleus induction by 915 MHz Radiofrequency Radiation in Vicia faba
  root tips",Room 11,q-bio.QM
2454,The spatial evolution of economic activities and the emergence of cities,Room 3,econ.TH
2455,"Two-Tier Prediction of Solar Power Generation with Limited Sensing
  Resource",Room 3,stat.AP
2456,"Spatio-Temporal Analysis of Epidemic Phenomena Using the R Package
  surveillance",Room 12,stat.CO
2457,"Linearly Constrained Kalman Filter For Linear Discrete State-Space
  Models",Room 1,eess.SP
2458,Accurate numerical linear algebra with Bernstein-Vandermonde matrices,Room 10,math.NA
2459,Time-varying neural network for stock return prediction,Room 3,q-fin.CP
2460,"Forecasting U.S. Textile Comparative Advantage Using Autoregressive
  Integrated Moving Average Models and Time Series Outlier Analysis",Room 1,econ.GN
2461,"An optimization approach to adaptive multi-dimensional capital
  management",Room 1,q-fin.RM
2462,"End-to-End Whisper to Natural Speech Conversion using Modified
  Transformer Network",Room 12,eess.AS
2463,Normal and Anomalous Diffusion: A Tutorial,Room 5,nlin.CD
2464,Endogenous growth - A dynamic technology augmentation of the Solow model,Room 3,econ.EM
2465,Forecast Hedging and Calibration,Room 1,econ.TH
2466,A Sparse Flat Extension Theorem for Moment Matrices,Room 1,cs.SC
2467,A functional approach to deconvolve dynamic neuroimaging data,Room 1,stat.AP
2468,Adaptive Market Efficiency of Agricultural Commodity Futures Contracts,Room 3,q-fin.ST
2469,Dimensional crossover of thermal conductance in nanowires,Room 8,cond-mat.mes-hall
2470,"Analytical and numerical studying of the perturbed Korteweg--de Vries
  equation",Room 5,nlin.PS
2471,"The Bacterial Chemotactic Response Reflects a Compromise Between
  Transient and Steady State Behavior",Room 6,q-bio.CB
2472,"Schr\""{o}dinger's ""What is Life?"" at 75",Room 6,q-bio.OT
2473,"A comparison between behavioral similarity methods vs standard deviation method in predicting time series dataset, case study of finance market",Room 1,econ.TH
2474,Classification of Images Using Support Vector Machines,Room 1,cs.LG
2475,Optical far-infrared properties of graphene monolayer and multilayers,Room 8,cond-mat.soft
2476,Hierarchical structure in phonographic market,Room 3,q-fin.GN
2477,"La fauna de mam\'iferos f\'osiles del dep\'osito paleontol\'ogico ""El
  Abr\'on"" (nivel ix), Pinar del R\'io, Cuba",Room 11,q-bio.OT
2478,"A Novel Scheme for Support Identification and Iterative Sampling of
  Bandlimited Graph Signals",Room 2,eess.SP
2479,"Efficient MCMC Sampling with Dimension-Free Convergence Rate using
  ADMM-type Splitting",Room 1,stat.CO
2480,Adaptive financial networks with static and dynamic thresholds,Room 3,q-fin.ST
2481,Decay of the Maxwell field on the Schwarzschild manifold,Room 11,math.AP
2482,"Distributed Leader-Follower Formation Tracking Control of Multiple
  Quad-rotors",Room 5,eess.SY
2483,Energy Current Correlations For Weakly Anharmonic Lattices,Room 8,math-ph
2484,A groupoid approach to noncommutative T-duality,Room 7,math.QA
2485,Standing lattice solitons in the discrete NLS equation with saturation,Room 8,nlin.PS
2486,Adapting to Non-stationarity with Growing Expert Ensembles,Room 1,stat.ML
2487,Universal localisations of hereditary rings,Room 7,math.RA
2488,"A Thermodynamic Perspective of Negative-capacitance
  Field-effect-transistors",Room 8,physics.app-ph
2489,Approximate Fixed-Points in Recurrent Neural Networks,Room 2,eess.AS
2490,"A fully recurrent feature extraction for single channel speech
  enhancement",Room 2,eess.AS
2491,"Ad Hoc Microphone Array Calibration: Euclidean Distance Matrix
  Completion Algorithm and Theoretical Guarantees",Room 2,cs.SD
2492,Weighted asymmetric least squares regression with fixed-effects,Room 4,econ.EM
2493,The Impact of Negative Interest Rates on Optimal Capital Injections,Room 4,q-fin.MF
2494,"Ordering the smallest claim amounts from two sets of interdependent
  heterogeneous portfolios",Room 3,q-fin.RM
2495,"A Nonlocal InSAR Filter for High-Resolution DEM Generation from TanDEM-X
  Interferograms",Room 1,eess.IV
2496,Optimal Refund Mechanism with Consumer Learning,Room 4,econ.TH
2497,Recursive contracts in non-convex environments,Room 4,econ.TH
2498,"Efficient Computation of Gaussian Likelihoods for Stationary Markov
  Random Field Models",Room 2,stat.CO
2499,New demonstrations about the resolution of numbers into squares,Room 7,math.HO
2500,"Construction of an isotropic cellular automaton for a reaction-diffusion
  equation by means of a random walk",Room 6,nlin.CG
2501,"Fast Solutions in Power System Simulation through Coupling with
  Data-Driven Power Flow Models for Voltage Estimation",Room 10,eess.SY
2502,"F-thresholds, tight closure, integral closure, and multiplicity bounds",Room 7,math.AC
2503,"Viscoplastic Properties and Tribological Behavior of Diamond-Like Carbon
  Films Using Nanoindentation and Nanoscratch Tests",Room 11,cond-mat.mtrl-sci
2504,"Development and characterization of Brassica juncea fruticulosa
  introgression lines exhibiting resistance to mustard aphid",Room 6,q-bio.GN
2505,"MALDIquant: a versatile R package for the analysis of mass spectrometry
  data",Room 11,q-bio.GN
2506,Within-host HIV models with periodic antiretroviral therapy,Room 6,q-bio.OT
2507,Internal migration after a uniform minimum wage introduction,Room 4,econ.GN
2508,"Effects of time-periodic forcing in a Cahn-Hilliard model for
  Langmuir-Blodgett transfer",Room 6,nlin.PS
2509,Bayesian inference for exponential random graph models,Room 1,stat.AP
2510,"Analysis of the Effect of Speed Limit Increases on Accident-Injury
  Severities",Room 1,stat.AP
2511,Aperiodic substitutional systems and their Bratteli diagrams,Room 5,math.DS
2512,"Improved position measurement of nano electromechanical systems using
  cross correlations",Room 11,cond-mat.mes-hall
2513,Optical spectroscopy and photometry of SAX J1808.4-3658 in outburst,Room 11,astro-ph.HE
2514,On Connectivity Spaces,Room 7,math.GN
2515,Model Selection versus Model Averaging in Dose Finding Studies,Room 6,stat.AP
2516,On the Dynamical Complexity of Small-World Networks of Spiking Neurons,Room 6,physics.bio-ph
2517,"Hyperbolicity impedes emergence of chimera states in networks of
  nonlocally coupled chaotic oscillators",Room 12,nlin.AO
2518,A novel approach to quantify volatility prediction,Room 3,q-fin.CP
2519,"From Caenorhabditis elegans to the Human Connectome: A Specific Modular
  Organisation Increases Metabolic, Functional, and Developmental Efficiency",Room 2,q-bio.NC
2520,Polarizability of molecular chains: does one need exact exchange?,Room 8,physics.atm-clus
2521,A New Key-Agreement-Protocol,Room 10,cs.CR
2522,Log improvement of the Prodi-Serrin criteria for Navier-Stokes equations,Room 5,math.AP
2523,Adaptive Test of Conditional Moment Inequalities,Room 1,stat.AP
2524,"Supporting Safe Decision Making Through Holistic System-Level
  Representations & Monitoring -- A Summary and Taxonomy of Self-Representation
  Concepts for Automated Vehicles",Room 1,eess.SY
2525,Thermodynamic phase transitions and shock singularities,Room 5,nlin.SI
2526,Asymptotically optimal multistage tests of simple hypotheses,Room 1,math.ST
2527,"Building XenoBuntu Linux Distribution for Teaching and Prototyping
  Real-Time Operating Systems",Room 10,cs.OS
2528,Topological classification of zero-dimensional $M_\omega$-groups,Room 7,math.GN
2529,The laws of the evolution of research fields,Room 11,econ.GN
2530,"Fast and Robust Recursive Algorithms for Separable Nonnegative Matrix
  Factorization",Room 2,stat.ML
2531,"Critical Invariant Circles in Asymmetric and Multiharmonic Generalized
  Standard Maps",Room 5,nlin.CD
2532,Direct extraction of one-loop integral coefficients,Room 5,hep-ph
2533,"A Semismooth Newton Method for Tikhonov Functionals with Sparsity
  Constraints",Room 5,math.OC
2534,An Energy-Aware On-Demand Routing Protocol for Ad-Hoc Wireless Networks,Room 10,cs.NI
2535,"Interest Rate Risk of Bond Prices on Macedonian Stock Exchange -
  Empirical Test of the Duration, Modified Duration and Convexity and Bonds
  Valuation",Room 3,q-fin.RM
2536,Portfolio Choice in Markets with Contagion,Room 3,q-fin.PM
2537,"Liapunov's direct method for Birkhoffian systems: Applications to
  electrical networks",Room 10,math.DS
2538,Non-extensive thermodynamics of 1D systems with long-range interaction,Room 5,physics.data-an
2539,A simple example of a new class of Landen transformation,Room 5,math.CA
2540,Compressed Regression,Room 1,stat.ML
2541,Sensitive Long-Indel-Aware Alignment of Sequencing Reads,Room 2,q-bio.GN
2542,Quasi-random numbers for copula models,Room 3,stat.CO
2543,Parameter Estimation for Multivariate Diffusion Systems,Room 1,stat.ME
2544,"Sensitivity of photonic crystal fiber grating sensors: biosensing,
  refractive index, strain, and temperature sensing",Room 11,physics.optics
2545,Mirroring co-evolving trees in the light of their topologies,Room 6,q-bio.PE
2546,"Statistical Inference of a canonical dictionary of protein substructural
  fragments",Room 6,q-bio.QM
2547,Gauge-gravity duality -- Super Yang Mills Quantum Mechanics,Room 11,hep-lat
2548,"The Binomial Tree Method and Explicit Difference Schemes for American
  Options with Time Dependent Coefficients",Room 12,q-fin.PR
2549,Liouville-Arnold integrability for scattering under cone potentials,Room 5,nlin.SI
2550,"Decision making in stochastic extensive form I: Stochastic decision
  forests",Room 4,econ.TH
2551,"Noise-induced bifurcations, Multiscaling and On-Off intermittency",Room 8,nlin.CD
2552,"What our world might be like (as alternative to Minkowski space-time
  with Poincare group of motion)",Room 11,physics.class-ph
2553,"Equivalent Dynamics from Disparate Synaptic Weights in a Prevalent
  Visual Circuit",Room 6,q-bio.NC
2554,"Efficient Characteristic Set Algorithms for Equation Solving in Finite
  Fields and Applications in Cryptanalysis",Room 10,cs.SC
2555,End-to-End Multimodal Speech Recognition,Room 2,eess.AS
2556,Tournaments with a Standard,Room 4,econ.TH
2557,Algorithms for Locating Constrained Optimal Intervals,Room 10,cs.DS
2558,"Efficient Computational Algorithm for Optimal Continuous Experimental
  Designs",Room 1,stat.CO
2559,Dominated splitting and zero volume for incompressible three-flows,Room 7,math.DS
2560,"More reflectivity for the soil to counteract the global-warming of the
  Earth",Room 11,physics.ao-ph
2561,Privacy-Preserving Methods for Sharing Financial Risk Exposures,Room 3,q-fin.RM
2562,"Pseudo-Rabi oscillations in superconducting flux qubits in the classical
  regime",Room 8,cond-mat.supr-con
2563,5Gperf: signal processing performance for 5G,Room 11,eess.SP
2564,"V2X System Architecture Utilizing Hybrid Gaussian Process-based Model
  Structures",Room 10,eess.SP
2565,Third DIHARD Challenge Evaluation Plan,Room 2,eess.AS
2566,"Comparative analysis of Mixed-Data Sampling (MIDAS) model compared to
  Lag-Llama model for inflation nowcasting",Room 2,econ.EM
2567,Self-supervised learning for audio-visual speaker diarization,Room 2,eess.AS
2568,Reflection matrices with $U_q[osp^{(2)}(2|2m)]$ symmetry,Room 5,nlin.SI
2569,Suitability of Capital Allocations for Performance Measurement,Room 3,q-fin.RM
2570,"A note on the diffusivity of finite-range asymmetric exclusion processes
  on Z",Room 5,math.PR
2571,Forecasting Realized Volatility Matrix With Copula-Based Models,Room 3,q-fin.ST
2572,Displacement Calculus,Room 12,cs.CL
2573,"On the validation of Newcomb-Benford law and Weibull distribution in
  neuromuscular transmission",Room 8,q-bio.SC
2574,Properties of neutrality tests based on allele frequency spectrum,Room 1,q-bio.QM
2575,The Emergence of Fads in a Changing World,Room 4,econ.TH
2576,"Evaluating Collaborative Search Interfaces with Information Seeking
  Theory",Room 1,cs.IR
2577,"Some Impossibility Results for Inference With Cluster Dependence with
  Large Clusters",Room 1,econ.EM
2578,"Investment behavior and firms' financial performance: A comparative
  analysis using firm-level data from the wine industry",Room 3,q-fin.GN
2579,"Engineering solitons and breathers in a deformed ferromagnet: Effect of
  localised inhomogeneities",Room 5,nlin.PS
2580,K-spectral sets and intersections of disks of the Riemann sphere,Room 5,math.SP
2581,Dynamics of a large system of spiking neurons with synaptic delay,Room 6,nlin.AO
2582,Multidimensional Analysis of Monthly Stock Market Returns,Room 3,q-fin.ST
2583,"Optimization of efficiency and energy density of passive micro fuel
  cells and galvanic hydrogen generators",Room 4,cs.OH
2584,"The Design of Circuit-Measuring Collaborative Learning System with
  Embedded Broker",Room 12,cs.CY
2585,"Stochastic Knapsack Problem Revisited: Switch-Over Policies and Dynamic
  Pricing",Room 4,q-fin.PR
2586,Reliability of temporal coding on pulse-coupled networks of oscillators,Room 8,nlin.AO
2587,Nonlinear theory and tests of earthquake recurrence times,Room 1,physics.data-an
2588,String orientations of simplicial homology manifolds,Room 7,math.AT
2589,"Switching Current Measurements of EuBa2Cu3Oy Intrinsic Josephson
  Junctions",Room 8,cond-mat.supr-con
2590,"Probabilistic description of extreme events in intermittently unstable
  systems excited by correlated stochastic processes",Room 8,nlin.CD
2591,Labor Demand on a Tight Leash,Room 4,econ.GN
2592,On a Result of Hardy and Ramanujan,Room 7,math.NT
2593,"Impact of the floating-point precision and interpolation scheme on the
  results of DNS of turbulence by pseudo-spectral codes",Room 5,physics.comp-ph
2594,Law-invariant functionals that collapse to the mean: Beyond convexity,Room 1,q-fin.MF
2595,Dynamics of elastic rods in perfect friction contact,Room 8,nlin.CD
2596,"Unraveling the Link between Periodontitis and Inflammatory Bowel
  Disease: Challenges and Outlook",Room 6,q-bio.TO
2597,How to choose a Compatible Committee?,Room 4,econ.TH
2598,Minimum sizes for the submersion of alkali clusters into liquid helium,Room 8,physics.atm-clus
2599,Enhancing Segment-Based Speech Emotion Recognition by Deep Self-Learning,Room 2,eess.AS
2600,Large Groups of Deficiency One,Room 7,math.GR
2601,"Choice Models and Permutation Invariance: Demand Estimation in
  Differentiated Products Markets",Room 4,econ.EM
2602,Fast Sampling from Time-Integrated Bridges using Deep Learning,Room 3,q-fin.CP
2603,AI and the Dynamic Supply of Training Data,Room 4,econ.GN
2604,"FPTAS for optimizing polynomials over the mixed-integer points of
  polytopes in fixed dimension",Room 7,math.OC
2605,Differentiation of the Cholesky decomposition,Room 5,stat.CO
2606,"Comment on ""On the proper behavior of atoms"" by Paul Anglin",Room 3,nlin.AO
2607,"Zwanzig-Mori projection operators and EEG dynamics: deriving a simple
  equation of motion",Room 6,q-bio.NC
2608,"Model reduction of biochemical reactions networks by tropical analysis
  methods",Room 6,q-bio.MN
2609,Stopping effects in U+U collisions with a beam energy of 520 MeV/nucleon,Room 11,nucl-ex
2610,"Analytical invariant manifolds near unstable points and the structure of
  chaos",Room 5,nlin.CD
2611,"Effects of accelerating growth on the evolution of weighted complex
  networks",Room 6,physics.soc-ph
2612,"Finite response time in stripe formation by bacteria with
  density-suppressed motility",Room 6,q-bio.CB
2613,"Fast Multiplication of Large Integers: Implementation and Analysis of
  the DKSS Algorithm",Room 10,cs.MS
2614,Modelling of Variable Speed Hydropower for Grid Integration Studies,Room 10,eess.SY
2615,Metastable Innershell Molecular State (MIMS),Room 8,physics.plasm-ph
2616,"Schwinger's Magnetic Model of Matter: Can It Help Us With Grand
  Unification?",Room 11,physics.gen-ph
2617,Error and Inference: an outsider stand on a frequentist philosophy,Room 1,stat.ME
2618,Inhibition induced explosive synchronization in multiplex networks,Room 8,nlin.AO
2619,"Temperature Dependence of Violation of Bell's Inequality in Coupled
  Quantum Dots in a Microcavity",Room 8,cond-mat.mes-hall
2620,"Combining Shrinkage and Sparsity in Conjugate Vector Autoregressive
  Models",Room 1,econ.EM
2621,Toehold Purchase Problem: A comparative analysis of two strategies,Room 3,q-fin.GN
2622,"MiRank: A bioinformatics tool for gene/miRNA ranking and pathway
  profiling with TCGA-KEGG data sets",Room 2,q-bio.QM
2623,Recombinant transfer in the basic genome of E. coli,Room 6,q-bio.GN
2624,"Statistical region-based active contours with exponential family
  observations",Room 1,cs.CV
2625,Anti-Perfect Morse Stratification,Room 7,math.SG
2626,"When Finance Meets Physics: The Impact of the Speed of Light on
  Financial Markets and their Regulation",Room 4,q-fin.TR
2627,"Towards multistage modelling of protein dynamics with monomeric Myc
  oncoprotein as an example",Room 6,q-bio.BM
2628,Origins and Nature of Macroeconomic Instability in Vector Autoregressions,Room 3,econ.EM
2629,LNDb: A Lung Nodule Database on Computed Tomography,Room 1,eess.IV
2630,"Extending approximate Bayesian computation methods to high dimensions
  via a Gaussian copula model",Room 1,stat.CO
2631,"Modelling savings behavior of agents in the kinetic exchange models of
  market",Room 3,q-fin.TR
2632,Risk Assessment with Generic Energy Storage under Exogenous and Endogenous Uncertainty,Room 10,q-fin.RM
2633,"On the Different Shapes Arising in a Family of Rational Curves Depending
  on a Parameter",Room 5,cs.SC
2634,A Framework for Heterotic Computing,Room 10,cs.ET
2635,Asset Price Forecasting using Recurrent Neural Networks,Room 3,q-fin.TR
2636,Krull dimension of types in a class of first-order theories,Room 7,math.LO
2637,"A General formulation for standardization of rates as a method to
  control confounding by measured and unmeasured disease risk factors",Room 1,stat.AP
2638,"Reinforcement learning-based waveform optimization for MIMO multi-target
  detection",Room 2,eess.SP
2639,"On Computational Complexity Reduction Methods for Kalman Filter
  Extensions",Room 1,eess.SY
2640,"Correlations between spectra with different symmetry: any chance to be
  observed?",Room 5,nlin.CD
2641,"The Myogenic Response in Isolated Rat Cerebrovascular Arteries: Smooth
  Muscle Cell Model",Room 8,q-bio.CB
2642,"First exit-time analysis for an approximate Barndorff-Nielsen and
  Shephard model with stationary self-decomposable variance process",Room 3,q-fin.MF
2643,"Control Hardware-in-the-loop for Voltage Controlled Inverters with
  Unbalanced and Non-linear Loads in Stand-alone Photovoltaic(PV) Islanded
  Microgrids",Room 10,eess.SY
2644,"Intergenerational transmission of culture among immigrants: Gender gap
  in education among first and second generations",Room 12,econ.GN
2645,The coding complexity of L\'evy processes,Room 5,math.PR
2646,"Advising with Threshold Tests: Complexity, Signaling, and Effort",Room 3,econ.TH
2647,Fault Tolerant Real Time Systems,Room 10,cs.PF
2648,On Dynamics of $\ell$- Volterra Quadratic Stochastic Operators,Room 5,math.DS
2649,Asymptotically almost all \lambda-terms are strongly normalizing,Room 7,math.LO
2650,"Boussinesq-like multi-component lattice equations and multi-dimensional
  consistency",Room 5,nlin.SI
2651,When Can Self-Attention Be Replaced by Feed Forward Layers?,Room 2,eess.AS
2652,Endogenous Quality in Social Learning,Room 4,econ.TH
2653,Remarks on weakly pseudoconvex boundaries,Room 7,math.CV
2654,Massive N=1 supermultiplets with arbitrary superspins,Room 7,hep-th
2655,New Flexible Compact Covariance Model on a Sphere,Room 2,stat.CO
2656,"Generalization of the linear r-matrix formulation through Loop
  coproducts",Room 5,nlin.SI
2657,"Estimation of the Direct-Path Relative Transfer Function for Supervised
  Sound-Source Localization",Room 2,cs.SD
2658,"On the properties of the Lambda value at risk: robustness, elicitability
  and consistency",Room 3,q-fin.RM
2659,Causal Inference for Spatial Treatments,Room 3,econ.EM
2660,Vector autoregression models with skewness and heavy tails,Room 3,econ.EM
2661,Roots of diversity relations,Room 6,q-bio.PE
2662,Emotion Profile Refinery for Speech Emotion Classification,Room 2,eess.AS
2663,"Michael John Caldwell Gordon (FRS 1994), 28 February 1948 -- 22 August
  2017",Room 10,cs.GL
2664,"Statistics students' identification of inferential model elements within
  contexts of their own invention",Room 12,stat.OT
2665,Topological Dynamics of 2D Cellular Automata,Room 5,cs.DM
2666,Selective Call Out and Real Time Bidding,Room 4,cs.GT
2667,"Mind the Cap! -- Constrained Portfolio Optimisation in Heston's
  Stochastic Volatility Model",Room 4,q-fin.PM
2668,"Sequential Source Coding for Stochastic Systems Subject to Finite Rate
  Constraints",Room 1,eess.SY
2669,"Counterfactual Copula and Its Application to the Effects of College
  Education on Intergenerational Mobility",Room 1,econ.EM
2670,"Multi-layer Feature Fusion Convolution Network for Audio-visual Speech
  Enhancement",Room 2,eess.AS
2671,Stochastic Spread Pairs Trading in the Indian Commodity Market,Room 3,q-fin.TR
2672,Learning with Pseudo-Ensembles,Room 2,stat.ML
2673,"Simulating the Spread of Influenza Pandemic of 1918-1919 Considering the
  Effect of the First World War",Room 12,q-bio.PE
2674,"Multiresolution time-of-arrival estimation from multiband radio channel
  measurements",Room 1,eess.SP
2675,Symplectically hyperbolic manifolds,Room 7,math.SG
2676,Robust Structural Estimation under Misspecified Latent-State Dynamics,Room 4,econ.EM
2677,"Hox genes underlie metazoan development, but what controls them?",Room 6,q-bio.GN
2678,"On solutions of a Boussinesq-type equation with amplitude-dependent
  nonlinearities: the case of biomembranes",Room 8,nlin.PS
2679,"Properties of networks with partially structured and partially random
  connectivity",Room 5,q-bio.NC
2680,"Crystallization of medium length 1-alcohols in mesoporous silicon: An
  X-ray diffraction study",Room 11,physics.bio-ph
2681,Parimutuel Betting on Permutations,Room 4,cs.GT
2682,"JAK/STAT signalling - an executable model assembled from
  molecule-centred modules demonstrating a module-oriented database concept for
  systems- and synthetic biology",Room 6,q-bio.MN
2683,Replica Conditional Sequential Monte Carlo,Room 1,stat.CO
2684,"Quantile-Based Spectral Analysis in an Object-Oriented Framework and a
  Reference Implementation in R: The quantspec Package",Room 3,stat.CO
2685,"Minimax-Optimal Algorithms for Detecting Changes in Statistically
  Periodic Random Processes",Room 1,eess.SP
2686,"Maximum Principle for Linear-Convex Boundary Control Problems applied to
  Optimal Investment with Vintage Capital",Room 10,math.OC
2687,Homotopy groups of moduli spaces of stable quiver representations,Room 7,math.SG
2688,"Comprehensive study on influence of low dose chronic consumption of
  silver nanoparticles on cognitive functions and identification of the effect
  reasons",Room 6,q-bio.TO
2689,"Two representation theorems of three-valued structures by means of
  binary relations",Room 5,cs.DM
2690,"Dynamic Data Flow Analysis via Virtual Code Integration (aka The
  SpiderPig case)",Room 12,cs.CR
2691,"Fast Processing and Querying of 170TB of Genomics Data via a Repeated
  And Merged BloOm Filter (RAMBO)",Room 2,q-bio.GN
2692,"Rollout scheduling and control for disturbed systems via tube MPC:
  extended version",Room 10,eess.SY
2693,"Inference of genetic networks from time course expression data using
  functional regression with lasso penalty",Room 2,q-bio.QM
2694,"A rotary frequency converter model for electromechanical transient
  studies of 16$\frac{2}{3}$ Hz railway systems",Room 10,eess.SP
2695,Strategic Complexity Promotes Egalitarianism in Legislative Bargaining,Room 4,econ.TH
2696,Price formation without fuel costs: the interaction of demand elasticity with storage bidding,Room 4,econ.GN
2697,Universal Features in the Genome-level Evolution of Protein Domains,Room 6,q-bio.GN
2698,Towards a Probabilistic Definition of Seizures,Room 1,q-bio.NC
2699,Coupled MCMC with a randomized acceptance probability,Room 1,stat.CO
2700,Modeling the number of hidden events subject to observation delay,Room 1,q-fin.RM
2701,"Combining Progressive Rethinking and Collaborative Learning: A Deep
  Framework for In-Loop Filtering",Room 2,eess.IV
2702,"Dynamical properties of a dissipative discontinuous map: A scaling
  investigation",Room 5,nlin.CD
2703,"Integrable discretizations for the short wave model of the Camassa-Holm
  equation",Room 5,nlin.SI
2704,Lectures on (abelian) Chern-Simons vortices,Room 7,hep-th
2705,"Importance Sampling-based Transport Map Hamiltonian Monte Carlo for
  Bayesian Hierarchical Models",Room 1,stat.CO
2706,On the quantization of polygon spaces,Room 7,math.SG
2707,Multi-Objective Problem Solving With Offspring on Enterprise Clouds,Room 10,cs.DC
2708,"Stability of the synchronization manifold in nearest neighbors non
  identical van der Pol-like oscillators",Room 12,nlin.CD
2709,Community-developed checklists for publishing images and image analysis,Room 2,q-bio.OT
2710,Symplectic topology of Ma\~n\'e's critical values,Room 7,math.SG
2711,Self-organized bistability on globally coupled higher-order networks,Room 6,nlin.AO
2712,Online Multiple Kernel Learning for Structured Prediction,Room 1,stat.ML
2713,The Underlying Dynamics of Credit Correlations,Room 3,q-fin.PR
2714,"Enumerative Properties of NC^B(p,q)",Room 7,math.CO
2715,"An Inner SOCP Approximate Algorithm for Robust Adaptive Beamforming for
  General-Rank Signal Model",Room 10,eess.SP
2716,Evolutionary game dynamics in phenotype space,Room 4,q-bio.PE
2717,"Rings of Algebraic Numbers in Infinite Extensions of $\Q$ and Elliptic
  Curves Retaining Their Rank",Room 7,math.NT
2718,"Minor probability events detection in big data: An integrated approach
  with Bayesian testing and MIM",Room 1,eess.SP
2719,"Convergence of type-symmetric and cut-balanced consensus seeking systems
  (extended version)",Room 10,cs.SY
2720,Combinatorics of Matrix Factorizations and Integrable Systems,Room 5,nlin.SI
2721,Autocatalytic Sets and Biological Specificity,Room 6,q-bio.MN
2722,On The Existence Of Category Bicompletions,Room 7,math.CT
2723,"Solving the Schrodinger Equation for a Charged Particle in a Magnetic
  Field using the Finite Difference Time Domain Method",Room 5,physics.comp-ph
2724,An arbitrage-free interpolation of class $C^2$ for option prices,Room 3,q-fin.PR
2725,Estimation for a Partial-Linear Single-Index Model,Room 4,stat.ME
2726,"Knowledge linkage structures in communication studies using citation
  analysis among communication journals",Room 12,cs.DL
2727,Gradient-based Feature Extraction From Raw Bayer Pattern Images,Room 2,eess.IV
2728,Closed form solutions of measures of systemic risk,Room 3,q-fin.RM
2729,"A Geometrical Way to Sum Powers by Means of Tetrahedrons and Eulerian
  Numbers",Room 7,math.HO
2730,Simple subvector inference on sharp identified set in affine models,Room 1,econ.EM
2731,"Analytic steady-state space use patterns and rapid computations in
  mechanistic home range analysis",Room 6,q-bio.QM
2732,"Measurement of the spatio-temporal distribution of harmonic and
  transient eddy currents in a liquid metal",Room 11,physics.flu-dyn
2733,Allo-network drugs: harnessing allostery in cellular networks,Room 6,q-bio.MN
2734,"Efficient Cooperative HARQ for Multi-Source Multi-Relay Wireless
  Networks",Room 10,eess.SP
2735,On adapted coordinate systems,Room 5,math.CA
2736,"Bifurcation of soliton families from linear modes in non-PT-symmetric
  complex potentials",Room 8,nlin.PS
2737,A New Type of Plasma Wakefield Accelerator Driven by Magnetowaves,Room 11,physics.acc-ph
2738,"Learning nonlinear state-space models using smooth particle-filter-based
  likelihood approximations",Room 1,stat.CO
2739,"On the Shannon capacity and queueing stability of random access
  multicast",Room 10,cs.IT
2740,Colliding Message Pairs for 23 and 24-step SHA-512,Room 10,cs.CR
2741,Marginal Structured SVM with Hidden Variables,Room 1,stat.ML
2742,Stable functions and common stabilizations of Heegaard splittings,Room 7,math.GT
2743,Building and Managing a Tropical Fish Facility: A Do-It-Yourself Guide,Room 6,q-bio.OT
2744,RF Lens-Embedded Antenna Array for mmWave MIMO: Design and Performance,Room 11,eess.SP
2745,"A Graph-based Similarity Function for CBDT: Acquiring and Using New
  Information",Room 1,econ.TH
2746,Learning flexible representations of stochastic processes on graphs,Room 1,eess.SP
2747,Impact Evaluations in Data Poor Settings: The Case of Stress-Tolerant Rice Varieties in Bangladesh,Room 1,econ.GN
2748,"Crystallography without crystals I: the common-line method for
  assembling a 3D intensity volume from single-particle scattering",Room 11,q-bio.BM
2749,"Should We Adjust for the Test for Pre-trends in Difference-in-Difference
  Designs?",Room 1,econ.EM
2750,Refined asymptotics around solitons for gKdV equations,Room 5,math.AP
2751,Screening by changes in stereotypical behavior during cell motility,Room 6,q-bio.CB
2752,Performance Benefits of DataMPI: A Case Study with BigDataBench,Room 10,cs.PF
2753,Heart Rate Variability as an Indicator of Thermal Comfort State,Room 2,q-bio.OT
2754,"Low Energy Asymptotics of the Spectral Shift Function for Pauli
  Operators with Nonconstant Magnetic Fields",Room 5,math.SP
2755,On the non-standard Lagrangian equations,Room 5,nlin.SI
2756,Beyond Camera Motion Blur Removing: How to Handle Outliers in Deblurring,Room 2,eess.IV
2757,"Domain of attraction of asymptotically stable periodic solutions
  obtained via averaging principle",Room 5,math.CA
2758,Nonparametric methods for comparing distribution functionals for dependent samples with application to inequality measures,Room 1,econ.EM
2759,"Variance estimation in nonparametric regression via the difference
  sequence method",Room 1,math.ST
2760,Accounting for risk of non linear portfolios: a novel Fourier approach,Room 3,q-fin.RM
2761,Spectral Analysis of Virus Spreading in Random Geometric Networks,Room 4,cs.MA
2762,Likelihood Adaptively Modified Penalties,Room 1,stat.ME
2763,Second Order Cumulants of products,Room 5,math.OA
2764,"Multi-Domain Adaptation in Brain MRI through Paired Consistency and
  Adversarial Learning",Room 1,eess.IV
2765,Multiple pattern classification by sparse subspace decomposition,Room 2,cs.CV
2766,"High Dimensional Decision Making, Upper and Lower Bounds",Room 4,econ.TH
2767,No-Free-Lunch equivalences for exponential Levy models,Room 4,q-fin.PR
2768,"Bin Packing Under Multiple Objectives - a Heuristic Approximation
  Approach",Room 1,cs.AI
2769,Bayesian Item Response Modeling in R with brms and Stan,Room 1,stat.CO
2770,"Bayesian MIDAS Penalized Regressions: Estimation, Selection, and
  Prediction",Room 1,econ.EM
2771,"Potential unsatisfiability of cyclic constraints on stochastic
  biological networks biases selection toward hierarchical architectures",Room 6,q-bio.MN
2772,"A coarse-grained Langevin molecular dynamics approach to de novo protein
  structure prediction",Room 8,q-bio.BM
2773,A Bayesian Residual-Based Test for Cointegration,Room 3,stat.ME
2774,Particle Swarm Optimization Based Diophantine Equation Solver,Room 10,cs.NE
2775,"Funding liquidity, credit risk and unconventional monetary policy in the
  Euro area: A GVAR approach",Room 3,econ.EM
2776,Approximate discrete dynamics of EMG signal,Room 6,q-bio.NC
2777,"Dynamics and stabilization of bright soliton stripes in the
  hyperbolic-dispersion nonlinear Schr\""odinger equation",Room 8,nlin.PS
2778,"Many-body theory for angular resolved photoelectron spectra of metal
  clusters",Room 8,physics.atm-clus
2779,"Two Fuzzy Logic Programming Paradoxes Imply Continuum Hypothesis=""False""
  & Axiom of Choice=""False"" Imply ZFC is Inconsistent",Room 7,cs.LO
2780,Changing Levels of Description in a Fluid Flow Simulation,Room 1,physics.flu-dyn
2781,"Accelerators in macroeconomics: Comparison of discrete and continuous
  approaches",Room 4,q-fin.EC
2782,"A flux-limited model for glioma patterning with hypoxia-induced
  angiogenesis",Room 6,q-bio.TO
2783,"The concrete theory of numbers : New Mersenne conjectures. Simplicity
  and other wonderful properties of numbers $L(n) = 2^{2n}\pm2^n\pm1$",Room 7,math.GM
2784,Strong Consistency of Prototype Based Clustering in Probabilistic Space,Room 2,stat.ML
2785,Accelerated Option Pricing in Multiple Scenarios,Room 3,cs.CE
2786,Strategic Insider Trading Equilibrium with a Non-fiduciary Market Maker,Room 3,q-fin.TR
2787,Singular Fourier-Pad\'e Series Expansion of European Option Prices,Room 12,q-fin.CP
2788,"Improvement of Identification Procedure Using Hybrid Cuckoo Search
  Algorithm for TurbineGovernor and Excitation System",Room 10,eess.SP
2789,Are tumor cell lineages solely shaped by mechanical forces?,Room 6,q-bio.CB
2790,"Estimating principal components of covariance matrices using the
  Nystr\""{o}m method",Room 2,stat.AP
2791,Acquiring Correct Knowledge for Natural Language Generation,Room 1,cs.CL
2792,Striking a balance with Recon 2.1,Room 6,q-bio.MN
2793,"Multi-dark soliton solutions for the multi-component coupled Maccari
  system",Room 8,nlin.PS
2794,"A Tutorial in Connectome Analysis: Topological and Spatial Features of
  Brain Networks",Room 2,q-bio.NC
2795,The spin structure of the pion,Room 12,hep-lat
2796,Protein sectors: statistical coupling analysis versus conservation,Room 6,q-bio.BM
2797,"A new eight vertex model and higher dimensional, multiparameter
  generalizations",Room 5,math.QA
2798,Scenario Sampling for Large Supermodular Games,Room 4,econ.EM
2799,Addressing the Recitative Problem in Real-time Opera Tracking,Room 2,eess.AS
2800,The (unfortunate) complexity of the economy,Room 3,q-fin.GN
2801,Random Walks in Random Environments,Room 8,math.PR
2802,"Reproducing and Extending Experiments in Behavioral Strategy with Large
  Language Models",Room 4,econ.GN
2803,"Ray-tracing and physical-optics analysis of the aperture efficiency in a
  radio telescope",Room 11,physics.optics
2804,"Regulatory Feedback Effects on Tissue Growth Dynamics in a Two-Stage
  Cell Lineage Model",Room 6,q-bio.TO
2805,Physical limit to concentration sensing amid spurious ligands,Room 6,q-bio.MN
2806,"Biophysical properties and computational modeling of calcium spikes in
  serotonergic neurons of the dorsal raphe nucleus",Room 8,q-bio.NC
2807,"An Approximate Solution Method for Large Risk-Averse Markov Decision
  Processes",Room 4,q-fin.PM
2808,Combining Alphas via Bounded Regression,Room 3,q-fin.PM
2809,"Mathematical modeling of escape of HIV from cytotoxic T lymphocyte
  responses",Room 6,q-bio.PE
2810,"Curvature Fields, Topology, and the Dynamics of Spatiotemporal Chaos",Room 5,physics.flu-dyn
2811,"Stochastic Majorization-Minimization Algorithms for Large-Scale
  Optimization",Room 2,stat.ML
2812,Primer on the Gene Ontology,Room 2,q-bio.GN
2813,Balancing noise and plasticity in eukaryotic gene expression,Room 6,q-bio.GN
2814,Invariants of Knot Diagrams,Room 7,math.GT
2815,Isomorphism classes of certain Artinian Gorenstein algebras,Room 7,math.AC
2816,"Mapping Organization Knowledge Network and Social Media Based Reputation
  Management",Room 4,econ.GN
2817,"Utilisation des m\'ethodes de Lee-Carter et Log-Poisson pour
  l'ajustement de tables de mortalit\'e dans le cas de petits \'echantillons",Room 1,q-fin.ST
2818,Sampling of surfaces and functions in high dimensional spaces,Room 2,eess.SP
2819,"Use of Power Flow Controllers to Enhance Transmission Network
  Utilisation on the Irish Transmission Network",Room 10,eess.SY
2820,"On Some Lie Bialgebra Structures on Polynomial Algebras and their
  Quantization",Room 5,math.QA
2821,Stochastic lattice model of synaptic membrane protein domains,Room 6,q-bio.SC
2822,"Hidden possibilities in controlling optical soliton in fiber guided
  doped resonant medium",Room 8,nlin.SI
2823,A new Protocol for 1-2 Oblivious Transfer,Room 10,cs.CR
2824,"Perturbation Detection Through Modeling of Gene Expression on a Latent
  Biological Pathway Network: A Bayesian hierarchical approach",Room 2,stat.AP
2825,Discontinuities at the DNA supercoiling transition,Room 8,q-bio.BM
2826,A Bayesian theory of market impact,Room 3,q-fin.TR
2827,Simulation based estimation of branching models for LTR retrotransposons,Room 6,q-bio.CB
2828,"Narrow bandwidth interference filter-stabilized diode laser systems for
  the manipulation of neutral atoms",Room 11,physics.atom-ph
2829,Renormalization group approach to chaotic strings,Room 5,nlin.CD
2830,"The Automorphism Group of Certain Factorial Threefolds and a
  Cancellation Problem",Room 7,math.AG
2831,"The potential of mass rearing of Monoksa dorsiplana (Pteromalidae) a
  native gregarious ectoparasitoid of Pseudopachymeria spinipes (Bruchidae)in
  South America",Room 6,q-bio.PE
2832,"An Investigation of the Structural Characteristics of the Indian IT
  Sector and the Capital Goods Sector: An Application of the R Programming in
  Time Series Decomposition and Forecasting",Room 3,q-fin.ST
2833,Dynamic Monopoly Pricing With Multiple Varieties: Trading Up,Room 4,econ.GN
2834,"An analog of the Iwasawa conjecture for a complete hyperbolic threefold
  of finite volume",Room 7,math.SP
2835,"Scaling regimes of 2d turbulence with power law stirring: theories
  versus numerical experiments",Room 12,nlin.CD
2836,Lagrangian multiforms and multidimensional consistency,Room 5,nlin.SI
2837,"Auction-Based Distributed Resource Allocation for Cooperation
  Transmission in Wireless Networks",Room 10,cs.IT
2838,"Quantitative Impact of Label Noise on the Quality of Segmentation of
  Brain Tumors on MRI scans",Room 2,eess.IV
2839,Optimal Storage Arbitrage under Net Metering using Linear Programming,Room 4,eess.SY
2840,Methods in Industrial Biotechnology for Chemical Engineers,Room 10,math.GM
2841,"Improving accuracy and power with transfer learning using a
  meta-analytic database",Room 1,stat.ML
2842,How Robust are Robustness Checks?,Room 1,econ.EM
2843,On Facts in Superstring Theory. A Case Study: The AdS/CFT Correspondence,Room 11,physics.hist-ph
2844,A Unified Perspective on Multi-Domain and Multi-Task Learning,Room 1,stat.ML
2845,"Photon-number-resolution with sub-30-ps timing using multi-element
  superconducting nanowire single photon detectors",Room 11,physics.ins-det
2846,Policy Gradients for CVaR-Constrained MDPs,Room 1,stat.ML
2847,"Streaming ResLSTM with Causal Mean Aggregation for Device-Directed
  Utterance Detection",Room 2,eess.AS
2848,Certifying and removing disparate impact,Room 4,stat.ML
2849,"Resistant estimates for high dimensional and functional data based on
  random projections",Room 1,stat.ME
2850,"Intrinsic Localized Modes in a Nonlinear Electrical Lattice with
  Saturable Nonlinearity",Room 8,nlin.PS
2851,"Risks and Benefits of Using a Commercially Available Ventricular Assist
  Device for Failing Fontan Cavopulmonary Support: A Modeling Investigation",Room 1,q-bio.TO
2852,"Exploiting Temporal Dependencies for Cross-Modal Music Piece
  Identification",Room 2,eess.AS
2853,Extra-Dimensional Approach to Option Pricing and Stochastic Volatility,Room 3,q-fin.PR
2854,How sensitive are equilibrium pricing models to real-world distortions?,Room 4,q-fin.GN
2855,"Distributed Energy and Resource Management for Full-Duplex Dense Small
  Cells for 5G",Room 10,eess.SP
2856,"Une plate-forme dynamique pour l'\'evaluation des performances des bases
  de donn\'ees \`a objets",Room 10,cs.DB
2857,"Fully Distributed Resilient State Estimation based on Distributed Median
  Solver",Room 10,eess.SY
2858,Multivariate Realized Volatility Forecasting with Graph Neural Network,Room 3,q-fin.CP
2859,Beyond VaR and CVaR: Topological Risk Measures in Financial Markets,Room 3,q-fin.RM
2860,"Stability of excited states of a Bose-Einstein condensate in an
  anharmonic trap",Room 8,nlin.PS
2861,Modular representations of the ortho-symplectic supergroups,Room 7,math.RT
2862,Irrationality From The Book,Room 5,math.HO
2863,A model for shock wave chaos,Room 5,nlin.CD
2864,Optimization of collective enzyme activity via spatial localization,Room 6,q-bio.SC
2865,"Intersections of Schubert varieties and eigenvalue inequalities in an
  arbitrary finite factor",Room 5,math.OA
2866,A general definition of perfect equilibrium,Room 4,econ.TH
2867,On unbiased simulations of stochastic bridges conditioned on extrema,Room 3,q-fin.MF
2868,"Numerical simulations of cardiovascular diseases and global matter
  transport",Room 8,physics.bio-ph
2869,Calculating Valid Domains for BDD-Based Interactive Configuration,Room 10,cs.AI
2870,Asynchronous Cellular Automata and Pattern Classification,Room 6,nlin.CG
2871,Galactic Wind Signatures around High Redshift Galaxies,Room 12,astro-ph
2872,"Holomorphic quadratic differentials and the Bernstein problem in
  Heisenberg space",Room 7,math.DG
2873,Study of the Correlations Between Stocks of Different Markets,Room 3,physics.soc-ph
2874,"Approximately symbolic models for a class of continuous-time nonlinear
  systems",Room 10,eess.SY
2875,The Economic Costs of Containing a Pandemic,Room 4,econ.GN
2876,Approximating quantiles in very large datasets,Room 2,stat.CO
2877,"Comprehensive Analysis of Bioactive Peptides from Cuminum cyminum L.
  Seeds: Sequence Identification and Pharmacological Evaluation",Room 6,q-bio.OT
2878,"Folding model study of the isobaric analog excitation: isovector density
  dependence, Lane potential and nuclear symmetry energy",Room 8,nucl-th
2879,"Higher Rank TQFT Representations of SL(2,Z) are Reducible",Room 7,math.GT
2880,Kernel induced random survival forests,Room 1,stat.ML
2881,Graph-Valued Regression,Room 1,stat.ML
2882,Unified Modeling of Complex Real-Time Control Systems,Room 10,cs.SE
2883,Measures of uncertainty in market network analysis,Room 3,q-fin.ST
2884,A Measurement of Photon Production in Electron Avalanches in CF4,Room 11,physics.ins-det
2885,Zooming in on infinitesimal 1-.9.. in a post-triumvirate era,Room 6,math.HO
2886,"Generalized statistical complexity and Fisher-Renyi entropy product in
  the $H$-atom",Room 5,nlin.PS
2887,"Finite-time Lagrangian transport analysis: Stable and unstable manifolds
  of hyperbolic trajectories and finite-time Lyapunov exponents",Room 5,nlin.CD
2888,Structural Intervention Distance (SID) for Evaluating Causal Graphs,Room 1,stat.ML
2889,A CNN toolbox for skin cancer classification,Room 2,eess.IV
2890,"Tree diameter, height and stocking in even-aged forests",Room 11,q-bio.QM
2891,"Modeling item--item similarities for personalized recommendations on
  Yahoo! front page",Room 1,stat.AP
2892,Streaming problems as (multi-issue) claims problems,Room 4,econ.TH
2893,"Application of Volcano Plots in Analyses of mRNA Differential
  Expressions with Microarrays",Room 1,q-bio.QM
2894,Complexity of Langton's Ant,Room 10,nlin.CG
2895,A Variable Rate Fronthaul Scheme for Cloud Radio Access Networks (C-RAN),Room 10,eess.SP
2896,The Number of Periodic Orbits of a Rational Difference Equation,Room 5,math.DS
2897,On Gene Duplication Models for Evolving Regulatory Networks,Room 6,q-bio.PE
2898,"The OxyContin Reformulation Revisited: New Evidence From Improved
  Definitions of Markets and Substitutes",Room 1,econ.GN
2899,Modelling the Role of Nitric Oxide in Cerebral Autoregulation,Room 8,q-bio.TO
2900,"Achieving a Given Financial Goal with Optimal Deferred Term Insurance
  Purchasing Policy",Room 4,q-fin.PM
2901,"Ensemble of ACCDOA- and EINV2-based Systems with D3Nets and Impulse
  Response Simulation for Sound Event Localization and Detection",Room 2,eess.AS
2902,"Survival ensembles by the sum of pairwise differences with application
  to lung cancer microarray studies",Room 2,stat.AP
2903,"On the Schoenberg Transformations in Data Analysis: Theory and
  Illustrations",Room 2,stat.ML
2904,"Uniform convergence over time of a nested particle filtering scheme for
  recursive parameter estimation in state--space Markov models",Room 1,stat.CO
2905,Exact Replication of the Best Rebalancing Rule in Hindsight,Room 3,q-fin.PR
2906,"Trafficking Coordinate Description of Intracellular Transport Control of
  Signaling Networks",Room 6,q-bio.SC
2907,Risk sharing under heterogeneous beliefs without convexity,Room 3,q-fin.RM
2908,"Free products, cyclic homology, and the Gauss-Manin connection",Room 7,math.KT
2909,A Proof On Arnold Chord Conjecture,Room 7,math.GM
2910,Short Term Stress of Covid-19 On World Major Stock Indices,Room 3,q-fin.GN
2911,From Disequilibrium Markets to Equilibrium,Room 4,econ.GN
2912,"On the Sum of Order Statistics and Applications to Wireless
  Communication Systems Performances",Room 1,stat.CO
2913,"Reinforcement Learning for Decentralized Trajectory Design in Cellular
  UAV Networks with Sense-and-Send Protocol",Room 10,eess.SP
2914,Intermittent Control in Man and Machine,Room 6,q-bio.QM
2915,Complete Integrability for Hamiltonian Systems with a Cone Potential,Room 5,nlin.SI
2916,"Can GDP measurement be further improved? Data revision and
  reconciliation",Room 4,econ.EM
2917,Impact of R&D and AI Investments on Economic Growth and Credit Rating,Room 3,econ.EM
2918,Coveting thy neighbors fitness as a means to resolve social dilemmas,Room 4,q-bio.PE
2919,Complete Integrability Of The Fifth-Order Mikhailov-Novikov-Wang system,Room 7,nlin.SI
2920,"Fair Access Provisioning through Contention Parameter Adaptation in the
  IEEE 802.11e Infrastructure Basic Service Set",Room 10,cs.NI
2921,Axiomatic Foundations of Bayesian Persuasion,Room 4,econ.TH
2922,"US Spillovers of US Monetary Policy: Information effects & Financial
  Flows",Room 3,econ.GN
2923,"Bayesian Synthesis: Combining subjective analyses, with an application
  to ozone data",Room 1,stat.AP
2924,Dynamic Prize Linked Savings: Maximizing Savings and Managing Risk,Room 3,q-fin.ST
2925,The M-estimator in a multi-phase random nonlinear model,Room 1,math.ST
2926,"Unsupervised Microvascular Image Segmentation Using an Active Contours
  Mimicking Neural Network",Room 2,eess.IV
2927,"Conjoining Speeds up Information Diffusion in Overlaying Social-Physical
  Networks",Room 4,cs.SI
2928,"Numerical study on diverging probability density function of flat-top
  solitons in an extended Korteweg-de Vries equation",Room 8,nlin.PS
2929,"Routing in Outer Space: Improved Security and Energy-Efficiency in
  Multi-Hop Wireless Networks",Room 10,cs.NI
2930,"Excluded volume, local structural cooperativity,and the polymer physics
  of protein folding rates",Room 6,q-bio.BM
2931,"The age specific incidence anomaly suggests that cancers originate
  during development",Room 6,q-bio.OT
2932,"Stable Vortex-Bright Soliton Structures in Two-Component Bose Einstein
  Condensates",Room 8,nlin.PS
2933,"Comprehensive Analysis On Determinants Of Bank Profitability In
  Bangladesh",Room 3,econ.GN
2934,Multiscale modeling of diffusion in a crowded environment,Room 6,q-bio.SC
2935,"Stability of fractional-order linear time-invariant system with
  noncommensurate orders",Room 5,cs.SY
2936,Tail Asymptotics and Estimation for Elliptical Distributions,Room 1,math.PR
2937,Mechanochemical models for calcium waves in embryonic epithelia,Room 6,q-bio.TO
2938,"On the Geometry of Discrete Exponential Families with Application to
  Exponential Random Graph Models",Room 1,stat.ML
2939,"Measuring the functional connectome ""on-the-fly"": towards a new control
  signal for fMRI-based brain-computer interfaces",Room 2,stat.ML
2940,Two-dimensional discrete solitons in rotating lattices,Room 8,nlin.PS
2941,"Self-Organized Criticality as Witten-type Topological Field Theory with
  Spontaneously Broken Becchi-Rouet-Stora-Tyutin Symmetry",Room 8,nlin.AO
2942,Quasi-potential landscape in complex multi-stable systems,Room 6,q-bio.MN
2943,"Fluctuations of statistics among subregions of a turbulence velocity
  field",Room 12,physics.flu-dyn
2944,"Investigation of a lattice Boltzmann model with a variable speed of
  sound",Room 8,physics.flu-dyn
2945,A Local Characterization of Combinatorial Multihedrality in Tilings,Room 7,math.MG
2946,"Gold, currencies and market efficiency",Room 3,q-fin.ST
2947,Audio-Based Music Classification with DenseNet And Data Augmentation,Room 2,eess.AS
2948,"Density modulo 1 of sublacunary sequences: application of Peres-Schlag's
  arguments",Room 5,math.NT
2949,"Inverse Geometric Approach to the Simulation of the Circular Growth. The
  Case of Multicellular Tumor Spheroids",Room 6,q-bio.CB
2950,Robust Vector Perturbation Precoding Design for MIMO Broadcast Channel,Room 10,eess.SP
2951,Dynamic and Stochastic Rational Behavior,Room 4,econ.TH
2952,"A hierarchical network organization helps to retain comparable
  oscillation patterns in rats and human-sized brains",Room 6,q-bio.NC
2953,R-diagonal dilation semigroups,Room 5,math.FA
2954,Permutation-based tests for discontinuities in event studies,Room 3,econ.EM
2955,Symbolic Toolkit for Chaos Explorations,Room 12,nlin.CD
2956,Uncertainty and the Communication of Time,Room 11,physics.hist-ph
2957,Should employers pay their employees better? An asset pricing approach,Room 3,q-fin.GN
2958,"Towards Expedited Impedance Tuning of a Robotic Prosthesis for
  Personalized Gait Assistance by Reinforcement Learning Control",Room 4,eess.SY
2959,"Kinetic proofreading at single molecular level: Aminoacylation of
  tRNA^{Ile} and the role of water as an editor",Room 6,q-bio.BM
2960,Chromogeometry,Room 5,math.MG
2961,Limit theorems for additive c-free convolution,Room 7,math.OA
2962,Optimal investment with intermediate consumption and random endowment,Room 3,q-fin.PM
2963,On the Expressiveness and Complexity of ATL,Room 12,cs.LO
2964,Consumption processes and positively homogeneous projection properties,Room 3,q-fin.GN
2965,Narratives within immersive technologies,Room 12,cs.HC
2966,"Thermoelectric response near a quantum critical point: the case of
  CeCoIn5",Room 8,cond-mat.str-el
2967,Change of measure under the hard-to-borrow model,Room 3,q-fin.MF
2968,Novikov-symplectic cohomology and exact Lagrangian embeddings,Room 7,math.SG
2969,"Information-Corrected Estimation: A Generalization Error Reducing
  Parameter Estimation Method",Room 1,stat.CO
2970,"Multi-Amdahl: Optimal Resource Sharing with Multiple Program Execution
  Segments",Room 10,cs.AR
2971,"The Finite Sample Performance of Treatment Effects Estimators based on
  the Lasso",Room 1,econ.EM
2972,A new 2D integrable system with a quartic second invariant,Room 5,nlin.SI
2973,"Optical absorption spectra and monomer interaction in polymers.
  Investigation of exciton coupling in DNA hairpins",Room 8,physics.chem-ph
2974,On reverse-engineering the KUKA Robot Language,Room 12,cs.RO
2975,On Correlated Defaults and Incomplete Information,Room 3,q-fin.MF
2976,"In-silico nucleotide and protein analyses of S-gene region in selected
  zoonotic coronaviruses reveal conserved domains and evolutionary emergence
  with trajectory course of viral entry from SARS-CoV2 genomic data",Room 11,q-bio.OT
2977,Initial study on the shape optimisation of the CLIC crab cavity,Room 11,physics.acc-ph
2978,"Analysis of the Driving Factors of Implementing Green Supply Chain
  Management in SME in the City of Semarang",Room 3,econ.GN
2979,Matricial representation of period doubling cascade,Room 5,nlin.CD
2980,"The Master Stability Function for Synchronization in Simplicial
  Complexes",Room 6,nlin.AO
2981,"Forward-Backward Greedy Algorithms for General Convex Smooth Functions
  over A Cardinality Constraint",Room 1,stat.ML
2982,"Vortices, circumfluence, symmetry groups and Darboux transformations of
  the (2+1)-dimensional Euler equation",Room 11,nlin.PS
2983,"Thermodynamic limit of solar to fuel conversion for generalized
  photovoltaic-electrochemical system",Room 8,physics.app-ph
2984,"Crossing Stocks and the Positive Grassmannian I: The Geometry behind
  Stock Market",Room 3,q-fin.ST
2985,"Lateral inhibition provides a unifying framework for spatiotemporal
  pattern formation in media comprising relaxation oscillators",Room 8,nlin.PS
2986,"Spatial Topology and its Structural Analysis based on the Concept of
  Simplicial Complex",Room 1,physics.data-an
2987,Comments on Charges and Near-Horizon Data of Black Rings,Room 7,hep-th
2988,"A Powerful Subvector Anderson Rubin Test in Linear Instrumental
  Variables Regression with Conditional Heteroskedasticity",Room 3,econ.EM
2989,A p-adic analogue of a formula of Ramanujan,Room 7,math.NT
2990,Fixed-node diffusion Monte Carlo study of the structures of m-benzyne,Room 8,physics.chem-ph
2991,Galactic Nuclei Formation Via Globular Cluster Merging,Room 12,astro-ph.GA
2992,"A Model for Emission from Jets in X-ray Binaries: Consequences of a
  Single Acceleration Episode",Room 11,astro-ph.HE
2993,Randomized algorithm for the k-server problem on decomposable spaces,Room 2,cs.DS
2994,A Dynamic Boundary Guarding Problem with Translating Targets,Room 4,cs.RO
2995,"Empirical null and false discovery rate inference for exponential
  families",Room 1,stat.AP
2996,Vortices and Polynomials,Room 5,nlin.PS
2997,"State Feedback Control and Observer Based Adaptive Synchronization of
  Chaos in a Memristive Murali-Lakshmanan-Chua Circuit",Room 8,nlin.AO
2998,Deeper Hedging: A New Agent-based Model for Effective Deep Hedging,Room 3,q-fin.CP
2999,On the Minimum Many-Valued Modal Logic over a Finite Residuated Lattice,Room 12,math.LO
3000,We must know. We will know,Room 11,physics.pop-ph
3001,Adaptive Tuning Of Hamiltonian Monte Carlo Within Sequential Monte Carlo,Room 1,stat.CO
3002,Greedy Signal Recovery Review,Room 2,math.NA
3003,Limits to green growth and the dynamics of innovation,Room 3,econ.TH
3004,Posterior Inference for Sparse Hierarchical Non-stationary Models,Room 1,stat.CO
3005,Computing Entropies With Nested Sampling,Room 1,stat.CO
3006,Orientability in Yang-Mills Theory over Nonorientable Surfaces,Room 7,math.SG
3007,Control of unstable steady states by extended time-delayed feedback,Room 8,nlin.CD
3008,Extending a theorem of Herstein,Room 7,math.RA
3009,Whistler Wave Cascade in Solar Wind Plasma,Room 11,physics.space-ph
3010,"Can parity-time-symmetric potentials support continuous families of
  non-parity-time-symmetric solitons?",Room 8,nlin.PS
3011,A structural model of emotions of cognitive dissonances,Room 1,q-bio.NC
3012,On the RND under Heston's stochastic volatility model,Room 3,q-fin.PR
3013,End-to-End Speech-Driven Facial Animation with Temporal GANs,Room 2,eess.AS
3014,"Long-Time Asymptotics of the Toda Lattice for Decaying Initial Data
  Revisited",Room 5,nlin.SI
3015,Fourier optics for polymeric substrates and coating textures analysis,Room 11,physics.pop-ph
3016,Nash equilibria in Fisher market,Room 4,cs.GT
3017,Multivariate Affine GARCH with Heavy Tails: A Unified Framework for Portfolio Optimization and Option Valuation,Room 3,econ.EM
3018,"Cyclic (v;r,s;lambda) difference families with two base blocks and v <=
  50",Room 1,math.CO
3019,"Continuum-mechanical, Anisotropic Flow model for polar ice masses, based
  on an anisotropic Flow Enhancement factor",Room 8,physics.geo-ph
3020,"Exploiting temporal network structures of human interaction to
  effectively immunize populations",Room 12,q-bio.PE
3021,Social Discounting and the Long Rate of Interest,Room 3,q-fin.GN
3022,"Privatizaciones, fusiones y adquisiciones: las grandes empresas en
  M\'exico",Room 3,q-fin.GN
3023,"Communication over the network of binary switches regulates the
  activation of A$_{2A}$ adenosine receptor",Room 6,q-bio.BM
3024,Environmental statistics and optimal regulation,Room 6,q-bio.QM
3025,"Construction of eigenvarieties in small cohomological dimensions for
  semi-simple, simply connected groups",Room 7,math.NT
3026,Stock Selection as a Problem in Phylogenetics -- Evidence from the ASX,Room 3,q-fin.PM
3027,"An example of computation of the density of ones in probabilistic
  cellular automata by direct recursion",Room 6,nlin.CG
3028,Risk-neutral pricing for APT,Room 3,econ.GN
3029,GPTIPS 2: an open-source software platform for symbolic data mining,Room 2,cs.MS
3030,"Mean-$\rho$ portfolio selection and $\rho$-arbitrage for coherent risk
  measures",Room 4,q-fin.MF
3031,On Hilbert's construction of positive polynomials,Room 5,math.AG
3032,"Deep Neural Networks for Choice Analysis: A Statistical Learning Theory
  Perspective",Room 4,econ.GN
3033,"Generation of shock waves from localized sources: The case of the
  Burgers equation",Room 5,nlin.PS
3034,"FinML-Chain: A Blockchain-Integrated Dataset for Enhanced Financial
  Machine Learning",Room 3,econ.GN
3035,On the Spatial Asymptotics of Solutions of the Toda Lattice,Room 5,nlin.SI
3036,3D Video Quality Metric for Mobile Applications,Room 2,eess.IV
3037,Discordant Relaxations of Misspecified Models,Room 1,econ.EM
3038,Maximizing the Growth Rate under Risk Constraints,Room 4,q-fin.PM
3039,"Quantum Teichm\""uller spaces and Kashaev's 6j-symbols",Room 7,math.GT
3040,"An Identity Based Strong Bi-Designated Verifier (t, n) Threshold Proxy
  Signature Scheme",Room 10,cs.CR
3041,VAT Compliance Incentives,Room 4,econ.TH
3042,How to interconnect for Massive MIMO Self-Calibration?,Room 10,eess.SP
3043,A model of inter-organizational network formation,Room 4,econ.EM
3044,"Sustainable Development Goals (SDGs): New Zealand Outlook with Central
  Bank Digital Currency and SDG 8 Realization on the Horizon",Room 3,econ.GN
3045,Development of test materials for assessment broadcasting video path,Room 11,eess.IV
3046,"Absolute Continuity of the Integrated Density of States for the Almost
  Mathieu Operator with Non-Critical Coupling",Room 5,math.DS
3047,Otiy: Loactors tracking nodes,Room 10,cs.NI
3048,Genericity of supercuspidal representations of p-adic Sp(4),Room 7,math.RT
3049,Estimated VC dimension for risk bounds,Room 1,stat.ML
3050,Photon-jet correlations in $pp$ and $p \bar p$ collisions,Room 5,hep-ph
3051,Nonparametric Instrumental Variables Estimation Under Misspecification,Room 4,econ.EM
3052,A Topological Representation for Taking Cities as a Coherent Whole,Room 1,nlin.AO
3053,Data-Driven Control of Unknown Systems: A Linear Programming Approach,Room 4,eess.SY
3054,$\kappa$-generalized models of income and wealth distributions: A survey,Room 4,q-fin.GN
3055,"Hedging strategies and minimal variance portfolios for European and
  exotic options in a Levy market",Room 3,q-fin.PM
3056,"Spatial Source Subtraction Based on Incomplete Measurements of Relative
  Transfer Function",Room 2,cs.SD
3057,"Particle filter-based Gaussian process optimisation for parameter
  inference",Room 1,stat.CO
3058,"Observation of bifurcations and hysteresis in experimentally coupled
  logistic maps",Room 12,nlin.AO
3059,"Analysis of Cognitive Radio Scenes Based on Non-cooperative Game
  Theoretical Modelling",Room 10,nlin.AO
3060,Efficient Computation of Optimal Trading Strategies,Room 3,cs.CE
3061,"Options as Silver Bullets: Valuation of Term Loans, Inventory
  Management, Emissions Trading and Insurance Risk Mitigation using Option
  Theory",Room 3,q-fin.PR
3062,Large Number Hypothesis: A Review,Room 11,gr-qc
3063,"Computer Model of a ""Sense of Humour"". II. Realization in Neural
  Networks",Room 1,q-bio.NC
3064,Structural distance and evolutionary relationship of networks,Room 6,q-bio.QM
3065,A fast algorithm for maximal propensity score matching,Room 1,stat.CO
3066,Herding driven by the desire to differ,Room 4,econ.TH
3067,Optimal and better transport plans,Room 7,math.OC
3068,"Analytic formulas for topological degree of non-smooth mappings: the
  even-dimensional case",Room 7,math.KT
3069,Bayes' Theorem under Conditional Independence,Room 1,stat.OT
3070,On option pricing in illiquid markets with jumps,Room 3,q-fin.PR
3071,"A Bayesian Surrogate Model for Rapid Time Series Analysis and
  Application to Exoplanet Observations",Room 1,stat.ME
3072,Stable rank for inclusions of C*-algebras,Room 7,math.OA
3073,"Twisted longitudinal index theorem for foliations and wrong way
  functoriality",Room 7,math.KT
3074,"A Web Aggregation Approach for Distributed Randomized PageRank
  Algorithms",Room 1,cs.SY
3075,Deconstruction of Infinite Extensive Games using coinduction,Room 4,cs.GT
3076,"A deep reinforcement learning model based on deterministic policy
  gradient for collective neural crest cell migration",Room 6,q-bio.CB
3077,Pattern Universes,Room 11,nlin.PS
3078,"Absolute Galois acts faithfully on the components of the moduli space of
  surfaces: A Belyi-type theorem in higher dimension",Room 7,math.AG
3079,Cubical Homology of Asynchronous Transition Systems,Room 7,math.KT
3080,"Anticipation and the Non-linear Dynamics of Meaning-Processing in Social
  Systems",Room 6,nlin.AO
3081,"Matching for balance, pairing for heterogeneity in an observational
  study of the effectiveness of for-profit and not-for-profit high schools in
  Chile",Room 4,stat.AP
3082,Structured Dictionary Learning for Energy Disaggregation,Room 10,eess.SY
3083,"A Multi-State Diagnosis and Prognosis Framework with Feature Learning
  for Tool Condition Monitoring",Room 2,eess.SP
3084,Impact of Limpware on HDFS: A Probabilistic Estimation,Room 10,cs.OS
3085,High distance Heegaard splittings via fat train tracks,Room 7,math.GT
3086,Finite Generation of Algebras Associated to Powers of Ideals,Room 7,math.AC
3087,"Predictor-dependent shrinkage for linear regression via partial factor
  modeling",Room 1,stat.ME
3088,Making simple proofs simpler,Room 6,cs.MS
3089,"Asymptotic analysis of stock price densities and implied volatilities in
  mixed stochastic models",Room 3,q-fin.PR
3090,A log-Birnbaum-Saunders Regression Model with Asymmetric Errors,Room 1,stat.ME
3091,The Origin of Corporate Control Power,Room 3,econ.TH
3092,Terminal Orientation in OFDM-based LiFi Systems,Room 11,eess.SP
3093,"Evolution through time of Pyrrolizidine Alkaloids detection and
  quantification",Room 6,q-bio.BM
3094,"Area, capacity and diameter versions of Schwarz's Lemma",Room 5,math.CV
3095,Conservative Generalized Bifurcation Diagrams,Room 12,nlin.CD
3096,"Non-Euclidean statistics for covariance matrices, with applications to
  diffusion tensor imaging",Room 2,stat.AP
3097,Detecting Parkinson's Disease From an Online Speech-task,Room 2,eess.AS
3098,A Constrained Matrix-Variate Gaussian Process for Transposable Data,Room 2,stat.ML
3099,"A Geometric Approach to Confidence Sets for Ratios: Fieller's Theorem,
  Generalizations, and Bootstrap",Room 1,stat.ME
3100,(1+1)-dimensional separation of variables,Room 7,nlin.SI
3101,"Groebner bases for the polynomial ring with infinite variables and their
  applications",Room 7,math.AC
3102,Counting Defiers: A Design-Based Model of an Experiment Can Reveal Evidence Beyond the Average Effect,Room 1,econ.EM
3103,A Structural Model for Detecting Communities in Networks,Room 4,econ.TH
3104,Set-valued dynamic treatment regimes for competing outcomes,Room 1,stat.ME
3105,"Adaptive Oscillator Networks with Conserved Overall Coupling: Sequential
  Firing and Near-Synchronized States",Room 6,nlin.AO
3106,"Neutrino beams as a probe of the nuclear isospin and spin-isospin
  excitations",Room 11,nucl-th
3107,"Asymptotically nonexpansive mappings in uniformly convex hyperbolic
  spaces",Room 7,math.FA
3108,"Discovering Patterns in Multi-neuronal Spike Trains using the Frequent
  Episode Method",Room 2,cs.DB
3109,"Existence, Stability, and Dynamics of Bright Vortices in the
  Cubic-Quintic Nonlinear Schr\""odinger Equation",Room 5,nlin.PS
3110,"Soliton and periodic wave solutions to the osmosis K(2, 2) equation",Room 8,nlin.PS
3111,Personalized Policy Learning through Discrete Experimentation: Theory and Empirical Evidence,Room 1,econ.EM
3112,"Solving the brachistochrone and other variational problems with soap
  films",Room 7,physics.pop-ph
3113,"Laplacian instability of planar streamer ionization fronts - an example
  of pulled front analysis",Room 8,nlin.PS
3114,"Gradient-based Optimization for Regression in the Functional
  Tensor-Train Format",Room 2,stat.CO
3115,Predicting Mortality from Credit Reports,Room 1,econ.GN
3116,The Special McKay correspondence as an equivalence of derived categories,Room 7,math.AG
3117,"In-network Sparsity-regularized Rank Minimization: Algorithms and
  Applications",Room 2,cs.MA
3118,Self-Referential Definition of Orthogonality,Room 5,math.GM
3119,"Effect of Voltage Source Converters with Electrochemical Storage Systems
  on Dynamics of Reduced-inertia Bulk Power Grids",Room 10,eess.SY
3120,Normalized Ricci flow on nonparabolic surfaces,Room 5,math.DG
3121,"Diminishing Return for Increased Mappability with Longer Sequencing
  Reads: Implications of the k-mer Distributions in the Human Genome",Room 2,q-bio.GN
3122,"Linear bound for the dyadic paraproduct on weighted Lebesgue space
  $L_2(w)$",Room 7,math.FA
3123,A Family of $q$-Dyson Style Constant Term Identities,Room 7,math.AC
3124,"Existence, uniqueness and efficiency of equilibrium in hedonic markets
  with multidimenstional types",Room 4,q-fin.TR
3125,"Simulations demonstrate a simple network to be sufficient to control
  branch point selection, smooth muscle and vasculature formation during lung
  branching morphogenesis",Room 6,q-bio.TO
3126,Compressed Text Indexes:From Theory to Practice!,Room 2,cs.DS
3127,Sparse Quadratic Discriminant Analysis and Community Bayes,Room 1,stat.ML
3128,"Inferring the phase response curve from observation of a continuously
  perturbed oscillator",Room 8,nlin.AO
3129,A fixed-point approach to barycenters in Wasserstein space,Room 7,stat.CO
3130,"Stochastic Flexibility Evaluation for Virtual Power Plant by Aggregating
  Distributed Energy Resources",Room 10,eess.SY
3131,A Sparse SVD Method for High-dimensional Data,Room 2,stat.ME
3132,"Hedging and Pricing European-type, Early-Exercise and Discrete Barrier
  Options using Algorithm for the Convolution of Legendre Series",Room 12,q-fin.CP
3133,Broad relativistic iron emission line observed in SAX J1808.4-3658,Room 11,astro-ph.HE
3134,"A note on a universal random variate generator for integer-valued random
  variables",Room 1,stat.CO
3135,Re-visiting the Distance Coefficient in Gravity Model,Room 3,q-fin.EC
3136,"Dynamics, robustness and fragility of trust",Room 4,cs.CR
3137,"Minimal model of associative learning for cross-situational lexicon
  acquisition",Room 1,q-bio.NC
3138,"A direct method of solution for the Fokas-Lenells derivative nonlinear
  Schr\""odinger equation: II. Dark soliton solutions",Room 8,nlin.SI
3139,An MAS-Based ETL Approach for Complex Data,Room 1,cs.DB
3140,Stability of the Centrality of Unions of Networks on the Same Vertex Set,Room 4,nlin.AO
3141,Constrained Supermanifolds for AdS M-Theory Backgrounds,Room 11,hep-th
3142,"Magneto-oscillations due to electron-electron interactions in the ac
  conductivity of a 2D electron gas",Room 8,cond-mat.mes-hall
3143,Properties of Exercise Strategies,Room 7,cs.CY
3144,Deep Learning for Systemic Risk Measures,Room 2,q-fin.MF
3145,"Adaptive post-Dantzig estimation and prediction for non-sparse ""large
  $p$ and small $n$"" models",Room 1,stat.ME
3146,Asymptotic freedom: history and interpretation,Room 7,physics.hist-ph
3147,"Bayesian 3D Reconstruction of Subsampled Multispectral Single-photon
  Lidar Signals",Room 2,eess.SP
3148,Automated detection of lung nodules in low-dose computed tomography,Room 1,physics.med-ph
3149,Applied Causal Inference Powered by ML and AI,Room 1,econ.EM
3150,"Solvent Effects in the Helix-Coil Transition Model can explain the
  Unusual Biophysics of Intrinsically Disordered Proteins",Room 6,q-bio.BM
3151,Network Coding for Distributed Storage Systems,Room 10,cs.NI
3152,Double Periodicity and Frequency-Locking in the Langford Equation,Room 5,physics.flu-dyn
3153,"A New Algorithm for Maximum Likelihood Estimation in Gaussian Graphical
  Models for Marginal Independence",Room 1,stat.ME
3154,Testing for Parallelism Between Trends in Multiple Time Series,Room 3,stat.ME
3155,Minkowski Sum Selection and Finding,Room 10,cs.DS
3156,Implementation of perception and action at nanoscale,Room 8,cs.RO
3157,Low-complexity 8-point DCT Approximations Based on Integer Functions,Room 2,stat.ME
3158,"Modeling and Simulation of Regenerative Braking Energy in DC Electric
  Rail Systems",Room 10,eess.SP
3159,Optimal Trading in Automatic Market Makers with Deep Learning,Room 3,q-fin.TR
3160,"Finite-size scaling for the left-current correlator with non-degenerate
  quark masses",Room 12,hep-lat
3161,"Effect of Receptor Density and Size on Signal Reception in Molecular
  Communication via Diffusion with an Absorbing Receiver",Room 8,cs.ET
3162,Fast Computation of Partial Fourier Transforms,Room 5,math.NA
3163,Modality Dropout for Improved Performance-driven Talking Faces,Room 2,eess.AS
3164,"Multi-Speaker DOA Estimation Using Deep Convolutional Networks Trained
  with Noise Signals",Room 2,eess.AS
3165,"Background-tracking Acoustic Features for Genre Identification of
  Broadcast Shows",Room 2,cs.SD
3166,"A Communication Model for Adaptive Service Provisioning in Hybrid
  Wireless Networks",Room 10,cs.NI
3167,On the Kinetostatic Optimization of Revolute-Coupled Planar Manipulators,Room 12,cs.RO
3168,"Exponential inequalities for self-normalized martingales with
  applications",Room 4,math.ST
3169,Price Formation in Field Prediction Markets: the Wisdom in the Crowd,Room 3,q-fin.PR
3170,"A Family of Adaptive Filter Algorithms in Noise Cancellation for Speech
  Enhancement",Room 2,cs.SD
3171,"Nonlinear perturbations of Fuchsian systems: corrections and
  linearization, normal forms",Room 5,math.CA
3172,A geometric construction of the exceptional Lie algebras F4 and E8,Room 7,math.DG
3173,Transposition of Notations in Just Intonation,Room 10,cs.SD
3174,Mean Field Game of Optimal Relative Investment with Jump Risk,Room 4,q-fin.MF
3175,Regression for sets of polynomial equations,Room 10,stat.ML
3176,On the Wisdom of Crowds (of Economists),Room 2,econ.EM
3177,"Solutions to the ABS lattice equations via generalized Cauchy matrix
  approach",Room 5,nlin.SI
3178,"Semi-closed form solutions for barrier and American options written on a
  time-dependent Ornstein Uhlenbeck process",Room 12,q-fin.PR
3179,"Ranking Critical Tools in the Implementation of Lean Six Sigma as an
  Integrated Management System in Portugal",Room 1,q-fin.RM
3180,Insights from Optimal Pandemic Shielding in a Multi-Group SEIR Framework,Room 4,econ.GN
3181,Integrable Hierarchies and Information Measures,Room 1,nlin.SI
3182,Financial market with no riskless (safe) asset,Room 3,q-fin.MF
3183,Bayesian photometric redshifts with empirical training sets,Room 1,astro-ph.IM
3184,"Computing the Cramer-Rao bound of Markov random field parameters:
  Application to the Ising and the Potts models",Room 1,stat.CO
3185,Rearrangement transformations on general measure spaces,Room 7,math.FA
3186,"On the ""degrees of freedom"" of the lasso",Room 2,math.ST
3187,Detection of Hard Exudates in Retinal Fundus Images using Deep Learning,Room 2,eess.IV
3188,Analytical Pricing of Defaultable Bond with Stochastic Default Intensity,Room 3,q-fin.PR
3189,From a dichotomy for images to Haagerup's inequality,Room 5,math.GN
3190,"The fractional volatility model: No-arbitrage, leverage and completeness",Room 3,q-fin.ST
3191,A Machine Learning Based Regulatory Risk Index for Cryptocurrencies,Room 3,q-fin.RM
3192,Soliton and Periodic solutions of the Short Pulse Model Equation,Room 5,nlin.SI
3193,"Rigidity and flexibility in protein-protein interaction networks: a case
  study on neuromuscular disorders",Room 6,q-bio.MN
3194,Optimal allocation to deferred income annuities,Room 3,q-fin.PM
3195,Combinatorial Deformations of Algebras: Twisting and Perturbations,Room 7,cs.SC
3196,"The Role of Nuclear Physics in Understanding the Cosmos and the Origin
  of Elements",Room 11,physics.pop-ph
3197,"Sobolev Inequalities, Riesz Transforms and the Ricci Flow",Room 5,math.DG
3198,Consumers behavior of Portuguese wine,Room 3,q-fin.GN
3199,"CT Data Curation for Liver Patients: Phase Recognition in Dynamic
  Contrast-Enhanced CT",Room 2,eess.IV
3200,Why we should teach the Bohr model and how to teach it effectively,Room 11,physics.ed-ph
3201,"On the smoothness of H\""older-doubling measures",Room 7,math.CA
3202,Building a Cooperative Communications System,Room 10,cs.IT
3203,"Safe Reinforcement Learning with Mixture Density Network: A Case Study
  in Autonomous Highway Driving",Room 2,eess.SY
3204,Responding to the AIDS epidemic in Angola,Room 12,q-bio.OT
3205,Constraint solving for high-level WCET analysis,Room 10,cs.PL
3206,"General Relativity Constraints the Proper Times and Predicts the Frozen
  Stars Instead of the Black Holes",Room 11,physics.gen-ph
3207,Networks of Economic Market Interdependence and Systemic Risk,Room 3,q-fin.ST
3208,"Mixed Hyperbolic - Second-Order Parabolic Formulations of General
  Relativity",Room 11,gr-qc
3209,"Comment on ""Scaling behavior of classical wave transport in mesoscopic
  media at the localization transition""",Room 8,cond-mat.dis-nn
3210,An improved scoring matrix for multiple sequence alignment,Room 2,q-bio.QM
3211,"Collapse and stable self-trapping for Bose-Einstein condensates with
  1/r^b type attractive interatomic interaction potential",Room 8,nlin.PS
3212,"The effects of interplay between the rotation and shoaling for a
  solitary wave on variable topography",Room 5,nlin.PS
3213,An impossibility theorem concerning positive involvement in voting,Room 4,econ.TH
3214,"Laplacian Mixture Modeling for Network Analysis and Unsupervised
  Learning on Graphs",Room 1,stat.ML
3215,Loop groups and twisted K-theory I,Room 7,math.AT
3216,"Identifying and modeling patterns of tetrapod vertebrate mortality rates
  in the Gulf of Mexico oil spill",Room 4,q-bio.PE
3217,"featureCounts: An efficient general-purpose program for assigning
  sequence reads to genomic features",Room 2,q-bio.GN
3218,"On the parametric description of log-growth rates of cities' sizes of
  four European countries and the USA",Room 3,econ.GN
3219,Formalization and Implementation of Algebraic Methods in Geometry,Room 7,cs.SC
3220,Tempered Stable Processes with Time Varying Exponential Tails,Room 3,q-fin.CP
3221,Lenia - Biology of Artificial Life,Room 6,nlin.CG
3222,"The Bernstein-Gelfand-Gelfand complex and Kasparov theory for SL(3,C)",Room 7,math.OA
3223,Optimal portfolios in commodity futures markets,Room 3,q-fin.PM
3224,"Cause Identification of Electromagnetic Transient Events using
  Spatiotemporal Feature Learning",Room 2,eess.SP
3225,Wealth heterogeneity in a closed pooled annuity fund,Room 3,q-fin.RM
3226,A Generalized Carpenter's Rule Theorem for Self-Touching Linkages,Room 7,cs.CG
3227,"Violation of the London Law and Onsager-Feynman quantization in
  multicomponent superconductors",Room 8,cond-mat.supr-con
3228,"On the equivalence between the effective cosmology and excursion set
  treatments of environment",Room 11,astro-ph.CO
3229,Sparse Causal Discovery in Multivariate Time Series,Room 1,stat.ME
3230,Convex duality for stochastic differential utility,Room 3,q-fin.MF
3231,"Network Entropy measures applied to different systemic perturbations of
  cell basal state",Room 6,q-bio.MN
3232,A New Look at the Classical Entropy of Written English,Room 2,cs.CL
3233,On the Caudrey-Beals-Coifman System and the Gauge Group Action,Room 5,nlin.SI
3234,Polyhedral Surfaces in Wedge Products,Room 7,math.MG
3235,Lipschitz behavior of the robust regularization,Room 5,math.OC
3236,"Constrained mean-variance investment-reinsurance under the
  Cram\'er-Lundberg model with random coefficients",Room 4,q-fin.PM
3237,Construction of fuzzy automata from fuzzy regular expressions,Room 12,cs.FL
3238,Elastic Wave Eigenmode Solver for Acoustic Waveguides,Room 11,physics.app-ph
3239,"Supersymmetry breaking by constant superpotentials and O'Raifeartaigh
  model in warped space",Room 11,hep-th
3240,Kinematic Calibration of the Orthoglide-Type Mechanisms,Room 11,cs.RO
3241,"MaxSkew and MultiSkew: Two R Packages for Detecting, Measuring and
  Removing Multivariate Skewness",Room 1,stat.CO
3242,"Alternative Scoring Method of Pleurisy in Slaughtered Pigs: Preliminary
  Investigations",Room 1,q-bio.TO
3243,First integrals for non linear hyperbolic equations,Room 5,math.AP
3244,Multiscale Analysis of Reaction Networks,Room 6,q-bio.MN
3245,"Combined 3D PET and Optical Projection Tomography Techniques for Plant
  Root Phenotyping",Room 2,q-bio.QM
3246,The Netsukuku network topology,Room 5,cs.NI
3247,"Knock Intensity Distribution and a Stochastic Control Framework for
  Knock Control",Room 1,eess.SY
3248,"Geometric Data Analysis, From Correspondence Analysis to Structured Data
  Analysis (book review)",Room 2,cs.AI
3249,"Particle Velocity Fluctuations in Steady State Sedimentation:
  Stratification Controlled Correlations",Room 8,physics.flu-dyn
3250,"Price Competition with Geometric Brownian motion in Exchange Rate
  Uncertainty",Room 3,econ.EM
3251,"Linear System Identification Under Multiplicative Noise from Multiple
  Trajectory Data",Room 1,eess.SY
3252,MIGRAINE: MRI Graph Reliability Analysis and Inference for Connectomics,Room 2,q-bio.QM
3253,A theory of web traffic,Room 1,physics.soc-ph
3254,$K$-theory of Leavitt path algebras,Room 7,math.KT
3255,"An Approximate Subgame-Perfect Equilibrium Computation Technique for
  Repeated Games",Room 4,cs.GT
3256,Untangling knots via reaction-diffusion dynamics of vortex strings,Room 8,nlin.PS
3257,"Characterization of the Soluble Nanoparticles Formed through Coulombic
  Interaction of Bovine Serum Albumin with Anionic Graft Copolymers at Low pH",Room 11,cond-mat.soft
3258,$N=1$ formal genus $0$ Gromov-Witten theories and Givental's formalism,Room 7,math.QA
3259,Newhouse phenomenon and homoclinic classes,Room 7,math.DS
3260,Symbiotic two-component gap solitons,Room 8,nlin.PS
3261,"Local structure approximation as a predictor of second order phase
  transitions in asynchronous cellular automata",Room 6,nlin.CG
3262,Computer Modelling of 3D Geological Surface,Room 2,cs.CE
3263,Bioinformatics and Biomedical Informatics with ChatGPT: Year One Review,Room 2,q-bio.OT
3264,"Coarse-grained Dynamic Taint Analysis for Defeating Control and
  Non-control Data Attacks",Room 12,cs.CR
3265,Deformation principle and further geometrization of physics,Room 11,physics.gen-ph
3266,Model independent hedging strategies for variance swaps,Room 3,q-fin.PR
3267,Magnetospheric Emission from Extrasolar Planets,Room 11,astro-ph.EP
3268,"The shallow shelf approximation as a ""sliding law"" in a
  thermomechanically coupled ice sheet model",Room 8,physics.geo-ph
3269,Probability Based Clustering for Document and User Properties,Room 1,cs.HC
3270,Characteristic Characteristics,Room 1,stat.AP
3271,"Transcription factor binding site prediction with multivariate gene
  expression data",Room 2,stat.AP
3272,"Concerning the Quantum Interference Effects Associated with Electric and
  Magnetic Potentials [Letter Submitted to the Editor, Physics Today]",Room 8,physics.hist-ph
3273,Geodetic Line at Constant Altitude above the Ellipsoid,Room 1,math.MG
3274,The effect of curvature and topology on membrane hydrodynamics,Room 8,cond-mat.soft
3275,"Self-organization of heterogeneous topology and symmetry breaking in
  networks with adaptive thresholds and rewiring",Room 6,cond-mat.dis-nn
3276,"Symmetric vs asymmetric stem cell divisions: an adaptation against
  cancer?",Room 6,q-bio.CB
3277,"A bibliometric analysis and scoping study to identify English-language
  perspectives on slums",Room 4,econ.GN
3278,"Stochastic Geometry of Network of Randomly Distributed Moving Vehicles
  on a Highway",Room 10,eess.SY
3279,Accurate Parameter Estimation for Risk-aware Autonomous Systems,Room 1,eess.SY
3280,"Simulation study of fast ion instability in the ILC damping ring and
  PETRA III",Room 11,physics.acc-ph
3281,Recent Trends and Research Issues in Video Association Mining,Room 1,cs.MM
3282,SETI in vivo: testing the we-are-them hypothesis,Room 6,q-bio.OT
3283,"NumGfun: a Package for Numerical and Analytic Computation with D-finite
  Functions",Room 5,cs.SC
3284,The General Form Of Cyclic Orthonormal Generators In R^N,Room 5,math.GM
3285,Tight closure does not commute with localization,Room 7,math.AC
3286,The Hartogs extension theorem on (n-1)-complete complex spaces,Room 7,math.CV
3287,UAV-aided urban target tracking system based on edge computing,Room 10,eess.SP
3288,"Torus n-Point Functions for $\mathbb{R}$-graded Vertex Operator
  Superalgebras and Continuous Fermion Orbifolds",Room 7,math.QA
3289,Bayesian Compressed Regression,Room 1,stat.ML
3290,"Limits of Educational Soft ""GeoGebra"" in a Critical Constructive Review",Room 7,cs.MS
3291,On frames in Hilbert modules over pro-C*-algebras,Room 7,math.OA
3292,"Buffer occupancy asymptotics in rate proportional sharing networks with
  heterogeneous long-tailed inputs",Room 10,cs.PF
3293,Queuing models for abstracting interactions in Bacterial communities,Room 6,cs.ET
3294,"Structural, Magnetic, and Electronic Properties of the
  Monometallofullerene Gd@C_82 : Theory",Room 8,physics.atm-clus
3295,Markov Logic Networks in the Analysis of Genetic Data,Room 2,q-bio.GN
3296,"Products of Ordinary Differential Operators by Evaluation and
  Interpolation",Room 5,cs.SC
3297,Relative utility bounds for empirically optimal portfolios,Room 4,q-fin.PM
3298,Anisotropic thermo-elasticity in 2D -- Part I: A unified approach,Room 8,math.AP
3299,"Polynomial solutions of qKZ equation and ground state of XXZ spin chain
  at Delta = -1/2",Room 5,math-ph
3300,Conditional Value-at-Risk Constraint and Loss Aversion Utility Functions,Room 3,q-fin.RM
3301,"Triplet Based Embedding Distance and Similarity Learning for
  Text-independent Speaker Verification",Room 2,eess.AS
3302,A remark on the additivity of traces in triangulated categories,Room 7,math.CT
3303,"Magnetosphere-ionosphere coupling in Jupiter's middle magnetosphere:
  computations including a self-consistent current sheet magnetic field model",Room 11,physics.space-ph
3304,"A Closed-Form Approximation of the Gaussian Noise Model in the Presence
  of Inter-Channel Stimulated Raman Scattering",Room 11,eess.SP
3305,"Estimating infectious disease parameters from data on social contacts
  and serological status",Room 12,stat.AP
3306,A Deep Learning Based Analysis-Synthesis Framework For Unison Singing,Room 2,eess.AS
3307,"Quasiperiodic graphs: structural design, scaling and entropic properties",Room 8,nlin.CD
3308,"Geometrical properties of local dynamics in Hamiltonian systems: the
  Generalized Alignment Index (GALI) method",Room 5,nlin.CD
3309,Mapping the Arnold web with a GPU-supercomputer,Room 8,nlin.CD
3310,Exceptional error minimization in putative primordial genetic codes,Room 6,q-bio.GN
3311,"Segmentation and Nodal Points in Narrative: Study of Multiple Variations
  of a Ballad",Room 2,cs.CL
3312,Thin Spectrum States in Superconductors,Room 8,cond-mat.supr-con
3313,"Fast Conical Hull Algorithms for Near-separable Non-negative Matrix
  Factorization",Room 2,stat.ML
3314,"Higher Order Correlations within Cortical Layers Dominate Functional
  Connectivity in Microcolumns",Room 2,q-bio.NC
3315,Multifractal cross wavelet analysis,Room 3,q-fin.ST
3316,"Emergence of product differentiation from consumer heterogeneity and
  asymmetric information",Room 1,q-fin.TR
3317,"Classification of seizure and seizure-free EEG signals based on
  empirical wavelet transform and phase space reconstruction",Room 1,eess.SP
3318,The Time-Varying Multivariate Autoregressive Index Model,Room 3,econ.EM
3319,"Microbiome profiling by Illumina sequencing of combinatorial
  sequence-tagged PCR products",Room 2,q-bio.GN
3320,Kullback-Leibler Principal Component for Tensors is not NP-hard,Room 1,eess.SP
3321,Wishart distributions for decomposable graphs,Room 1,math.ST
3322,Price Levels in Heterogeneous-Agent Models,Room 4,econ.TH
3323,"Semismooth Newton Coordinate Descent Algorithm for Elastic-Net Penalized
  Huber Loss Regression and Quantile Regression",Room 2,stat.CO
3324,"Parameter Identification of Pressure Sensors by Static and Dynamic
  Measurements",Room 11,cs.OH
3325,"Reference Dependent Invariant Sets: Sum of Squares Based Computation and
  Applications in Constrained Control",Room 10,eess.SY
3326,"Scalable Bayesian shrinkage and uncertainty quantification in
  high-dimensional regression",Room 1,stat.CO
3327,"Comparison of remote experiments using crowdsourcing and laboratory
  experiments on speech intelligibility",Room 2,eess.AS
3328,"Hadron beam test of a scintillating fibre tracker system for elastic
  scattering and luminosity measurement in ATLAS",Room 11,physics.ins-det
3329,Testing a Goodwin model with general capital accumulation rate,Room 4,econ.EM
3330,"Efficient Algorithms and Routing Protocols for Handling Transient Single
  Node Failures",Room 10,cs.DS
3331,Chaotic bursting in semiconductor lasers,Room 8,nlin.PS
3332,"Experimental realization of mixed-synchronization in counter-rotating
  coupled oscillators",Room 12,nlin.CD
3333,"The Shifting Attention of Political Leaders: Evidence from Two Centuries
  of Presidential Speeches",Room 1,econ.GN
3334,"On the Basis of the Hamilton-Jacobi-Bellman Equation in Economic
  Dynamics",Room 4,econ.TH
3335,"Momentum distributions in time-dependent density functional theory:
  Product phase approximation for non-sequential double ionization in strong
  laser fields",Room 8,physics.atom-ph
3336,A simple extension of Stollmann's lemma to correlated potentials,Room 5,math-ph
3337,Periodic solutions of a resistive model for nonlocal Josephson dynamics,Room 5,nlin.SI
3338,The gig economy in Poland: evidence based on mobile big data,Room 4,econ.GN
3339,The degeneracy of the genetic code and Hadamard matrices,Room 6,q-bio.OT
3340,"Scalable distributed and decentralized $\mathscr{H}_2$ controller
  synthesis for interconnected linear discrete-time systems",Room 10,eess.SY
3341,"Mapping properties of fundamental operators in harmonic analysis related
  to Bessel operators",Room 5,math.CA
3342,Linear Representation of Lie Group,Room 5,math.HO
3343,"Identification of unknown parameters and orders via cuckoo search
  oriented statistically by differential evolution for non-commensurate
  fractional order chaotic systems",Room 5,nlin.CD
3344,The genome of the medieval Black Death agent (extended abstract),Room 6,q-bio.GN
3345,Thermal photons to dileptons ratio at LHC,Room 11,nucl-th
3346,Automated code generation for discontinuous Galerkin methods,Room 5,cs.MS
3347,Effect of phonon-phonon interactions on localization,Room 8,cond-mat.dis-nn
3348,"Social Big Data Analytics of Consumer Choices: A Two Sided Online
  Platform Perspective",Room 4,stat.OT
3349,On the partition of numbers into parts of a given type and number,Room 7,math.HO
3350,"Topological Data Analysis for True Step Detection in Piecewise Constant
  Signals",Room 5,eess.SP
3351,"Power and spectral index anisotropy of the entire inertial range of
  turbulence in the fast solar wind",Room 11,physics.space-ph
3352,"A Prior Distribution over Directed Acyclic Graphs for Sparse Bayesian
  Networks",Room 1,stat.ML
3353,Multi Site Coordination using a Multi-Agent System,Room 4,cs.MA
3354,"Stochastic blockmodel approximation of a graphon: Theory and consistent
  estimation",Room 1,stat.ME
3355,"Characterization of random stress fields obtained from polycrystalline
  aggregate calculations using multi-scale stochastic finite elements",Room 8,stat.AP
3356,"A noncommutative Bohnenblust-Spitzer identity for Rota-Baxter algebras
  solves Bogoliubov's recursion",Room 5,math.CO
3357,"There are different shades of green: heterogeneous environmental
  innovations and their effects on firm performance",Room 3,econ.GN
3358,Stochastic Pairwise Preference Convergence in Bayesian Agents,Room 4,nlin.AO
3359,Tests in adaptive regression via the Kac-Rice formula,Room 2,stat.ME
3360,Bird's-eye view on Noise-Based Logic,Room 8,cs.ET
3361,Predictability Hidden by Anomalous Observations,Room 3,q-fin.ST
3362,"Robust cooperative synchronization of homogeneous agents with delays on
  directed communication graphs",Room 10,eess.SY
3363,Calculation of statistical entropic measures in a model of solids,Room 8,nlin.AO
3364,"Fast Retrial for Low-Latency Connectivity in MTC with Two Different
  Types of Devices",Room 10,eess.SY
3365,Two algorithms in search of a type system,Room 12,cs.LO
3366,Voice conversion using coefficient mapping and neural network,Room 2,eess.AS
3367,Effective field theories for rooted staggered fermions,Room 12,hep-lat
3368,"Cross-Scale Residual Network for Multiple Tasks:Image Super-resolution,
  Denoising, and Deblocking",Room 2,eess.IV
3369,Set Identification in Models with Multiple Equilibria,Room 4,econ.EM
3370,With no Color and Scent: Nanoflowers of Metals and Alloys,Room 8,physics.pop-ph
3371,"An exact and explicit formula for pricing Asian options with regime
  switching",Room 3,q-fin.PR
3372,"Computation of Maximum Likelihood Estimates for Multiresponse
  Generalized Linear Mixed Models with Non-nested, Correlated Random Effects",Room 1,stat.CO
3373,"Techniques for Highly Multiobjective Optimisation: Some Nondominated
  Points are Better than Others",Room 10,cs.NE
3374,"Prostate cancer inference via weakly-supervised learning using a large
  collection of negative MRI",Room 2,eess.IV
3375,"A geometric approach to maximum likelihood estimation of the functional
  principal components from sparse longitudinal data",Room 2,stat.ME
3376,"Quantifying Loss of Information in Network-based Dimensionality
  Reduction Techniques",Room 2,q-bio.MN
3377,Theoretical Evaluation of Offloading through Wireless LANs,Room 1,cs.PF
3378,Optimal designs for rational function regression,Room 1,stat.CO
3379,"Discriminating between overshooting and rotational mixing in massive
  stars: any help from asteroseismology?",Room 11,astro-ph.SR
3380,Asymptotic Properties of Distributed Social Sampling Algorithm,Room 1,eess.SY
3381,Interference and Outage in Clustered Wireless Ad Hoc Networks,Room 1,cs.IT
3382,TrAp: a Tree Approach for Fingerprinting Subclonal Tumor Composition,Room 2,q-bio.GN
3383,"Applying Test-Paradigms in a Generic Tutoring System Concept for
  Web-based Learning",Room 12,cs.CY
3384,A first-order Temporal Logic for Actions,Room 12,cs.AI
3385,"Target detection in synthetic aperture radar imagery: a state-of-the-art
  survey",Room 1,eess.IV
3386,"MPC-Based Precision Cooling Strategy (PCS) for Efficient Thermal
  Management of Automotive Air Conditioning System",Room 10,eess.SY
3387,Use of Triangular Elements for Nearly Exact BEM Solutions,Room 5,math.NA
3388,"A Flexible Semi-Automatic Approach for Glioblastoma multiforme
  Segmentation",Room 2,cs.CE
3389,Applications of information theory in plant disease management,Room 1,q-bio.QM
3390,Empirical Welfare Analysis with Hedonic Budget Constraints,Room 4,econ.EM
3391,"Algebraic K-theory over the infinite dihedral group: a controlled
  topology approach",Room 7,math.KT
3392,Generalization of Eight Methods for Determining R in the Ideal Gas Law,Room 1,physics.data-an
3393,Sequences of Gluing Bifurcations in an Analog Electronic Circuit,Room 8,nlin.CD
3394,Software Carpentry: Lessons Learned,Room 11,cs.GL
3395,"Three-fold Constructive Perturbation for Significant Enhancement in
  Field Emission from Nickel Oxide Nano-Thorn",Room 8,physics.app-ph
3396,Inference with Discriminative Posterior,Room 1,stat.ML
3397,The Turing Valley: How AI Capabilities Shape Labor Income,Room 4,econ.GN
3398,Calibration of transparency risks: a note,Room 3,q-fin.RM
3399,"Power Distribution System Synchrophasors with Non-Gaussian Errors:
  Real-World Measurements and Analysis",Room 10,eess.SP
3400,Formation and Detection of Earth Mass Planets around Low Mass Stars,Room 11,astro-ph.EP
3401,Are sanctions for losers? A network study of trade sanctions,Room 3,econ.GN
3402,"A comparison of efficient permutation tests for unbalanced ANOVA in two
  by two designs--and their behavior under heteroscedasticity",Room 1,stat.ME
3403,Physical Light as a Metaphor for Inner Light,Room 12,q-bio.NC
3404,"A Gaussian Process Based Method with Deep Kernel Learning for Pricing
  High-dimensional American Options",Room 3,q-fin.CP
3405,"Bermuda: Bidirectional de novo assembly of transcripts with new insights
  for handling uneven coverage",Room 2,q-bio.GN
3406,"Evaluating the dependence of a non-leaky intervention's partial efficacy
  on a categorical mark",Room 1,stat.ME
3407,P2P Loan acceptance and default prediction with Artificial Intelligence,Room 1,q-fin.RM
3408,Identification and Statistical Decision Theory,Room 4,econ.EM
3409,Le trading algorithmique,Room 3,q-fin.TR
3410,"Exact 1-D Model for Coherent Synchrotron Radiation with Shielding and
  Bunch Compression",Room 11,physics.acc-ph
3411,Solving the Cold-Start Problem in Recommender Systems with Social Tags,Room 1,cs.IR
3412,"Study of B+ to p Lambdabar gamma, p Lambdabar pi0 and B0 to p Lambdabar
  pi-",Room 11,hep-ex
3413,"Eigenvalue estimates for the scattering problem associated to the
  sine-Gordon equation",Room 5,math.SP
3414,The Fuzzy ROC,Room 1,stat.OT
3415,Community extraction for social networks,Room 12,stat.ME
3416,A convenient criterion under which Z_2-graded operators are Hamiltonian,Room 5,nlin.SI
3417,Enrichment of Qualitative Beliefs for Reasoning under Uncertainty,Room 1,cs.AI
3418,"Experimental investigation on the susceptibility of minimal networks to
  a change in topology and number of oscillators",Room 8,nlin.AO
3419,"Separable covariance arrays via the Tucker product, with applications to
  multivariate relational data",Room 2,stat.ME
3420,Transport measurements across a tunable potential barrier in graphene,Room 8,cond-mat.mes-hall
3421,"European Power Option Pricing with Extended Vasic\v{e}k Interest Rate
  and Exponential Ornstein-Uhlenbeck Asset Process under Different Market
  Assumptions",Room 3,q-fin.PR
3422,Ship-induced solitons as a manifestation of critical phenomena,Room 5,physics.ao-ph
3423,Quantitative Analysis of Narrative Reports of Psychedelic Drugs,Room 1,q-bio.QM
3424,"Testing for Markovian Character and Modeling of Intermittency in Solar
  Wind Turbulence",Room 11,physics.plasm-ph
3425,Mixture EMOS model for calibrating ensemble forecasts of wind speed,Room 1,stat.AP
3426,"Multilingual Approach to Joint Speech and Accent Recognition with
  DNN-HMM Framework",Room 12,eess.AS
3427,"Pseudo resonance induced quasi-periodic behavior in stochastic threshold
  dynamics",Room 1,nlin.CD
3428,"Concept framework for the safety assessment of platooning trucks enabled
  by V2V communication",Room 10,eess.SY
3429,"Mini-Flash Crashes, Model Risk, and Optimal Execution",Room 4,q-fin.TR
3430,Gaussian Process Regression Networks,Room 2,stat.ML
3431,"The use of Ethnomedicinal plants in Indigenous Health Care Practice of
  the Hajong Tribe community in Durgapur, Bangladesh",Room 11,q-bio.OT
3432,Detecting gravitational waves from accreting neutron stars,Room 11,astro-ph.SR
3433,Modeling the Dynamics of Growth in Master-Planned Communities,Room 3,econ.EM
3434,"Optimal Trade and Industrial Policies in the Global Economy: A Deep
  Learning Framework",Room 3,econ.GN
3435,Identification of Child Penalties,Room 1,econ.EM
3436,"The burden of HIV in a Public Hospital in Johannesburg, South Africa",Room 12,q-bio.OT
3437,"Improving Macroeconomic Model Validity and Forecasting Performance with
  Pooled Country Data using Structural, Reduced Form, and Neural Network Model",Room 2,econ.GN
3438,"Estimating Contagion Mechanism in Global Equity Market with Time-Zone
  Effect",Room 3,econ.GN
3439,"Non-stationary filtered shot noise processes and applications to
  neuronal membranes",Room 2,q-bio.NC
3440,"A systematic method for constructing time discretizations of integrable
  lattice systems: local equations of motion",Room 5,nlin.SI
3441,"Modeling Spacing Distribution of Queuing Vehicles in Front of a
  Signalized Junction Using Random-Matrix Theory",Room 10,physics.data-an
3442,Convenient Multiple Directions of Stratification,Room 1,q-fin.CP
3443,Exploring complex networks by means of adaptive walkers,Room 2,nlin.AO
3444,Observation of Periodic Orbits on Curved Two - dimensional Geometries,Room 8,nlin.CD
3445,"Realistic simulations reveal extensive sample-specificity of RNA-seq
  biases",Room 2,q-bio.GN
3446,"The Homogeneous Approximation Property and the Comparison Theorem for
  Coherent Frames",Room 5,math.FA
3447,Mesh2Fab: Reforming Shapes for Material-specific Fabrication,Room 2,cs.GR
3448,"Photon-axion mixing and ultra-high-energy cosmic rays from BL Lac type
  objects -- Shining light through the Universe",Room 11,astro-ph.HE
3449,"Improved Schwinger-DeWitt techniques for higher-derivative perturbations
  of operator determinants",Room 5,hep-th
3450,Formalizing Safety Requirements Using Controlling Automata,Room 10,cs.SE
3451,"Splitting maps and norm bounds for the cyclic cohomology of biflat
  Banach algebras",Room 7,math.KT
3452,"A Journey from Wild to Textbook Data to Reproducibly Refresh the Wages
  Data from the National Longitudinal Survey of Youth Database",Room 12,stat.OT
3453,"Heterogenous criticality in high frequency finance: a phase transition
  in flash crashes",Room 4,q-fin.TR
3454,Harmonic mean as a determinant of the genetic code,Room 6,q-bio.OT
3455,Local control of area-preserving maps,Room 12,nlin.CD
3456,Asymptotic indifference pricing in exponential L\'evy models,Room 3,q-fin.PR
3457,Spitzer View of Young Massive Stars in the LMC HII Complex N44,Room 12,astro-ph.GA
3458,"An Empirical Comparison of V-fold Penalisation and Cross Validation for
  Model Selection in Distribution-Free Regression",Room 1,stat.ML
3459,An extendible User-Command Framework based on tagging system,Room 12,cs.HC
3460,"Mind the wealth gap: a new allocation method to match micro and macro
  statistics for household wealth",Room 4,econ.GN
3461,Dynamic sensitivities and Initial Margin via Chebyshev Tensors,Room 3,q-fin.RM
3462,"Multi-Compartmental Biomaterial Scaffolds for Patterning Neural Tissue
  Organoids in Models of Neurodevelopment and Tissue Regeneration",Room 6,q-bio.TO
3463,"On the evaluation of the specific heat and general off-diagonal n-point
  correlation functions within the loop algorithm",Room 5,cond-mat
3464,"Experimental validation of a model for a self-adaptive beam-slider
  system",Room 11,nlin.AO
3465,"The minimum entropy principle for fluid flows in a nozzle with
  discontinuous cross-section",Room 5,math.NA
3466,"RiskMiner: Discovering Formulaic Alphas via Risk Seeking Monte Carlo
  Tree Search",Room 3,q-fin.CP
3467,"Discussion of: A statistical analysis of multiple temperature proxies:
  Are reconstructions of surface temperatures over the last 1000 years
  reliable?",Room 11,stat.AP
3468,Model reduction for Kuramoto models with complex topologies,Room 6,nlin.AO
3469,"Distributed Energy Trading and Scheduling among Microgrids via
  Multiagent Reinforcement Learning",Room 10,eess.SY
3470,"Bayesian Inference for partially observed SDEs Driven by Fractional
  Brownian Motion",Room 3,stat.ME
3471,"A Note on Utility Maximization with Proportional Transaction Costs and
  Stability of Optimal Portfolios",Room 3,q-fin.MF
3472,"Proximal Point Method for a Special Class of Nonconvex Functions on
  Hadamard Manifolds",Room 5,math.OC
3473,Reactive Supervisory Control of Open Discrete-event Systems,Room 10,eess.SP
3474,"Decision-Making, Sub-Additive Recursive ""Matching"" Noise And Biases In
  Risk-Weighted Stock/Bond Index Calculation Methods In Incomplete Markets With
  Partially Observable Multi-Attribute Preferences",Room 3,q-fin.GN
3475,Proceedings Third Workshop From Biology To Concurrency and back,Room 10,cs.CE
3476,Multi-task self-supervised learning for Robust Speech Recognition,Room 2,eess.AS
3477,The contact network of patients in a regional healthcare system,Room 12,q-bio.OT
3478,"Redundancy in Systems which Entertain a Model of Themselves: Interaction
  Information and the Self-organization of Anticipation",Room 6,cs.IR
3479,Miniversal deformations of dialgebras,Room 7,math.KT
3480,Universal Intelligence: A Definition of Machine Intelligence,Room 1,cs.AI
3481,"Continuous time mean-variance-utility portfolio problem and its
  equilibrium strategy",Room 4,q-fin.MF
3482,Endogenous Persistence at the Effective Lower Bound,Room 4,econ.GN
3483,"Low regularity local well-posedness of the Derivative Nonlinear
  Schr\""odinger Equation with periodic initial data",Room 5,math.AP
3484,Testing for Efficacy in Single-Subject Trials with Intervention Analysis,Room 1,stat.AP
3485,"Multivariate and 2D Extensions of Singular Spectrum Analysis with the
  Rssa Package",Room 2,stat.ME
3486,Efficient Distributed Random Walks with Applications,Room 10,cs.DC
3487,"Simultaneous Estimation of Non-Gaussian Components and their Correlation
  Structure",Room 2,stat.ML
3488,Active motions of Brownian particles in a generalized energy-depot model,Room 8,physics.bio-ph
3489,"Analysis of a class of non linear subdivision schemes and associated
  multi-resolution transforms",Room 5,math.NA
3490,"Gap solitons for the repulsive Gross-Pitaevskii equation with periodic
  potential: coding and method for computation",Room 5,nlin.PS
3491,"Anisotropy probe of galactic and extra-galactic Dark Matter
  annihilations",Room 12,astro-ph.CO
3492,A simple algorithm based on fluctuations to play the market,Room 4,q-fin.PM
3493,Consistent Iterative Hard Thresholding For Signal Declipping,Room 2,cs.SD
3494,Spectral Risk Measures: Properties and Limitations,Room 1,q-fin.RM
3495,"Bottom-up approach to assess carbon emissions of battery electric
  vehicle operations in China",Room 4,econ.GN
3496,"Mostly Harmless Machine Learning: Learning Optimal Instruments in Linear
  IV Models",Room 1,econ.EM
3497,Quantifying fair income distribution in Thailand,Room 4,econ.GN
3498,Portfolio Optimization in the Stochastic Portfolio Theory Framework,Room 3,q-fin.PM
3499,Pricing of Basket Options Using Polynomial Approximations,Room 12,q-fin.PR
3500,"The affine Weyl group symmetry of Desargues maps and of the
  non-commutative Hirota-Miwa system",Room 7,nlin.SI
3501,"Reanimating a Dead Economy: Financial and Economic Analysis of a Zombie
  Outbreak",Room 4,q-fin.GN
3502,Robust Distributed Routing in Dynamical Networks with Cascading Failures,Room 4,cs.SY
3503,Understanding the errors of SHAPE-directed RNA structure modeling,Room 6,q-bio.QM
3504,Infection spreading in a population with evolving contacts,Room 4,q-bio.PE
3505,Categories without structures,Room 7,math.HO
3506,Commuting differential operators of rank 2 with rational coefficients,Room 7,nlin.SI
3507,"Demonstration Paper: Wirelessly Sensing Medication Administration:
  Cyber-Physical Event Detection and Notification Utilizing Multi-Element
  Chipless RFID",Room 2,eess.SP
3508,"Mod\'elisation factorielle des interactions entre deux ensembles
  d'observations : la m\'ethode PLS-FILM (Partial Least Squares Factor
  Interaction Linear Modelling)",Room 1,stat.ME
3509,Iteratively algebraic orders,Room 5,math.LO
3510,A Bishop surface with a vanishing Bishop invariant,Room 7,math.CV
3511,Simulation Optimization of the Crossdock Door Assignment Problem,Room 10,cs.NE
3512,"Binarized Gerchberg Saxton Algorithm for Hologram Generation Using a
  Digital Micromirror Device",Room 2,eess.IV
3513,Correlated Perfect Equilibrium,Room 4,econ.TH
3514,Demonstrative and non-demonstrative reasoning by analogy,Room 6,math.HO
3515,A Low Rank Gaussian Process Prediction Model for Very Large Datasets,Room 2,stat.CO
3516,"A Cellular Automata Model with Probability Infection and Spatial
  Dispersion",Room 6,nlin.CG
3517,"An ergodic BSDE approach to forward entropic risk measures:
  representation and large-maturity behavior",Room 3,q-fin.MF
3518,"Scattering below critical energy for the radial 4D Yang-Mills equation
  and for the 2D corotational wave map system",Room 5,math.AP
3519,Universality of Mixed Action Extrapolation Formulae,Room 12,hep-lat
3520,"Bayes Model Selection with Path Sampling: Factor Models and Other
  Examples",Room 1,stat.CO
3521,"Accounting for Cross-Location Technological Heterogeneity in the
  Measurement of Operations Efficiency and Productivity",Room 3,econ.GN
3522,Mean-Field Games with Differing Beliefs for Algorithmic Trading,Room 4,q-fin.MF
3523,Modeling Human Interaction to Design a Human-Computer Dialog System,Room 1,cs.HC
3524,"Partially-Latent Class Models (pLCM) for Case-Control Studies of
  Childhood Pneumonia Etiology",Room 1,stat.AP
3525,A method to establish GPS grid ionospheric correction model,Room 1,physics.space-ph
3526,"Performance of Empirical Risk Minimization For Principal Component
  Regression",Room 2,econ.EM
3527,Scientists who engage with society perform better academically,Room 11,stat.AP
3528,"An algebraic formulation of Thurston's characterization of rational
  functions",Room 7,math.DS
3529,"Measuring Inaccuracy in Travel Demand Forecasting: Methodological
  Considerations Regarding Ramp Up and Sampling",Room 4,q-fin.GN
3530,"Generalized Twistor Transform And Dualities, With A New Description of
  Particles With Spin, Beyond Free and Massless",Room 7,hep-th
3531,"Design of a Spherical Wrist with Parallel Architecture: Application to
  Vertebrae of an Eel Robot",Room 12,cs.RO
3532,The AI&M Procedure for Learning from Incomplete Data,Room 1,stat.ME
3533,Mean-Reverting Portfolio Design with Budget Constraint,Room 3,q-fin.PM
3534,Spectral Properties of delta-Plutonium: Sensitivity to 5f Occupancy,Room 8,cond-mat.str-el
3535,"Self-controlled growth, coherent shrinkage, eternal life in a
  self-bounded space and other amazing evolutionary dynamics of stochastic
  pattern formation and growth models inspired by Conways Game of Life",Room 6,nlin.CG
3536,The Monty Hall Problem: Switching is Forced by the Strategic Thinking,Room 4,math.HO
3537,Advances in Agentic AI: Back to the Future,Room 1,econ.TH
3538,Shot-Noise Processes in Finance,Room 3,q-fin.MF
3539,"The search for candidate relevant subsets of variables in complex
  systems",Room 6,q-bio.MN
3540,A Conversation with David R. Brillinger,Room 11,stat.ME
3541,"Infinite-dimensional prolongation Lie algebras and multicomponent
  Landau-Lifshitz systems associated with higher genus curves",Room 5,nlin.SI
3542,Nonparametric Treatment Effect Identification in School Choice,Room 4,econ.EM
3543,"Error Estimation and Atomistic-Continuum Adaptivity for the
  Quasicontinuum Approximation of a Frenkel-Kontorova Model",Room 8,math.NA
3544,"Critical analysis of human progress: Its negative and positive sides in
  the late-capitalism",Room 3,q-fin.GN
3545,Energy and Momentum Distributions of Kantowski and Sachs Space-time,Room 11,gr-qc
3546,"Bootstrap based asymptotic refinements for high-dimensional nonlinear
  models",Room 1,econ.EM
3547,Lagrangian multiform structure for the lattice KP system,Room 5,nlin.SI
3548,"Fully Automated Multi-Organ Segmentation in Abdominal Magnetic Resonance
  Imaging with Deep Neural Networks",Room 2,eess.IV
3549,Joint nonstationary blind source separation and spectral analysis,Room 2,eess.SP
3550,"A Meta-evaluation of Scientific Research Proposals: Different Ways of
  Comparing Rejected to Awarded Applications",Room 11,cs.CY
3551,"The PORTSEA (Portuguese School of Extremes and Applications) and a few
  personal scientific achievements",Room 4,stat.OT
3552,"What is the Contribution of Intra-household Inequality to Overall Income
  Inequality? Evidence from Global Data, 1973-2013",Room 4,q-fin.GN
3553,"Dependence of the transportation time on the sequence in which particles
  with different hopping probabilities enter a lattice",Room 5,nlin.CG
3554,"Do Firearm Markets Comply with Firearm Restrictions? How the
  Massachusetts Assault Weapons Ban Enforcement Notice Changed Firearm Sales",Room 1,econ.GN
3555,"Measurement of the Branching Fraction for B^0 --> a1(1260)+-pi-+ with
  535 Million BBbar Pairs",Room 11,hep-ex
3556,On the various origins of close-in extrasolar planets,Room 11,astro-ph.EP
3557,A Synthetical Weights' Dynamic Mechanism for Weighted Networks,Room 6,physics.soc-ph
3558,"On uniform convergence in ergodic theorems for a class of skew product
  transformations",Room 5,math.DS
3559,"Active margin system for margin loans using cash and stock as collateral
  and its application in Chinese market",Room 3,q-fin.RM
3560,"Note on: Considering the Case for Biodiversity Cycles: Reexamining the
  Evidence for Periodicity in the Fossil Record, by Lieberman and Melott, arXiv
  preprint 0704.2896",Room 11,q-bio.PE
3561,Risk measures beyond frictionless markets,Room 3,q-fin.MF
3562,Binary nonlinearization of the super AKNS system,Room 5,nlin.SI
3563,corr2D - Implementation of Two-Dimensional Correlation Analysis in R,Room 11,stat.CO
3564,Spin state mixing in InAs double quantum dots,Room 8,cond-mat.mes-hall
3565,"An O(bn^2) Time Algorithm for Optimal Buffer Insertion with b Buffer
  Types",Room 10,cs.AR
3566,Thermonuclear Dynamo inside an Alfven Black Hole,Room 11,physics.plasm-ph
3567,Rapid Mixing of Gibbs Sampling on Graphs that are Sparse on Average,Room 5,math.PR
3568,Improving Information from Manipulable Data,Room 1,econ.TH
3569,Tone Recognition Using Lifters and CTC,Room 2,eess.AS
3570,"Sparse Randomized Kaczmarz for Support Recovery of Jointly Sparse
  Corrupted Multiple Measurement Vectors",Room 1,eess.SP
3571,"Quantum-like model of behavioral response computation using neural
  oscillators",Room 6,q-bio.NC
3572,Parameter Identification for Markov Models of Biochemical Reactions,Room 6,q-bio.QM
3573,"Discussion of: Treelets--An adaptive multi-Scale basis for sparse
  unordered data",Room 1,stat.AP
3574,Topology of spaces of equivariant symplectic embeddings,Room 7,math.SG
3575,Network Tomography Based on Additive Metrics,Room 6,cs.NI
3576,An Introduction to Causal Discovery,Room 1,econ.EM
3577,Protrusion fluctuations direct cell motion,Room 6,q-bio.CB
3578,"Probabilistic Load-Margin Assessment using Vine Copula and Gaussian
  Process Emulation",Room 10,eess.SY
3579,Nonlinear shallow ocean wave soliton interactions on flat beaches,Room 5,nlin.PS
3580,Epidemics of Liquidity Shortages in Interbank Markets,Room 3,q-fin.RM
3581,"Comment: Microarrays, Empirical Bayes and the Two-Groups Model",Room 1,stat.ME
3582,"Adding to the Regulator's Toolbox: Integration and Extension of Two
  Leading Market Models",Room 4,q-fin.TR
3583,"Instanton representation of Plebanski gravity. Application to gravitons
  about DeSitter spacetime",Room 11,gr-qc
3584,Sensor Based on Extending the Concept of Fidelity to Classical Waves,Room 8,nlin.CD
3585,A note on contests with a constrained choice set of effort,Room 4,econ.TH
3586,"2006: Celebrating 75 years of AI - History and Outlook: the Next 25
  Years",Room 1,cs.AI
3587,Some Notes on Blinded Sample Size Re-Estimation,Room 1,stat.ME
3588,"The inevitable nonlinearity of quantum gravity falsifies the many-worlds
  interpretation of quantum mechanics",Room 5,gr-qc
3589,The Redundancy of a Computable Code on a Noncomputable Distribution,Room 2,stat.ML
3590,"Development of cloud, digital technologies and the introduction of chip
  technologies",Room 1,econ.GN
3591,Individual and Collective Welfare in Risk Sharing with Many States,Room 3,econ.TH
3592,Emergence of chaotic cluster synchronization in heterogeneous networks,Room 8,nlin.AO
3593,"Recent results on (anti)nucleus and (anti)hyperon production in
  nucleus-nucleus collisions at CERN SPS energies",Room 11,nucl-ex
3594,"Asymptotic efficiency of the proportional compensation scheme for a
  large number of producers",Room 4,q-fin.EC
3595,Poisson Hopf algebras associated to quantized enveloping algebras,Room 7,math.QA
3596,ppiTrim: Constructing non-redundant and up-to-date interactomes,Room 2,q-bio.MN
3597,Intelligence and Global Bias in the Stock Market,Room 3,econ.GN
3598,On unbalanced data and common shock models in stochastic loss reserving,Room 3,q-fin.RM
3599,Best-effort Group Service in Dynamic Networks,Room 10,cs.DC
3600,"Anthropogenic Renourishment Feedback on Shorebirds: a Multispecies
  Bayesian Perspective",Room 1,q-bio.OT
3601,"A CNN-based tool for automatic tongue contour tracking in ultrasound
  images",Room 12,eess.IV
3602,Bounding Lossy Compression using Lossless Codes at Reduced Precision,Room 2,cs.MM
3603,Foreign exchange risk premia: from traditional to state-space analyses,Room 3,q-fin.EC
3604,"Doubly Robust Smoothing of Dynamical Processes via Outlier Sparsity
  Constraints",Room 1,cs.SY
3605,Efficient Exact Inference in Planar Ising Models,Room 1,cs.LG
3606,Facebook and political communication -- Macedonian case,Room 4,cs.SI
3607,Attitude Control of a Novel Tailsitter: Swiveling Biplane-Quadrotor,Room 10,eess.SY
3608,A non-commutative generalization of Stone duality,Room 7,math.CT
3609,Multiwavelength Observations of Markarian 421 in 2005 - 2006,Room 11,astro-ph.HE
3610,"A Framework for Digital Currencies for Financial Inclusion in Latin
  America and the Caribbean",Room 3,econ.GN
3611,"Hints of High Core Faraday Rotations from a Joint Analysis of VLBA and
  Optical Polarization Data",Room 11,astro-ph.GA
3612,Globally coupled chaotic maps and demographic stochasticity,Room 8,nlin.CD
3613,"Principal component analysis and sparse polynomial chaos expansions for
  global sensitivity analysis and model calibration: application to urban
  drainage simulation",Room 1,stat.CO
3614,Randomized Greedy Sensor Selection: Leveraging Weak Submodularity,Room 1,eess.SP
3615,Spatial Skyline Queries: An Efficient Geometric Algorithm,Room 1,cs.DB
3616,A discrete linearizability test based on multiscale analysis,Room 5,nlin.SI
3617,"The relation between Eigenfactor, audience factor, and influence weight",Room 12,cs.DL
3618,Bootstrapping Deep Lexical Resources: Resources for Courses,Room 12,cs.CL
3619,"The Hitachi-JHU DIHARD III System: Competitive End-to-End Neural
  Diarization and X-Vector Clustering Systems Combined by DOVER-Lap",Room 2,eess.AS
3620,"Fast and Furious: A High-Frequency Analysis of Robinhood Users' Trading
  Behavior",Room 4,q-fin.TR
3621,"Room-temperature ferromagnetism in nanoparticles of superconducting
  materials",Room 8,cond-mat.supr-con
3622,Enhancing Synchrony in Chaotic Oscillators by Dynamic Relaying,Room 12,nlin.CD
3623,Image of Schwartz Space Under Spectral Projection,Room 7,math.RT
3624,"Asymptotic Confidence Sets for General Nonparametric Regression and
  Classification by Regularized Kernel Methods",Room 1,stat.ML
3625,"Evaluation of Suitability of Different Transient Stability Indices for
  Identification of Critical System States",Room 10,eess.SY
3626,Estimation with Norm Regularization,Room 2,stat.ML
3627,Content Adaptive and Error Propagation Aware Deep Video Compression,Room 2,eess.IV
3628,Shallow water soliton dynamics beyond KdV,Room 8,nlin.PS
3629,A Scalable Bootstrap for Massive Data,Room 1,stat.ME
3630,Life-Space Foam: a Medium for Motivational and Cognitive Dynamics,Room 6,q-bio.NC
3631,"Representation of Dormant and Active Microbial Dynamics for Ecosystem
  Modeling",Room 6,q-bio.QM
3632,"A Partial Least Squares Algorithm Handling Ordinal Variables also in
  Presence of a Small Number of Categories",Room 1,stat.ME
3633,"Synchronization in the presence of time delays and inertia: Stability
  criteria",Room 12,nlin.AO
3634,"Algebraic-Combinatorial Methods for Low-Rank Matrix Completion with
  Application to Athletic Performance Prediction",Room 2,stat.ML
3635,"In All Likelihood, Deep Belief Is Not Enough",Room 2,stat.ML
3636,"Towards Critical Clearing Time Sensitivity for DAE Systems with
  Singularity",Room 10,eess.SY
3637,"BMO functions and Carleson measures with values in uniformly convex
  spaces",Room 5,math.OA
3638,Strategic Waiting in Centralized Matching: Daycare Assignment,Room 1,econ.GN
3639,Motif-based communities in complex networks,Room 12,physics.comp-ph
3640,Flexo-extension analysis of the neck using artificial vision,Room 2,eess.IV
3641,"Transformation of auto-B\""{a}cklund type for hyperbolic generalization
  of Burgers equation",Room 5,nlin.PS
3642,Cost-driven weighted networks evolution,Room 6,physics.soc-ph
3643,"MPAgenomics : An R package for multi-patients analysis of genomic
  markers",Room 1,q-bio.QM
3644,"Dynamical behaviours in time-delay systems with delayed feedback and
  digitized coupling",Room 12,nlin.CD
3645,Note on Prime Gaps and Zero Spacings,Room 7,math.GM
3646,Application of Differential Equations in Projecting Growth Trajectories,Room 3,q-fin.GN
3647,"Blind Image Quality Assessment Using A Deep Bilinear Convolutional
  Neural Network",Room 2,eess.IV
3648,Inhomogeneous whistler turbulence in low beta space plasmas,Room 11,physics.space-ph
3649,Parametrization of Pythagorean triples by a single triple of polynomials,Room 5,math.NT
3650,Bridging the ensemble Kalman and particle filter,Room 1,stat.ME
3651,ddml: Double/debiased machine learning in Stata,Room 1,econ.EM
3652,"Reply to comment on ""Essence of intrinsic tunnelling: Distinguishing
  intrinsic features from artefacts",Room 8,cond-mat.supr-con
3653,Doppler Spread Estimation in MIMO Frequency-selective Fading Channels,Room 1,eess.SP
3654,"Prediction of heart rate response to conclusion of spontaneous breathing
  trial by fluctuation dissipation theory",Room 1,q-bio.TO
3655,"Momentum distribution and correlation of two-nucleon relative motion in
  $^6$He and $^6$Li",Room 8,nucl-th
3656,No-arbitrage implies power-law market impact and rough volatility,Room 3,q-fin.ST
3657,Conditional risk measures in a bipartite market structure,Room 3,q-fin.RM
3658,Pfister's Theorem for orthogonal involutions of degree 12,Room 7,math.RA
3659,Symmetries of Electrostatic Interaction between DNA Molecules,Room 8,cond-mat.soft
3660,"Cuntz semigroups of ideals and quotients and a generalized Kasparov
  Stabilization Theorem",Room 7,math.OA
3661,Modified Shephard's problem on projections of convex bodies,Room 5,math.MG
3662,Backward Deep BSDE Methods and Applications to Nonlinear Problems,Room 3,q-fin.CP
3663,"Rapid Acceleration of the Permutation Test via Slow Random Walks in the
  Permutation Group",Room 1,stat.CO
3664,"Multi-Component Integrable Systems and Invariant Curve Flows in Certain
  Geometries",Room 5,nlin.SI
3665,"Theory and experiment reveal unexpected calcium profiles in
  one-dimensional systems",Room 8,q-bio.SC
3666,"Detection and Correction of Cardiac MR Motion Artefacts during
  Reconstruction from K-space",Room 2,eess.IV
3667,Income and Poverty in a Developing Economy,Room 4,q-fin.GN
3668,"Second-generation PLINK: rising to the challenge of larger and richer
  datasets",Room 2,q-bio.GN
3669,The Feigenbaum's $\delta$ for a high dissipative bouncing ball model,Room 5,nlin.CD
3670,Logic for electromagnetic field patterns,Room 10,physics.comp-ph
3671,"An efficient ADMM algorithm for high dimensional precision matrix
  estimation via penalized quadratic loss",Room 2,stat.CO
3672,The Ameyalli-Rule: Logical Universality in a 2D Cellular Automaton,Room 6,nlin.CG
3673,Inference in partially identified moment models via regularized optimal transport,Room 1,econ.EM
3674,Sipping Science in a Caf\'e,Room 11,physics.pop-ph
3675,"Using Donald Trump's COVID-19 Vaccine Endorsement to Give Public Health
  a Shot in the Arm: A Large-Scale Ad Experiment",Room 1,econ.GN
3676,Pulse-shape discrimination with PbWO$_4$ crystal scintillators,Room 11,nucl-ex
3677,"Maximum likelihood multiple imputation: Faster imputations and
  consistent standard errors without posterior draws",Room 1,stat.ME
3678,Simple system to measure the Earth's magnetic field,Room 11,physics.pop-ph
3679,"Forecasting Foreign Exchange Rate: A Multivariate Comparative Analysis
  between Traditional Econometric, Contemporary Machine Learning & Deep
  Learning Techniques",Room 3,q-fin.ST
3680,Emergency Centre Organization and Automated Triage System,Room 10,cs.CY
3681,Volatility is rough,Room 3,q-fin.ST
3682,Coherent bremsstrahlung in a bent crystal,Room 8,physics.acc-ph
3683,Evolutionarily Stable (Mis)specifications: Theory and Applications,Room 4,econ.TH
3684,Which coordinate system for modelling path integration?,Room 6,q-bio.NC
3685,"Application of Probabilistic Graphical Models in Forecasting Crude Oil
  Price",Room 3,q-fin.TR
3686,A Fast Algorithm for Robust Regression with Penalised Trimmed Squares,Room 1,stat.CO
3687,Minimax regret treatment rules with finite samples when a quantile is the object of interest,Room 4,econ.EM
3688,Confidence Sets Based on Sparse Estimators Are Necessarily Large,Room 1,math.ST
3689,Copper Electrodeposition for 3D Integration,Room 11,cs.OH
3690,Permeability Analysis based on information granulation theory,Room 1,cs.NE
3691,"Effects of kink and flexible hinge defects on mechanical responses of
  short double stranded DNA molecules",Room 8,q-bio.BM
3692,Supernova Polarization and the Type IIn Classification,Room 12,astro-ph
3693,"Pandemics Depress the Economy, Public Health Interventions Do Not:
  Evidence from the 1918 Flu",Room 4,econ.GN
3694,"A Probabilistic Approach to Power System State Estimation using a Linear
  Algorithm",Room 10,eess.SP
3695,Collateralized CVA Valuation with Rating Triggers and Credit Migrations,Room 3,q-fin.PR
3696,"A review of problem- and team-based methods for teaching statistics in
  Higher Education",Room 12,stat.OT
3697,"Environmental Policy in General Equilibrium under Market Power and Price
  Discrimination",Room 3,econ.GN
3698,"Statistics of the Number of Zero Crossings : from Random Polynomials to
  Diffusion Equation",Room 5,cond-mat.stat-mech
3699,"Record statistics for biased random walks, with an application to
  financial data",Room 2,q-fin.ST
3700,Pioneer Women in Chaos Theory,Room 5,physics.hist-ph
3701,"Nonlinear tube-fitting for the analysis of anatomical and functional
  structures",Room 2,stat.AP
3702,"Revisiting the capitalist road to communism: unconditional basic income
  and the post-labor world",Room 4,econ.GN
3703,New Kinds of Acoustic Solitons,Room 5,nlin.SI
3704,"Expectations, Networks, and Conventions",Room 3,econ.TH
3705,Improving non-linear fits,Room 1,cs.NA
3706,The Implied Views of Bond Traders on the Spot Equity Market,Room 3,q-fin.TR
3707,"Corporate Governance, Noise Trading and Liquidity of Stocks",Room 3,q-fin.TR
3708,Dynamics of globally coupled oscillators: progress and perspectives,Room 8,nlin.AO
3709,Different responses of the upper ocean to typhoon Namtheun,Room 11,physics.ao-ph
3710,"Numerical weather prediction or stochastic modeling: an objective
  criterion of choice for the global radiation forecasting",Room 1,stat.AP
3711,"The Computation of Cyclic Peptide with Prolin-Prolin Bond as Fusion
  Inhibitor of DENV Envelope Protein through Molecular Docking and Molecular
  Dynamics Simulation",Room 6,q-bio.BM
3712,"Termination Criteria for Solving Concurrent Safety and Reachability
  Games",Room 4,cs.GT
3713,On the Measurement of Economic Tail Risk,Room 3,q-fin.RM
3714,RamaDA: complete and automated conformational overview of proteins,Room 8,q-bio.BM
3715,Moment based estimation of stochastic Kronecker graph parameters,Room 1,stat.ML
3716,"Practical Tikhonov Regularized Estimators in Reproducing Kernel Hilbert
  Spaces for Statistical Inverse Problems",Room 1,stat.ME
3717,Ancestor Sampling for Particle Gibbs,Room 1,stat.CO
3718,"Coherence Properties of a Bose-Einstein Condensate in an Optical
  Superlattice",Room 8,cond-mat.stat-mech
3719,A survey of large N continuum phase transitions,Room 7,hep-lat
3720,"Stochastic modeling of regulation of gene expression by multiple small
  RNAs",Room 6,q-bio.MN
3721,"Estimation of slowly decreasing Hawkes kernels: Application to high
  frequency order book modelling",Room 3,q-fin.ST
3722,Aggregation of Pareto optimal models,Room 4,econ.TH
3723,Note on constancy of some formal meromorphic maps,Room 7,math.CV
3724,Univariate real root isolation in an extension field,Room 10,cs.SC
3725,Disentangling Exploration from Exploitation,Room 4,econ.TH
3726,Parastrophic invariance of Smarandache quasigroups,Room 5,math.GM
3727,"General Properties of the Gravitational Wave Spectrum from Phase
  Transitions",Room 11,astro-ph.CO
3728,Stochastic branching models for the telomeres dynamics in a model including telomerase activity,Room 6,q-bio.CB
3729,Generalizing the No-U-Turn Sampler to Riemannian Manifolds,Room 1,stat.ME
3730,Grover search algorithm,Room 8,cs.DS
3731,Self-affirmation model for football goal distributions,Room 4,physics.soc-ph
3732,"On an integrable system of q-difference equations satisfied by the
  universal characters: its Lax formalism and an application to q-Painleve
  equations",Room 5,nlin.SI
3733,A Dynamic Algorithm for Blind Separation of Convolutive Sound Mixtures,Room 2,math.ST
3734,The quantitative behaviour of polynomial orbits on nilmanifolds,Room 7,math.NT
3735,Assessments in Education,Room 4,econ.GN
3736,"Fast Best Subset Selection: Coordinate Descent and Local Combinatorial
  Optimization Algorithms",Room 2,stat.CO
3737,Self-organized UAV Traffic in Realistic Environments,Room 10,nlin.AO
3738,Block Basis Factorization for Scalable Kernel Matrix Evaluation,Room 2,stat.ML
3739,"Impact of Economic Uncertainty, Geopolitical Risk, Pandemic, Financial &
  Macroeconomic Factors on Crude Oil Returns -- An Empirical Investigation",Room 3,econ.EM
3740,"Robust and Efficient Power Flow Convergence with G-min Stepping Homotopy
  Method",Room 10,eess.SP
3741,"Magneto-Inductive Powering and Uplink of In-Body Microsensors:
  Feasibility and High-Density Effects",Room 10,eess.SP
3742,"Principles and Guidelines for Sharing Biomedical Data for Secondary Use:
  The University of Chicago Perspective",Room 1,q-bio.OT
3743,"Breaching Euclidean Distance-Preserving Data Perturbation Using Few
  Known Inputs",Room 4,cs.DB
3744,"Workshop Report: Detection and Classification in Marine Bioacoustics
  with Deep Learning",Room 2,eess.AS
3745,"Optimizing Scrip Systems: Efficiency, Crashes, Hoarders, and Altruists",Room 4,cs.GT
3746,Optimal dividend strategies for a catastrophe insurer,Room 4,q-fin.PM
3747,Mirror Duality in a Joyce Manifold,Room 7,math.GT
3748,Computing j-multiplicity,Room 7,math.AC
3749,"Electric charging of dust aggregates and its effect on dust coagulation
  in protoplanetary disks",Room 8,astro-ph.EP
3750,A New Perspective on Impartial and Unbiased Apportionment,Room 4,econ.GN
3751,Some problems of low-dimensional physics,Room 5,cond-mat.mtrl-sci
3752,Robust Market Making via Adversarial Reinforcement Learning,Room 4,q-fin.TR
3753,Diagrammatic Inference,Room 12,cs.LO
3754,"Interactions between the individual and the group level in
  organizations: The case of learning and autonomous group adaptation",Room 4,econ.GN
3755,"Monitoring single membrane protein dynamics in a liposome manipulated in
  solution by the ABELtrap",Room 6,q-bio.QM
3756,Multivariate Functional Regression Models for Epistasis Analysis,Room 2,q-bio.GN
3757,"A Highly Efficient Distributed Deep Learning System For Automatic Speech
  Recognition",Room 12,eess.AS
3758,Distributed iterated elimination of strictly dominated strategies,Room 4,cs.GT
3759,"Blind SAR Image Despeckling Using Self-Supervised Dense Dilated
  Convolutional Neural Network",Room 2,eess.IV
3760,A Dual Approach To The Advanced Calculus Via Lebesgue's Integral,Room 5,math.HO
3761,"Non-perturbative renormalization of the static vector current and its
  O(a)-improvement in quenched QCD",Room 12,hep-lat
3762,Limited attention and models of choice: A behavioral equivalence,Room 4,econ.TH
3763,"Population Uncertainty in Model Ecosystem: Analysis by Stochastic
  Differential Equation",Room 5,q-bio.PE
3764,"Avoiding zero probability events when computing Value at Risk
  contributions",Room 1,q-fin.CP
3765,Arbitrariness of peer review: A Bayesian analysis of the NIPS experiment,Room 12,stat.OT
3766,Minimizing the population extinction risk by migration,Room 6,q-bio.PE
3767,"Choose interelement coupling to preserve self-adjoint dynamics in
  multiscale modelling and computation",Room 5,nlin.CG
3768,Modeling the Heart as a Communication System,Room 6,q-bio.QM
3769,On the Dybvig-Ingersoll-Ross Theorem,Room 3,q-fin.PR
3770,Real-Time Predictive Control for Precision Machining,Room 10,eess.SY
3771,"How the Avidity of Polymerase Binding to the -35/-10 Promoter Sites
  Affects Gene Expression",Room 6,q-bio.SC
3772,"Learning Pugachev's Cobra Maneuver for Tail-sitter UAVs Using
  Acceleration Model",Room 10,eess.SY
3773,"Verification of Neural Network Behaviour: Formal Guarantees for Power
  System Applications",Room 10,eess.SY
3774,"Bilateral Credit Valuation Adjustment of an Optional Early Termination
  Clause",Room 3,q-fin.PR
3775,Semi-Supervised Singing Voice Separation with Noisy Self-Training,Room 2,eess.AS
3776,"On characterising strong bisimilarity in a fragment of CCS with
  replication",Room 10,cs.LO
3777,"Apports des d\'emarches d'inspection et des tests d'usage dans
  l'\'evaluation de l'accessibilit\'e de E-services",Room 12,cs.HC
3778,Time-Delayed Feedback Control Design Beyond the Odd Number Limitation,Room 8,nlin.CD
3779,"Acid-mediated tumor invasion: How does vasculature affect the growth
  characteristics?",Room 6,q-bio.CB
3780,Observation of higher-order solitons in defocusing waveguide arrays,Room 8,physics.optics
3781,Structure conditions under progressively added information,Room 3,q-fin.RM
3782,"A theoretical framework for conducting multi-level studies of complex
  social systems with agent-based models and empirical data",Room 4,cs.MA
3783,"Hybrid Collision Avoidance for ASVs Compliant with COLREGs Rules 8 and
  13-17",Room 10,eess.SY
3784,Stability conditions on curves,Room 7,math.AG
3785,Radio Recombination Lines toward the Galactic Center Lobe,Room 12,astro-ph.GA
3786,Stackelberg Pricing is Hard to Approximate within $2-\epsilon$,Room 4,cs.GT
3787,"An Improved Accurate Solver for the Time-Dependent RTE in Underwater
  Optical Wireless Communications",Room 11,eess.SP
3788,Dynamic Index Tracking and Risk Exposure Control Using Derivatives,Room 3,q-fin.MF
3789,Convolutional Speech Recognition with Pitch and Voice Quality Features,Room 12,eess.AS
3790,A short Brownian motion proof of the Riemann hypothesis,Room 5,math.GM
3791,SICStus Prolog -- the first 25 years,Room 7,cs.PL
3792,From Text to Bank Interrelation Maps,Room 3,q-fin.RM
3793,Supervised Machine Learning for Eliciting Individual Demand,Room 4,econ.GN
3794,"Locating line and node disturbances in networks of diffusively coupled
  dynamical agents",Room 6,eess.SY
3795,"Kinetostatic Performance of a Planar Parallel Mechanism with Variable
  Actuation",Room 12,cs.RO
3796,The slippage paradox,Room 4,q-fin.TR
3797,Tail protection for long investors: Trend convexity at work,Room 3,q-fin.GN
3798,Ergodicity and mixing of W*-dynamical systems in terms of joinings,Room 5,math.OA
3799,"Using social recognition to address the gender difference in
  volunteering for low-promotability tasks",Room 4,econ.GN
3800,Learning Residual Finite-State Automata Using Observation Tables,Room 1,cs.FL
3801,"The universal evolutionary computer based on super-recursive algorithms
  of evolvability",Room 10,cs.NE
3802,"Temperature dependence of evaporation coeffcient of water in air and
  nitrogen under atmospheric pressure; study in water droplets",Room 11,physics.chem-ph
3803,"Prediction of MRI Hardware Failures based on Image Features using
  Ensemble Learning",Room 2,eess.IV
3804,An Online Algorithm for Learning Selectivity to Mixture Means,Room 2,q-bio.NC
3805,Order one invariants of spherical curves,Room 7,math.GT
3806,Model independent WWR for regulatory CVA and for accounting CVA and FVA,Room 3,q-fin.PR
3807,"Point-Identifying Semiparametric Sample Selection Models with No
  Excluded Variable",Room 1,econ.EM
3808,"Semi-supervised and Population Based Training for Voice Commands
  Recognition",Room 12,eess.AS
3809,"Dense Distributions from Sparse Samples: Improved Gibbs Sampling
  Parameter Estimators for LDA",Room 1,stat.ML
3810,"Acyclicity of Preferences, Nash Equilibria, and Subgame Perfect
  Equilibria: a Formal and Constructive Equivalence",Room 4,cs.DM
3811,Continuous Opinion Dynamics: Insights through Interactive Markov Chains,Room 1,physics.soc-ph
3812,"Estimate of the number of one-parameter families of modules over a tame
  algebra",Room 7,math.RT
3813,Nonclassical Measurement Error in the Outcome Variable,Room 4,econ.EM
3814,"Closing the Loop: Dynamic State Estimation and Feedback Optimization of
  Power Grids",Room 10,eess.SY
3815,"The Growing Liberality Observed in Primary Animal and Plant Cultures is
  Common to the Social Amoeba",Room 6,q-bio.CB
3816,A Semi-Analytic Approach To Valuing Auto-Callable Accrual Notes,Room 3,q-fin.PR
3817,"NLSEmagic: Nonlinear Schr\""odinger Equation Multidimensional
  Matlab-based GPU-accelerated Integrators using Compact High-order Schemes",Room 5,cs.MS
3818,A Minimum Relative Entropy Principle for Learning and Acting,Room 1,cs.AI
3819,Neel order in the two-dimensional S=1/2 Heisenberg Model,Room 5,cond-mat.stat-mech
3820,"Comment to : Uncertainty in the Multielemental Quantification by
  Total-Reflection X-ray Fluorescence: Theoretical and Empirical Approximation",Room 2,stat.AP
3821,"A General Theory of Computational Scalability Based on Rational
  Functions",Room 10,cs.PF
3822,"The physics of hearing: fluid mechanics and the active process of the
  inner ear",Room 2,q-bio.NC
3823,"No interactions for a collection of spin-two fields intermediated by a
  massive Rarita-Schwinger field",Room 7,hep-th
3824,Visualizing the logistic map with a microcontroller,Room 12,nlin.CD
3825,"Control of Battery Storage Systems for the Simultaneous Provision of
  Multiple Services",Room 10,eess.SP
3826,Practopoiesis: Or how life fosters a mind,Room 6,q-bio.NC
3827,What Pareto-Efficiency Adjustments Cannot Fix,Room 4,econ.TH
3828,"Interpolating fields of carbon monoxide data using a hybrid
  statistical-physical model",Room 1,stat.AP
3829,Evolutionary Optimization in Code-Based Test Compression,Room 10,cs.AR
3830,"Free public transport to the destination: A causal analysis of tourists'
  travel mode choice",Room 4,econ.GN
3831,On the conjecture of Kevin Walker,Room 7,math.AT
3832,Dynamics of Bitcoin mining,Room 4,econ.GN
3833,"Estimation of age-specific excess mortality of men and women with
  rheumatoid arthritis (RA) in Germany",Room 1,q-bio.OT
3834,"Modelling Optimal Policies of Demand Responsive Transport and
  Interrelationships between Occupancy Rate and Costs",Room 4,econ.GN
3835,"Analytic techniques for option pricing under a hyperexponential L\'{e}vy
  model",Room 12,q-fin.MF
3836,Scattering of slow-light gap solitons with charges in a two-level medium,Room 8,nlin.PS
3837,Model-independent Superhedging under Portfolio Constraints,Room 4,q-fin.PR
3838,A version of the proof for Peres-Schlag's theorem on lacunary sequences,Room 7,math.NT
3839,Construction and Hedging of Equity Index Options Portfolios,Room 3,q-fin.PM
3840,Calculation of a power price equilibrium,Room 4,q-fin.PR
3841,"Hypothetical bias in stated choice experiments: Part I. Integrative
  synthesis of empirical evidence and conceptualisation of external validity",Room 4,econ.EM
3842,Coherent CVA and FVA with Liability Side Pricing of Derivatives,Room 3,q-fin.PR
3843,"Refined WaveNet Vocoder for Variational Autoencoder Based Voice
  Conversion",Room 2,eess.AS
3844,"Learning networks from high dimensional binary data: An application to
  genomic instability data",Room 2,stat.ME
3845,A mathematical theory of power,Room 4,econ.TH
3846,"Relaxing the Conditional Independence Assumption of CTC-based ASR by
  Conditioning on Intermediate Predictions",Room 2,eess.AS
3847,"Testing the effects of an unobservable factor: Do marriage prospects
  affect college major choice?",Room 1,econ.EM
3848,Velocity control for improving flow through a bottleneck,Room 10,nlin.CG
3849,Finite Quasihypermetric Spaces,Room 7,math.MG
3850,"Analysis of optimal portfolio on finite and small time horizons for a
  stochastic volatility market model",Room 3,q-fin.PM
3851,A Supermartingale Relation for Multivariate Risk Measures,Room 3,q-fin.RM
3852,"Confirmation that T cell receptor activation is digital, not analog.
  Hence individual T cell cytolytic capacity is independent of initial
  stimulation strength",Room 6,q-bio.CB
3853,Independence and indifferent points imply continuity,Room 4,econ.TH
3854,"Global attractor and asymptotic dynamics in the Kuramoto model for
  coupled noisy phase oscillators",Room 8,nlin.AO
3855,Implementation of a Port-graph Model for Finance,Room 3,q-fin.MF
3856,Intrinsically Dynamic Network Communities,Room 2,cs.SI
3857,"Portfolio Optimization under Small Transaction Costs: a Convex Duality
  Approach",Room 4,q-fin.PM
3858,Constraining the Dark Energy Equation of State with Cosmic Voids,Room 11,astro-ph
3859,"Enlarged Kuramoto Model: Secondary Instability and Transition to
  Collective Chaos",Room 8,nlin.AO
3860,Liquid Speed: On-Demand Fast Trading at Distributed Exchanges,Room 4,q-fin.TR
3861,"Coexistence of synchrony and incoherence in oscillatory media under
  nonlinear global coupling",Room 8,nlin.CD
3862,"Dynamic percolation of electric conductivity and a trend towards fractal
  skeletal structuring in a random ensemble of magnetized nanodust",Room 8,physics.comp-ph
3863,Proof of the Labastida-Marino-Ooguri-Vafa Conjecture,Room 7,math.QA
3864,Liquid elasticity length and universal dynamic crossovers,Room 8,cond-mat.dis-nn
3865,"Analysis of evolutionary origins of genomic loci harboring 59,732 candidate human-specific regulatory sequences identifies genetic divergence patterns during evolution of Great Apes",Room 2,q-bio.GN
3866,Universality in Globally Coupled Maps and Flows,Room 8,nlin.CD
3867,"Diversification Return, Portfolio Rebalancing, and the Commodity Return
  Puzzle",Room 3,q-fin.PM
3868,Backlund transformations for integrable lattice equations,Room 5,nlin.SI
3869,"MMANOVA: A general multilevel framework for multivariate analysis of
  variance",Room 1,stat.ME
3870,"Techno-Economic Analysis and Optimization of a Microgrid Considering
  Demand-Side Management",Room 10,eess.SY
3871,Active exploration in adaptive model predictive control,Room 10,eess.SY
3872,Quantifying noisy attractors: from heteroclinic to excitable networks,Room 8,nlin.AO
3873,Stabilization of nonlinear systems with semi-quadratic cost,Room 12,math.OC
3874,Society Functions Best with an Intermediate Level of Creativity,Room 6,cs.MA
3875,"A Novel Ramp Metering Approach Based on Machine Learning and Historical
  Data",Room 2,eess.SY
3876,Differential operators and BV structures in noncommutative geometry,Room 7,math.QA
3877,On the Pricing of Recommendations and Recommending Strategically,Room 4,cs.GT
3878,A case study of the Hirsch index for 26 non-prominent physicists,Room 12,physics.soc-ph
3879,A decade of SBOL Visual: growing adoption of a diagram standard for engineering biology,Room 1,q-bio.OT
3880,Envelope quasi-solitons in dissipative systems with cross-diffusion,Room 8,nlin.PS
3881,"Advancing Financial Forecasting: A Comparative Analysis of Neural
  Forecasting Models N-HiTS and N-BEATS",Room 3,q-fin.CP
3882,"A Top-Down Approach for the Multiple Exercises and Valuation of Employee
  Stock Options",Room 3,q-fin.PR
3883,Multifractal Characterization of Protein Contact Networks,Room 6,q-bio.BM
3884,"Full Matching Approach to Instrumental Variables Estimation with
  Application to the Effect of Malaria on Stunting",Room 1,stat.AP
3885,Dual topologies on non-abelian groups,Room 7,math.GN
3886,Local Gaussian process approximation for large computer experiments,Room 2,stat.ME
3887,Resolution enhancement in neural networks with dynamical synapses,Room 6,q-bio.NC
3888,BSVM: A Banded Suport Vector Machine,Room 2,stat.ML
3889,On the Law of Directionality of Genome Evolution,Room 6,q-bio.GN
3890,"Maximal planar scale-free Sierpinski networks with small-world effect
  and power-law strength-degree correlation",Room 6,physics.soc-ph
3891,"$H^\infty$-functional calculus and models of Nagy-Foia\c{s} type for
  sectorial operators",Room 7,math.SP
3892,"Branching rules for unramified principal series representations of GL(3)
  over a p-adic field",Room 7,math.RT
3893,"Teaching robots to perceive time -- A reinforcement learning approach
  (Extended version)",Room 2,eess.SY
3894,"The Impact of the Choice of Risk and Dispersion Measure on
  Procyclicality",Room 3,q-fin.RM
3895,Dynamic Resource Allocation with Karma: An Experimental Study,Room 4,econ.GN
3896,"A Novel Detection Algorithm Efficient for Turbo coded CDMA Signals in
  Detect and Forward Cooperative Channels",Room 10,eess.SP
3897,Reverse stress testing interbank networks,Room 3,q-fin.RM
3898,On incompleteness of bond markets with infinite number of random factors,Room 4,q-fin.CP
3899,Continuity and Monotonicity of Preferences and Probabilistic Equivalence,Room 4,econ.TH
3900,"Understanding of complex periodic transformations of moving domain walls
  in magnetic nanostripes",Room 8,cond-mat.other
3901,"On the Stability of Empirical Risk Minimization in the Presence of
  Multiple Risk Minimizers",Room 1,cs.LG
3902,"Time delayed processes in physics, biophysics and archaeology",Room 5,physics.gen-ph
3903,"The electric field of the Earth after the occurrence of the February
  14th, 2008, Ms = 6.7R EQ in Greece. Its implications towards the prediction
  of a probable future large EQ",Room 1,physics.geo-ph
3904,On Optimum Power Allocation for the V-BLAST,Room 10,cs.IT
3905,Predictive Power of LLMs in Financial Markets,Room 3,q-fin.PM
3906,The Economics of Variable Renewables and Electricity Storage,Room 4,econ.GN
3907,Phase Quenched Lattice QCD at Finite Density and Temperature,Room 12,hep-lat
3908,"Switching Economics for Physics and the Carbon Price Inflation: Problems
  in Integrated Assessment Models and their Implications",Room 4,q-fin.GN
3909,"Don't Separate, Learn to Remix: End-to-End Neural Remixing with Joint
  Optimization",Room 2,eess.AS
3910,"Comment on ""Magnus force and acoustic Stewart-Tolman effect in type-II
  superconductors, by Fil et al",Room 8,cond-mat.supr-con
3911,Experimental modeling of physical laws,Room 1,physics.data-an
3912,"On the fidelity of the core mass functions derived from dust column
  density data",Room 11,astro-ph.GA
3913,"Identifying Latent Structures in Maternal Employment: Evidence on the
  German Parental Benefit Reform",Room 1,econ.GN
3914,Treatment Effects in Market Equilibrium,Room 4,econ.EM
3915,"Monitoring the conformational dynamics of a single potassium transporter
  by ALEX-FRET",Room 6,physics.bio-ph
3916,Bridging Level-K to Nash Equilibrium,Room 4,econ.GN
3917,Simply modified GKL density classifiers that reach consensus faster,Room 6,nlin.CG
3918,"FastWave: Accelerating Autoregressive Convolutional Neural Networks on
  FPGA",Room 2,eess.AS
3919,Identifying Preferences when Households are Financially Constrained,Room 4,econ.EM
3920,Fisica e fumetti: Paperone ed il deposito sotterraneo,Room 11,physics.pop-ph
3921,"Computer Arithmetic Preserving Hamming Distance of Operands in Operation
  Result",Room 10,cs.AR
3922,A neuron inspired model for the time constant of dynamical systems,Room 8,q-bio.CB
3923,"The Future of Employment Revisited: How Model Selection Determines
  Automation Forecasts",Room 1,econ.GN
3924,"Evolution of the Fermi surface in phase fluctuating d-wave
  superconductors",Room 8,cond-mat.supr-con
3925,"The ETS challenges: a machine learning approach to the evaluation of
  simulated financial time series for improving generation processes",Room 2,q-fin.CP
3926,"Having your cake and eating it too: Scripted workflows for image
  manipulation",Room 11,eess.IV
3927,Finding Rigged Configurations From Paths,Room 5,math.QA
3928,"Lessons from the Failure and Subsequent Success of a Complex Healthcare
  Sector IT Project",Room 4,cs.SE
3929,Life's Solutions are Not Ideal,Room 8,q-bio.BM
3930,"An End-to-End Audio Classification System based on Raw Waveforms and
  Mix-Training Strategy",Room 2,eess.AS
3931,Does economics need a scientific revolution?,Room 3,q-fin.GN
3932,"Optimal scaling for the transient phase of Metropolis Hastings
  algorithms: The longtime behavior",Room 3,stat.ME
3933,"Force-Ultrasound Fusion: Bringing Spine Robotic-US to the Next ""Level""",Room 2,eess.IV
3934,"Shocks-adaptive Robust Minimum Variance Portfolio for a Large Universe
  of Assets",Room 3,q-fin.PM
3935,On the exact Berk-Jones statistics and their p-value calculation,Room 1,stat.ME
3936,"On Simulations from the Two-Parameter Poisson-Dirichlet Process and the
  Normalized Inverse-Gaussian Process",Room 1,stat.CO
3937,Automated Termination Proofs for Logic Programs by Term Rewriting,Room 10,cs.LO
3938,"Combinatorial problems in the semiclassical approach to quantum chaotic
  transport",Room 5,nlin.CD
3939,"A Model-Theoretic Approach to Modular Implementation, with Application
  to Biological Systems",Room 12,q-bio.OT
3940,Phase Transitions in the Coloring of Random Graphs,Room 5,cond-mat.dis-nn
3941,Graphical models for correlated defaults,Room 3,q-fin.CP
3942,"Activatability for simulation tractability of NP problems: Application
  to Ecology",Room 6,q-bio.QM
3943,On the study of jamming percolation,Room 8,cond-mat.dis-nn
3944,"Waveforms of molecular oscillations reveal circadian timekeeping
  mechanisms",Room 6,q-bio.SC
3945,Manipulation of social choice correspondences under incomplete information,Room 4,econ.TH
3946,Nanowire Volatile RAM as an Alternative to SRAM,Room 10,cs.ET
3947,Human Misperception of Generative-AI Alignment: A Laboratory Experiment,Room 4,econ.TH
3948,Card shuffling and diophantine approximation,Room 7,math.PR
3949,On the Rationality of Escalation,Room 4,cs.GT
3950,Rooftop and Community Solar Adoption with Income Heterogeneity,Room 4,econ.GN
3951,Quantum Darwinism in quantum Brownian motion: the vacuum as a witness,Room 8,quant-ph
3952,"Critical review of models, containing cultural levels beyond the
  organizational one",Room 4,econ.GN
3953,Genomes: at the edge of chaos with maximum information capacity,Room 6,q-bio.GN
3954,"A Comparison of Pooling Methods on LSTM Models for Rare Acoustic Event
  Classification",Room 2,eess.AS
3955,Bayesian Conditional Density Filtering,Room 1,stat.ML
3956,"An investigation into inter- and intragenomic variations of graphic
  genomic signatures",Room 6,q-bio.GN
3957,"Automated Diabetic Retinopathy Grading using Deep Convolutional Neural
  Network",Room 2,eess.IV
3958,Conformal invariance in three-dimensional rotating turbulence,Room 12,nlin.AO
3959,"Optimally Efficient Prefix Search and Multicast in Structured P2P
  Networks",Room 10,cs.NI
3960,Linear MMSE-Optimal Turbo Equalization Using Context Trees,Room 2,cs.SY
3961,"Self-Organized Sociopolitical Interactions as the Best Way to Achieve
  Organized Patterns in Human Social Systems: Going Beyond the Top-Down Control
  of Classical Political Regimes",Room 6,nlin.AO
3962,Haar Wavelets and the Origin of Gravitational Inertia,Room 11,physics.gen-ph
3963,"Corona Games: Masks, Social Distancing and Mechanism Design",Room 4,econ.TH
3964,"Discussion of: Treelets--An adaptive multi-scale basis for sparse
  unordered data",Room 1,stat.AP
3965,Type-Ia Supernova-driven Galactic Bulge Wind,Room 12,astro-ph.GA
3966,Peakons,Room 5,nlin.SI
3967,"Analysis of Beam Sweeping Techniques for Cell-Discovery in mm Wave
  Systems",Room 10,eess.SP
3968,DPLM: A Deep Perceptual Spatial-Audio Localization Metric,Room 2,eess.AS
3969,Hybrid zone dynamics under weak Haldane's rule,Room 6,q-bio.PE
3970,Survival Probability for Open Spherical Billiards,Room 5,nlin.CD
3971,"Classifying Compactly generated t-structures on the derived category of
  a Noetherian ring",Room 7,math.AG
3972,"Drift of charged defects in local fields as aging mechanism in
  ferroelectrics",Room 8,cond-mat.mtrl-sci
3973,Time Evolution of Disease Spread on Networks with Degree Heterogeneity,Room 12,q-bio.PE
3974,Formal meromorphic functions on manifolds of finite type,Room 7,math.CV
3975,What can emission lines tell us?,Room 11,astro-ph
3976,Pivotal estimation via square-root Lasso in nonparametric regression,Room 2,stat.ME
3977,Spinning rough disk moving in a rarefied medium,Room 8,math.OC
3978,Low frequency QPO spectra and Lense-Thirring precession,Room 11,astro-ph.SR
3979,Energy exchange in globally coupled mechanical phase oscillators,Room 8,nlin.AO
3980,Stabilizing Scheduling Policies for Networked Control Systems,Room 10,eess.SY
3981,Minimal entropy approximation for cellular automata,Room 6,nlin.CG
3982,An Auslander-type result for Gorenstein-projective modules,Room 7,math.RT
3983,"Telex: Principled System Support for Write-Sharing in Collaborative
  Applications",Room 10,cs.OS
3984,"Gaussian Process Models for Nonparametric Functional Regression with
  Functional Responses",Room 1,stat.ME
3985,What Brown saw and you can too,Room 6,physics.pop-ph
3986,"The origin of life seen from the point of view of non-equilibrium
  statistical mechanics",Room 6,nlin.AO
3987,"On the Amplitude of External Perurbation and Chaos via Devil's
  Staircasein Muthuswamy-Chua System",Room 8,nlin.CD
3988,"A Robust Maximum Likelihood Distortionless Response Beamformer based on
  a Complex Generalized Gaussian Distribution",Room 2,eess.AS
3989,"Darboux Integrability of Trapezoidal $H^{4}$ and $H^{6}$ Families of
  Lattice Equations II: General Solutions",Room 5,nlin.SI
3990,"Effective Acoustic Energy Sensing Exploitation for Target Sources
  Localization in Urban Acoustic Scenes",Room 2,eess.AS
3991,"BOOST: A fast approach to detecting gene-gene interactions in
  genome-wide case-control studies",Room 2,q-bio.GN
3992,"Inference for Trans-dimensional Bayesian Models with Diffusive Nested
  Sampling",Room 1,stat.CO
3993,The Mittag-Leffler Fitting of the Phillips Curve,Room 3,econ.GN
3994,Cell Dissociation : A Cohesive Force of Hydrodynamic Origin,Room 8,physics.bio-ph
3995,"Sticky processes, local and true martingales",Room 1,q-fin.MF
3996,"Speed Distribution of N Particles in the Thermostated Periodic Lorentz
  Gas with a Field",Room 8,nlin.CD
3997,"Input-independent Attention Weights Are Expressive Enough: A Study of
  Attention in Self-supervised Audio Transformers",Room 2,eess.AS
3998,Globalisation and the Decoupling of Inflation from Domestic Labour Costs,Room 3,econ.GN
3999,The multiplicity of weights in nonprimitive pairs of weights,Room 7,math.RT
4000,"Valuation and Hedging of Contracts with Funding Costs and
  Collateralization",Room 3,q-fin.MF
4001,"Systemic Risk Clustering of China Internet Financial Based on t-SNE
  Machine Learning Algorithm",Room 3,q-fin.ST
4002,The First Positive Detection of Molecular Gas in a GRB Host Galaxy,Room 12,astro-ph.HE
4003,A Novel Mobility Model to Support the Routing of Mobile Energy Resources,Room 10,eess.SY
4004,Orthogonal Set of Basis Functions over the Binocular Pupil,Room 11,physics.optics
4005,"Lower order terms in the 1-level density for families of holomorphic
  cuspidal newforms",Room 5,math.NT
4006,"Monitoring dynamic networks: a simulation-based strategy for comparing
  monitoring methods and a comparative study",Room 2,stat.CO
4007,Loewner-based Data-driven Iterative Structured Control Design,Room 10,eess.SY
4008,Certified Exact Transcendental Real Number Computation in Coq,Room 12,cs.LO
4009,"On the notion of measurable utility on a connected and separable
  topological space: an order isomorphism theorem",Room 4,econ.GN
4010,Teaching introductory undergraduate Physics using commercial video games,Room 11,physics.ed-ph
4011,Regressions under Adverse Conditions,Room 4,econ.EM
4012,"Bifurcations in models of a society of reasonable contrarians and
  conformists",Room 1,nlin.CG
4013,Generating Markov evolutionary matrices for a given branch length,Room 5,q-bio.PE
4014,Refuting the Pseudo Attack on the REESSE1+ Cryptosystem,Room 7,cs.CR
4015,Web Accessibility - A timely recognized challenge,Room 12,cs.CY
4016,DOVER-Lap: A Method for Combining Overlap-aware Diarization Outputs,Room 2,eess.AS
4017,Josephson-Like Behaviour of Granular Carbon Films,Room 8,cond-mat.supr-con
4018,Callan-Symanzik method for $m$-axial Lifshitz points,Room 5,hep-th
4019,Blocked Clusterwise Regression,Room 4,econ.EM
4020,Complexity and non-separability of classical Liouvillian dynamics,Room 5,nlin.CD
4021,Ensemble regional data assimilation using joint states,Room 1,nlin.CD
4022,Semi-automatic selection of summary statistics for ABC model choice,Room 1,stat.CO
4023,"Measuring Tempo, Rhythm, Timing, and the Torques that Generate Power in
  the Golf Swing",Room 1,physics.pop-ph
4024,Getting in the Zone for Successful Scalability,Room 10,cs.PF
4025,Rossby waves and $\alpha$-effect,Room 8,physics.geo-ph
4026,Bayesian nonparametric inference on the Stiefel manifold,Room 1,stat.CO
4027,Betti numbers of transversal monomial ideals,Room 7,math.AC
4028,Evolution of Two Membrane Protein Sequences and Functions,Room 6,q-bio.OT
4029,"A High-Resolution Human Contact Network for Infectious Disease
  Transmission",Room 12,physics.med-ph
4030,The moduli space of flat SU(2)-bundles over a nonorientable surface,Room 7,math.SG
4031,"An Introduction to Applications of Wavelet Benchmarking with Seasonal
  Adjustment",Room 3,stat.AP
4032,"Outflow Dynamics in Modeling Oligopoly Markets: The Case of the Mobile
  Telecommunications Market in Poland",Room 4,q-fin.GN
4033,"Shocks in financial markets, price expectation, and damped harmonic
  oscillators",Room 3,q-fin.GN
4034,"Optimal Insurance to Minimize the Probability of Ruin: Inverse Survival
  Function Formulation",Room 4,q-fin.RM
4035,Curry-style type Isomorphisms and Game Semantics,Room 12,cs.LO
4036,Do cells sense time by number of divisions?,Room 6,q-bio.SC
4037,Assessing and Visualizing Simultaneous Simulation Error,Room 1,stat.CO
4038,"The Recursive Form of Error Bounds for RFS State and Observation with
  Pd<1",Room 1,stat.AP
4039,Information Theory and the Length Distribution of all Discrete Systems,Room 6,q-bio.OT
4040,Ground-state Bethe root densities and quantum phase transitions,Room 8,nlin.SI
4041,"Automatic dysarthric speech detection exploiting pairwise distance-based
  convolutional neural networks",Room 12,eess.AS
4042,Designating market maker behaviour in Limit Order Book markets,Room 3,q-fin.ST
4043,Emergence of communities in weighted networks,Room 12,physics.soc-ph
4044,"Equity Protection Swaps: A New Type of Investment Insurance for Holders
  of Superannuation Accounts",Room 3,q-fin.PR
4045,Evolutionary Approach to Test Generation for Functional BIST,Room 10,cs.NE
4046,Loss aversion in strategy-proof school-choice mechanisms,Room 4,econ.TH
4047,Onset of transverse instabilities of confined dark solitons,Room 8,nlin.PS
4048,Data and Incentives,Room 4,econ.TH
4049,Latent Factor Analysis in Short Panels,Room 3,econ.EM
4050,"Bearing fault diagnosis based on domain adaptation using transferable
  features under different working conditions",Room 2,eess.SP
4051,"Elativistic treatment in}$D$ - Dimensions to a spin-zero particle with
  noncentral equal scalar and vector ring-shaped Kratzer potential",Room 5,quant-ph
4052,"Minimal Investment Risk of Portfolio Optimization Problem with Budget
  and Investment Concentration Constraints",Room 4,q-fin.PM
4053,Modeling Inverse Demand Function with Explainable Dual Neural Networks,Room 2,q-fin.CP
4054,Socle theory for Leavitt path algebras of arbitrary graphs,Room 7,math.RA
4055,Efficient algorithms for the basis of finite Abelian groups,Room 5,cs.DS
4056,"Using Total Margin of Error to Account for Non-Sampling Error in
  Election Polls: The Case of Nonresponse",Room 1,econ.EM
4057,"A New Method for Epileptic Seizure Classification in EEG Using Adapted
  Wavelet Packets",Room 1,eess.SP
4058,"Dijkgraaf-Witten invariants of surfaces and projective representations
  of groups",Room 7,math.GT
4059,"Post-processing of Engineering Analysis Results for Visualization in VR
  Systems",Room 2,cs.GR
4060,"Structural Change, Employment, and Inequality in Europe: an Economic
  Complexity Approach",Room 3,econ.GN
4061,Organ Segmentation From Full-size CT Images Using Memory-Efficient FCN,Room 2,eess.IV
4062,Phase transition in a power-law uniform hypergraph,Room 4,stat.OT
4063,Arbitrage theory without a num\'eraire,Room 3,q-fin.MF
4064,Systemic Losses Due to Counter Party Risk in a Stylized Banking System,Room 3,q-fin.GN
4065,Why Name Popularity is a Good Test of Historicity,Room 1,stat.OT
4066,Darboux transformation with Dihedral reduction group,Room 5,nlin.SI
4067,"Perception of corruption influences entrepreneurship inside established
  companies",Room 1,econ.GN
4068,"Heat shock partially dissociates the overlapping modules of the yeast
  protein-protein interaction network: a systems level model of adaptation",Room 6,q-bio.MN
4069,"Singularities Motion Equations in 2-Dimensional Ideal Hydrodynamics of
  Incompressible Fluid",Room 5,nlin.SI
4070,"Finding a promising venture capital project with todim under
  probabilistic hesitant fuzzy circumstance",Room 1,econ.GN
4071,Deformed Macdonald-Ruijsenaars operators and super Macdonald polynomials,Room 7,math.QA
4072,"Determination of Bayesian optimal warranty length under Type-II unified
  hybrid censoring scheme",Room 1,econ.GN
4073,"Exploring genetic variation in the tomato (Solanum section Lycopersicon)
  clade by whole-genome sequencing",Room 6,q-bio.GN
4074,"Resilience in Numerical Methods: A Position on Fault Models and
  Methodologies",Room 10,cs.MS
4075,"The mechanics of a microscopic mixer: microtubules and cytoplasmic
  streaming in Drosophila oocytes",Room 6,q-bio.SC
4076,"From FAIR to CURE: Guidelines for Computational Models of Biological
  Systems",Room 2,q-bio.OT
4077,"Lesion Conditional Image Generation for Improved Segmentation of
  Intracranial Hemorrhage from CT Images",Room 2,eess.IV
4078,"Global Gorenstein dimensions of polynomial rings and of direct products
  of rings",Room 7,math.AC
4079,"On Power Allocation for Distributed Detection with Correlated
  Observations and Linear Fusion",Room 10,eess.SP
4080,Predicting the Presence of Internet Worms using Novelty Detection,Room 10,cs.CR
4081,"Approximating Trajectory Constraints with Machine Learning -- Microgrid
  Islanding with Frequency Constraints",Room 10,eess.SY
4082,Bragg spectroscopy of a superfluid Bose-Hubbard gas,Room 8,cond-mat.other
4083,"Affine Dependence of Network Controllability/Observability on Its
  Subsystem Parameters and Connections",Room 10,eess.SY
4084,Graph Kernels,Room 1,cs.LG
4085,"On Dynamics of Integrate-and-Fire Neural Networks with Conductance Based
  Synapses",Room 8,physics.bio-ph
4086,"Cardiac Segmentation from LGE MRI Using Deep Neural Network
  Incorporating Shape and Spatial Priors",Room 2,eess.IV
4087,"Deep learning analysis of coronary arteries in cardiac CT angiography
  for detection of patients requiring invasive coronary angiography",Room 2,eess.IV
4088,"Asymptotic bounds of depth for a reversible circuit consisting of NOT,
  CNOT and 2-CNOT gates",Room 5,cs.ET
4089,"On Conformally Kaehler, Einstein Manifolds",Room 7,math.DG
4090,"Brain covariance selection: better individual functional connectivity
  models using population prior",Room 2,stat.ML
4091,Diversity and Arbitrage in a Regulatory Breakup Model,Room 3,q-fin.GN
4092,On the squared eigenfunction symmetry of the Toda lattice hierarchy,Room 5,nlin.SI
4093,"A high resolution scintillating fiber tracker with SiPM readout for the
  PEBS experiment",Room 11,physics.ins-det
4094,Explosive higher-order Kuramoto dynamics on simplicial complexes,Room 8,nlin.AO
4095,"Robust Expectation-Maximization Algorithm for DOA Estimation of Acoustic
  Sources in the Spherical Harmonic Domain",Room 2,eess.AS
4096,"A role of asymmetry in linear response of globally coupled oscillator
  systems",Room 8,nlin.AO
4097,The component-wise egalitarian Myerson value for Network Games,Room 4,econ.TH
4098,Work and energy in inertial and non inertial reference frames,Room 5,physics.class-ph
4099,Meson masses at large N_c,Room 12,hep-lat
4100,The Rigidity of Spherical Frameworks: Swapping Blocks and Holes,Room 7,math.MG
4101,A geometric method for spatiotemporal coherent structure analysis,Room 5,nlin.PS
4102,"Probing non-standard decoherence effects with solar and KamLAND
  neutrinos",Room 11,hep-ph
4103,"Assessing Public Perception of Car Automation in Iran: Acceptance and
  Willingness to Pay for Adaptive Cruise Control",Room 4,econ.GN
4104,"Synaptic polarity of the interneuron circuit controlling C. elegans
  locomotion",Room 6,q-bio.NC
4105,Generalized CRF-structures,Room 7,math.DG
4106,"Optimizing an Organized Modularity Measure for Topographic Graph
  Clustering: a Deterministic Annealing Approach",Room 12,stat.ML
4107,Restoring Chaos Using Deep Reinforcement Learning,Room 6,nlin.AO
4108,Positional Effects on Citation and Readership in arXiv,Room 12,cs.DL
4109,StutterNet: Stuttering Detection Using Time Delay Neural Network,Room 12,eess.AS
4110,"Parcels of Universe or why Schr\""odinger and Fourier are so relatives?",Room 5,eess.SP
4111,"Mapping Local Green Hydrogen Cost-Potentials by a Multidisciplinary
  Approach",Room 4,econ.GN
4112,A revised model of fluid transport optimization in Physarum polycephalum,Room 6,q-bio.TO
4113,Splitting families and the Noetherian type of $\beta\omega-\omega$,Room 7,math.LO
4114,The distance to a star forming region in the Outer arm of the Galaxy,Room 12,astro-ph.GA
4115,A Comparative Analysis of Statistical and Machine Learning Models for Outlier Detection in Bitcoin Limit Order Books,Room 4,q-fin.TR
4116,Black-Scholes model under subordination,Room 3,q-fin.PR
4117,Darwin Turing Dawkins: Building a General Theory of Evolution,Room 6,cs.GL
4118,"On the security of a new image encryption scheme based on chaotic map
  lattices",Room 10,nlin.CD
4119,Half-Gain Tuning for Active Disturbance Rejection Control,Room 12,eess.SY
4120,"A Joint Framework for Audio Tagging and Weakly Supervised Acoustic Event
  Detection Using DenseNet with Global Average Pooling",Room 2,eess.AS
4121,Multiple Output Regression with Latent Noise,Room 1,stat.ML
4122,"Meeting Student Needs for Multivariate Data Analysis: A Case Study in
  Teaching a Multivariate Data Analysis Course with No Pre-requisites",Room 12,stat.OT
4123,"BioBlender: Fast and Efficient All Atom Morphing of Proteins Using
  Blender Game Engine",Room 8,q-bio.BM
4124,"Synchronizing continuous-time neutrally stable linear systems via
  partial-state coupling",Room 10,math.OC
4125,Cellular automata as convolutional neural networks,Room 6,nlin.CG
4126,"Investing with Cryptocurrencies -- evaluating their potential for
  portfolio allocation strategies",Room 3,q-fin.PM
4127,Modeling Weather Conditions Consequences on Road Trafficking Behaviors,Room 10,stat.ME
4128,"Biological computations: limitations of attractor-based formalisms and
  the need for transients",Room 6,q-bio.OT
4129,Stable curves and screens on fatgraphs,Room 7,math.GT
4130,"Codebook Design Method for Noise Robust Speaker Identification based on
  Genetic Algorithm",Room 2,cs.SD
4131,Landau's necessary density conditions for LCA groups,Room 5,math.FA
4132,An undecidable property of context-free languages,Room 12,cs.FL
4133,Ultimatum game: regret or fairness?,Room 4,econ.TH
4134,Speaker conditioned acoustic-to-articulatory inversion using x-vectors,Room 12,eess.AS
4135,"The symplectic structure of curves in three dimensional spaces of
  constant curvature and the equations of mathematical physics",Room 7,math.SG
4136,"Genetic Algorithm to Make Persistent Security and Quality of Image in
  Steganography from RS Analysis",Room 2,cs.MM
4137,Methods to study splicing from high-throughput RNA Sequencing data,Room 2,q-bio.GN
4138,"Continuous interfaces with disorder: Even strong pinning is too weak in
  2 dimensions",Room 8,math.PR
4139,"Entropy Oriented Trading: A Trading Strategy Based on the Second Law of
  Thermodynamics",Room 3,q-fin.TR
4140,Lattice Identification and Separation: Theory and Algorithm,Room 2,eess.IV
4141,"A constructive approach to the soliton solutions of integrable
  quadrilateral lattice equations",Room 5,nlin.SI
4142,"Bayesian analysis of the radial velocities of HD 11506 reveals another
  planetary companion",Room 11,astro-ph.EP
4143,Definability of groups in $\aleph_0$-stable metric structures,Room 7,math.LO
4144,Overidentification testing with weak instruments and heteroskedasticity,Room 4,econ.EM
4145,Stimulated Radiation Cooling,Room 11,physics.acc-ph
4146,"Super-resolved Chromatic Mapping of Snapshot Mosaic Image Sensors via a
  Texture Sensitive Residual Network",Room 2,eess.IV
4147,"Comparison of SVM and Spectral Embedding in Promoter Biobricks'
  Categorizing and Clustering",Room 2,q-bio.OT
4148,Functional differentiations in evolutionary reservoir computing networks,Room 8,nlin.AO
4149,Geodesic cusp excursions and metric diophantine approximation,Room 7,math.GT
4150,"Ranking Catamorphisms and Unranking Anamorphisms on Hereditarily Finite
  Datatypes",Room 12,cs.SC
4151,Gersten's conjecture,Room 7,math.KT
4152,Higher-order Reconstruction Method of Differential Phase Shift,Room 11,physics.med-ph
4153,Multivariate GARCH estimation via a Bregman-proximal trust-region method,Room 1,q-fin.CP
4154,"A Novel Approach to Formulae Production and Overconfidence Measurement
  to Reduce Risk in Spreadsheet Modelling",Room 12,cs.HC
4155,A Convection-Diffusion Model for Gang Territoriality,Room 5,nlin.CG
4156,"Stationarity breaking in coupled physical systems revealed by recurrence
  analysis",Room 6,nlin.AO
4157,Large Scale 2D Spectral Compressed Sensing in Continuous Domain,Room 2,eess.SP
4158,A Novel Variational Principle arising from Electromagnetism,Room 5,math.GM
4159,"Pre-processing Image using Brightening, CLAHE and RETINEX",Room 2,eess.IV
4160,"Process, Population, and Sample: the Researcher's Interest",Room 1,stat.OT
4161,Error Bounds for Reduced Order Model Predictive Control,Room 10,eess.SY
4162,Spectral Properties of Matrices Associated with Some Directed Graphs,Room 5,math.SP
4163,CMA-ES with Two-Point Step-Size Adaptation,Room 10,cs.NE
4164,"Infinitely many nonlocal conservation laws for the $ABC$ equation with
  $A+B+C\neq 0$",Room 5,nlin.SI
4165,Integrable random matrix ensembles,Room 5,nlin.CD
4166,Maximally Sparse Polynomials have Solid Amoebas,Room 5,math.AG
4167,Asporin expression is highly regulated in human chondrocytes,Room 6,q-bio.TO
4168,Accelerating the spin-up of Ensemble Kalman Filtering,Room 1,nlin.CD
4169,Moonshine elements in elliptic cohomology,Room 7,math.AT
4170,"Intrinsic localized modes in coupled DNLS equations from the
  anti-continuum limit",Room 8,nlin.PS
4171,A new recursion operator for the Viallet equation,Room 5,nlin.SI
4172,"Inferring Fundamental Value and Crash Nonlinearity from Bubble
  Calibration",Room 3,q-fin.GN
4173,"Fusion of heterogeneous bands and kernels in hyperspectral image
  processing",Room 2,eess.IV
4174,"Nontrivial Twisted States in Nonlocally Coupled Stuart-Landau
  Oscillators",Room 8,nlin.AO
4175,"Novel Codebook-based MC-CDMA with Compressive Sensing Multiuser
  Detection for Sporadic mMTC",Room 10,eess.SP
4176,"Dual-Polarization FBMC for Improved Performance in Wireless
  Communication Systems",Room 10,eess.SP
4177,Regret of Age-of-Information Bandits,Room 1,eess.SY
4178,Rediscovering the power of pairwise interactions,Room 6,q-bio.QM
4179,"Replicating Kernels with a Short Stride Allows Sparse Reconstructions
  with Fewer Independent Kernels",Room 2,q-bio.QM
4180,Addition in Jacobians of tropical hyperelliptic curves,Room 7,nlin.SI
4181,The phonon dispersion of graphite by inelastic x-ray scattering,Room 8,cond-mat.mtrl-sci
4182,Closure Properties of Locally Finite Omega Languages,Room 12,cs.LO
4183,"Some general properties of the renormalized stress-energy tensor for
  static quantum states on (n+1)-dimensional spherically symmetric black holes",Room 11,gr-qc
4184,"Particle Probability Hypothesis Density Filter based on Pairwise Markov
  Chains",Room 1,eess.SP
4185,TS-MPC for Autonomous Vehicle using a Learning Approach,Room 10,eess.SY
4186,3D Tensor-based Deep Learning Models for Predicting Option Price,Room 3,q-fin.CP
4187,"The fundamental theorem of asset pricing, the hedging problem and
  maximal claims in financial markets with short sales prohibitions",Room 4,q-fin.PR
4188,"Integrated analysis of variants and pathways in genome-wide association
  studies using polygenic models of disease",Room 2,q-bio.QM
4189,Graph Homomorphisms with Complex Values: A Dichotomy Theorem,Room 7,cs.CC
4190,Analysis of parametric biological models with non-linear dynamics,Room 5,cs.CE
4191,"Resource-Efficient Speech Mask Estimation for Multi-Channel Speech
  Enhancement",Room 2,eess.AS
4192,"Extended nonlinear feedback model for describing episodes of high
  inflation",Room 3,q-fin.ST
4193,Manin matrices and Talalaev's formula,Room 5,math.QA
4194,K-Dimensional Coding Schemes in Hilbert Spaces,Room 2,stat.ML
4195,"Reply to Comment on 'Length Scale Dependence of DNA Mechanical
  Properties'",Room 8,q-bio.BM
4196,"Documenting Spreadsheets with Pseudo-Code: an Exercise with Cash-Flow
  and Loans",Room 12,cs.SE
4197,On analysis of incomplete field failure data,Room 1,stat.AP
4198,Ambiguity and Partial Bayesian Updating,Room 1,econ.TH
4199,Remarks on symplectic twistor spaces,Room 7,math.DG
4200,"Towards sound based testing of COVID-19 -- Summary of the first
  Diagnostics of COVID-19 using Acoustics (DiCOVA) Challenge",Room 2,eess.AS
4201,"Averaging approach to phase coherence of uncoupled limit-cycle
  oscillators receiving common random impulses",Room 8,nlin.AO
4202,"Velocity dispersions in a cluster of stars: How fast could Usain Bolt
  have run?",Room 1,physics.pop-ph
4203,An Information-Theoretical View of Network-Aware Malware Attacks,Room 10,cs.CR
4204,A Bayesian Model for Discovering Typological Implications,Room 1,cs.CL
4205,"Nonlinear Dirac equation solitary waves under a spinor force with
  different components",Room 5,nlin.PS
4206,"On sparse representations of linear operators and the approximation of
  matrix products",Room 2,cs.DS
4207,Coincidences in 4 dimensions,Room 7,math.MG
4208,"Overcoming Output Constraints in Iterative Learning Control Systems by
  Reference Adaptation",Room 10,eess.SY
4209,Open microscopy in the life sciences: Quo Vadis?,Room 2,q-bio.OT
4210,Abductive Inference and C. S. Peirce: 150 Years Later,Room 3,econ.EM
4211,"Text/Graphics Separation and Skew Correction of Text Regions of Business
  Card Images for Mobile Devices",Room 2,cs.GR
4212,Theoretical Bounds on Mate-Pair Information for Accurate Genome Assembly,Room 2,q-bio.GN
4213,"A Spectral Method for Stable Bispectrum Inversion with Application to
  Multireference Alignment",Room 1,eess.SP
4214,"Non-adiabatic Effects in the Dissociation of Oxygen Molecules at the
  Al(111) Surface",Room 8,cond-mat.mtrl-sci
4215,The Bowley Ratio,Room 4,q-fin.GN
4216,Mechanism for Learning Object retrieval supporting adaptivity,Room 12,cs.CY
4217,Moral Hazard with Heterogeneous Beliefs,Room 4,econ.TH
4218,"Unifying vectors and matrices of different dimensions through nonlinear
  embeddings",Room 5,nlin.CG
4219,Collective Property of Numbers and Its Mathematical Refutation,Room 7,math.GM
4220,"A two-dimensional paradigm for symmetry breaking: the nonlinear
  Schrodinger equation with a four-well potential",Room 8,nlin.PS
4221,The Computational Structure of Spike Trains,Room 2,q-bio.NC
4222,"Synteny in Bacterial Genomes: Inference, Organization and Evolution",Room 6,q-bio.GN
4223,"Mathematical model of fluid flow in an osteon influence of cardiac
  system",Room 11,physics.med-ph
4224,"Diverse correlation structures in gene expression data and their utility
  in improving statistical inference",Room 2,stat.AP
4225,On what Ontology Is and not-Is,Room 7,math.HO
4226,"About the decomposition of pricing formulas under stochastic volatility
  models",Room 3,q-fin.MF
4227,On a mathematical frame of reference,Room 11,physics.gen-ph
4228,Twist versus Nonlinear Stacking in Short DNA Molecules,Room 8,q-bio.BM
4229,Globally Guided Progressive Fusion Network for 3D Pancreas Segmentation,Room 2,eess.IV
4230,"A Joint Initiative to Support the Semantic Interoperability within the
  GIIDA Project",Room 12,cs.DL
4231,"Optimal brokerage contracts in Almgren-Chriss model with multiple
  clients",Room 4,q-fin.TR
4232,"Modulational instabilities in lattices with power-law hoppings and
  interactions",Room 8,nlin.PS
4233,The Hunting of the Hopf Ring,Room 7,math.AT
4234,"Global Clock, Physical Time Order and Pending Period Analysis in
  Multiprocessor Systems",Room 10,cs.DC
4235,"Reductions of locally conformal symplectic structures and de Rham
  cohomology tangent to a foliation",Room 7,math.SG
4236,Exit problems associated with affine reflection groups,Room 5,math.PR
4237,Speech Emotion Recognition using Support Vector Machine,Room 2,eess.AS
4238,A New Algorithm for Exploratory Projection Pursuit,Room 1,stat.ME
4239,Emulating the logistic map with totalistic cellular automata,Room 6,nlin.CG
4240,"Effects of Neutron Emission on Fragment Mass and Kinetic Energy
  Distribution from Thermal Neutron-Induced Fission of $^{235}U$",Room 11,physics.comp-ph
4241,Z_2 actions on complexes with three non-trivial cells,Room 7,math.AT
4242,On the Robustness of Mixture Models in the Presence of Hidden Markov Regimes with Covariate-Dependent Transition Probabilities,Room 1,econ.EM
4243,Geometric signature of complex synchronisation scenarios,Room 12,nlin.CD
4244,"Recherche de relations spatio-temporelles : une m\'ethode bas\'ee sur
  l'analyse de corpus textuels",Room 12,cs.IR
4245,Net-Centric World: Lifestyle of the 21st Century,Room 10,cs.CY
4246,"From the Samuelson Volatility Effect to a Samuelson Correlation Effect:
  Evidence from Crude Oil Calendar Spread Options",Room 3,q-fin.PR
4247,"A basic limitation on inferring phylogenies by pairwise sequence
  comparisons",Room 6,q-bio.PE
4248,"36 degree step size of proton-driven c-ring rotation in FoF1-ATP
  synthase",Room 6,q-bio.BM
4249,Algorithmic proof of Barnette's Conjecture,Room 7,math.GM
4250,Synthetic Controls with spillover effects: A comparative study,Room 10,econ.EM
4251,"Paraglide: Interactive Parameter Space Partitioning for Computer
  Simulations",Room 2,cs.SY
4252,"Rigid motions: action-angles, relative cohomology and polynomials with
  roots on the unit circle",Room 5,nlin.SI
4253,"Comparing Machine Learning Algorithms with or without Feature Extraction
  for DNA Classification",Room 2,q-bio.OT
4254,"Medical Photoacoustic Beamforming Using Minimum Variance-Based Delay
  Multiply and Sum",Room 11,eess.SP
4255,"Coarse topology, enlargeability, and essentialness",Room 7,math.AT
4256,"Receding Horizon Control for Drinking Water Networks: The Case for
  Geometric Programming",Room 6,eess.SY
4257,Systematic Ensemble Learning for Regression,Room 1,stat.ML
4258,"On the Complexity of Core, Kernel, and Bargaining Set",Room 4,cs.GT
4259,Ranking by pairwise comparisons for Swiss-system tournaments,Room 4,stat.AP
4260,Lost in Diversification,Room 3,q-fin.GN
4261,"The elliptic Hall algebra, Cherednick Hecke algebras and Macdonald
  polynomials",Room 7,math.QA
4262,On Continuous Weighted Finite Automata,Room 7,cs.FL
4263,Zero point energy on extra dimension: Noncommutative Torus,Room 5,hep-th
4264,"One model is not enough: heterogeneity in cryptocurrencies' multifractal
  profiles",Room 3,q-fin.ST
4265,"On the use of Markov chain Monte Carlo methods for the sampling of
  mixture models",Room 1,stat.CO
4266,Multiprocessor Global Scheduling on Frame-Based DVFS Systems,Room 10,cs.OS
4267,"Wide-bandwidth, tunable, multiple-pulse-width optical delays using slow
  light in cesium vapor",Room 8,physics.optics
4268,"An Isolated Power Factor Corrected Power Supply Utilizing the
  Transformer Leakage Inductance",Room 11,eess.SP
4269,"Do Public Program Benefits Crowd Out Private Transfers in Developing
  Countries? A Critical Review of Recent Evidence",Room 4,econ.EM
4270,Action at a distance in transcriptional regulation,Room 6,q-bio.SC
4271,"Laplace Approximated EM Microarray Analysis: An Empirical Bayes Approach
  for Comparative Microarray Experiments",Room 1,stat.ME
4272,BitNet: Learning-Based Bit-Depth Expansion,Room 2,eess.IV
4273,Bayesian Extensions of Kernel Least Mean Squares,Room 1,stat.ML
4274,Precise geodesy with the Very Long Baseline Array,Room 11,physics.geo-ph
4275,Observational Evidence for Tidal Destruction of Exoplanets,Room 11,astro-ph.EP
4276,Consistent Bounded-Asynchronous Parameter Servers for Distributed ML,Room 10,stat.ML
4277,"Stock prices and Macroeconomic indicators: Investigating a correlation
  in Indian context",Room 3,econ.GN
4278,"How accurate are the non-linear chemical Fokker-Planck and chemical
  Langevin equations?",Room 5,q-bio.QM
4279,Evolution of Spots and Stripes in Cellular Automata,Room 6,nlin.CG
4280,"Etude m\'ecanique des articles de contention et de leurs effets sur la
  jambe humaine. Mechanical investigation of compression stockings and of their
  effects on the human leg",Room 11,physics.med-ph
4281,Strategyproofness-Exposing Descriptions of Matching Mechanisms,Room 4,econ.TH
4282,Snapshot light-field laryngoscope,Room 2,eess.IV
4283,Real root refinements for univariate polynomial equations,Room 10,cs.NA
4284,Weakly Supervised Multi-Embeddings Learning of Acoustic Models,Room 12,cs.SD
4285,Do your volatility smiles take care of extreme events?,Room 3,q-fin.PR
4286,"An Optimal Energy-Saving Home Energy Management Supporting User Comfort
  and Electricity Selling with Different Prices",Room 4,eess.SY
4287,The role of microtubule movement in bidirectional organelle transport,Room 6,physics.bio-ph
4288,Segmentation and Context of Literary and Musical Sequences,Room 2,cs.CL
4289,Self-similar Turing Patterns: An Anomalous diffusion consequence,Room 8,nlin.PS
4290,"Designing contrasts for rapid, simultaneous parameter quantification and
  flow visualization with quantitative transient-state imaging",Room 2,eess.IV
4291,"On the potential of transit surveys in star clusters: Impact of
  correlated noise and radial velocity follow-up",Room 11,astro-ph
4292,"Bayesian Multivariate Quantile Regression with alternative Time-varying
  Volatility Specifications",Room 3,econ.EM
4293,New Mechanics of Spinal Injury,Room 11,q-bio.TO
4294,Semifinite spectral triples associated with graph C*-algebras,Room 5,math.OA
4295,Using Information to Amplify Competition,Room 4,econ.GN
4296,"Cross-situational and supervised learning in the emergence of
  communication",Room 1,cs.LG
4297,"Supporting information for: New methods for analyzing serological data
  with applications to influenza surveillance",Room 6,q-bio.PE
4298,"GAN-based Multiple Adjacent Brain MRI Slice Reconstruction for
  Unsupervised Alzheimer's Disease Diagnosis",Room 2,eess.IV
4299,KRb Feshbach Resonances: Modeling the interatomic potential,Room 8,cond-mat.other
4300,"Nonlinear Stochastic Estimators on the Special Euclidean Group SE(3)
  using Uncertain IMU and Vision Measurements",Room 10,eess.SY
4301,"On Mitropol'skii Yu.A.'s Theorem on Periodic Solutions of Systems of
  Nonlinear Differential Equations with Non-Differentiable Right-Hand-Sides",Room 5,math.CA
4302,"Diverse routes of transition from amplitude to oscillation death in
  coupled oscillators under additional repulsive link",Room 8,nlin.CD
4303,"On the Design of Constant Modulus Probing Waveforms with Good
  Correlation Properties for MIMO Radar via Consensus-ADMM Approach",Room 10,eess.SP
4304,"Assortative mixing enhances the irreversible nature of explosive
  synchronization in growing scale-free networks",Room 8,nlin.AO
4305,The Energetic Costs of Cellular Computation,Room 6,q-bio.MN
4306,"Evaluating Policies Early in a Pandemic: Bounding Policy Effects with
  Nonrandomly Missing Data",Room 4,econ.EM
4307,Strategic Exploration for Innovation,Room 4,econ.TH
4308,"Pricing and Hedging Performance on Pegged FX Markets Based on a Regime
  Switching Model",Room 3,q-fin.MF
4309,"Approximate optimality and the risk/reward tradeoff in a class of bandit
  problems",Room 3,econ.TH
4310,"From Global Value Chains to Local Jobs: Exploring FDI-induced Job
  Creation in EU-27",Room 3,econ.GN
4311,"On spherical Monte Carlo simulations for multivariate normal
  probabilities",Room 1,stat.CO
4312,"Rate-Loss Mitigation for a Millimeter-Wave Beamspace MIMO Lens Antenna
  Array System Using a Hybrid Beam-Selection Scheme",Room 10,eess.SP
4313,"Automata-based Adaptive Behavior for Economical Modelling Using Game
  Theory",Room 4,cs.GT
4314,"Effects of a Coal Phase-Out on Market Dynamics: Results from a
  Simulation Model for Germany",Room 4,eess.SY
4315,"Using Automated Dependency Analysis To Generate Representation
  Information",Room 2,cs.DL
4316,Leveraged {ETF} implied volatilities from {ETF} dynamics,Room 3,q-fin.CP
4317,Impact Analysis of the Chesa Boudin Administration,Room 4,econ.GN
4318,"Minimal free resolution of a finitely generated module over a regular
  local ring",Room 7,math.AC
4319,"Photostimulation activates restorable fragmentation of single
  mitochondrion by initiating oxide flashes",Room 6,q-bio.SC
4320,"A geometrical imaging of the real gap between economies of China and the
  United States",Room 3,q-fin.GN
4321,"Pricing and Semimartingale Representations of Vulnerable Contingent
  Claims in Regime-Switching Markets",Room 3,q-fin.CP
4322,Mean field repulsive Kuramoto models: Phase locking and spatial signs,Room 8,nlin.AO
4323,"Selection Against Demographic Stochasticity in Age-Structured
  Populations",Room 6,q-bio.PE
4324,"Pricing Multi-strike Quanto Call Options on Multiple Assets with
  Stochastic Volatility, Correlation, and Exchange Rates",Room 3,q-fin.PR
4325,"Investigation User Reviews FRO to Determine the Level of Customer
  Loyalty Model Shahrvand Chain Stores",Room 3,econ.GN
4326,Wiki surveys: Open and quantifiable social data collection,Room 1,stat.AP
4327,"Extremely Long-Lived Charged Massive Particles as A Probe for Reheating
  of the Universe",Room 12,hep-ph
4328,"The limited role of non-native contacts in folding pathways of a lattice
  protein",Room 6,q-bio.BM
4329,Unfolding Restricted Convex Caps,Room 7,cs.CG
4330,"A New Approach To Estimate The Collision Probability For Automotive
  Applications",Room 10,eess.SY
4331,Separating Advertising and Marketplace Functions of E-commerce Platforms: Is it Social Welfare Enhancing?,Room 4,econ.GN
4332,DeepTurbo: Deep Turbo Decoder,Room 2,eess.SP
4333,Linear $\sigma$-additivity and some applications,Room 7,math.GN
4334,Cluster formation and evolution in networks of financial market indices,Room 3,q-fin.ST
4335,"Activities of Daily Living Indexing by Hierarchical HMM for Dementia
  Diagnostics",Room 2,cs.MM
4336,DBMSs Should Talk Back Too,Room 1,cs.DB
4337,On the Existence of One-Sided Representations for the Generalised Dynamic Factor Model,Room 1,econ.EM
4338,Mechanisms for Network Growth that Preserve Spectral and Local Structure,Room 6,nlin.AO
4339,"Functional Annotation of Genes in Saccharomyces cerevisiae based on
  Joint Betweenness",Room 7,q-bio.QM
4340,Modeling Credit Spreads Using Nonlinear Regression,Room 3,q-fin.ST
4341,Quotients of continuous convex functions on nonreflexive Banach spaces,Room 7,math.FA
4342,"X-Ray Powder Diffraction from Sub-Micron Crystals of Photosystem-1
  Membrane Protein",Room 11,physics.bio-ph
4343,"Regular solution and lattice miura transformation of bigraded Toda
  Hierarchy",Room 5,nlin.SI
4344,Nonlinear Residual Echo Suppression Based on Multi-stream Conv-TasNet,Room 2,eess.AS
4345,"Adiabaticity Conditions for Volatility Smile in Black-Scholes Pricing
  Model",Room 3,q-fin.PR
4346,Effects of Treatment on the Treated: Identification and Generalization,Room 4,stat.ME
4347,Sobolev and Schwartz: Two Fates and Two Fames,Room 1,math.HO
4348,Statistical Physics Perspective on Economic Inequality,Room 4,econ.GN
4349,"Hybrid Beamforming With Sub-arrayed MIMO Radar: Enabling Joint Sensing
  and Communication at mmWave Band",Room 10,eess.SP
4350,Nano-scale reservoir computing,Room 8,cs.ET
4351,Asynchronous games: innocence without alternation,Room 4,cs.LO
4352,Robust Fitting of Ellipses and Spheroids,Room 1,stat.ME
4353,Link Prediction in Complex Networks: A Clustering Perspective,Room 2,cs.SI
4354,Moving constraints as stabilizing controls in classical mechanics,Room 5,math.OC
4355,CAT(0) groups and Coxeter groups whose boundaries are scrambled sets,Room 7,math.GR
4356,Ambiguous Cheap Talk,Room 3,econ.TH
4357,Formal aspects of Gray's tensor product of 2-categories,Room 7,math.CT
4358,"A theoretical foundation of the target-decoy search strategy for false
  discovery rate control in proteomics",Room 6,stat.AP
4359,Optimized Resource Allocation in Multi-user WDM VLC Systems,Room 11,eess.SP
4360,Potential inversion with subbarrier fusion data revisited,Room 11,nucl-th
4361,Quantifying Prosodic Variability in Middle English Alliterative Poetry,Room 2,stat.AP
4362,"Interplay of noise and coupling in heterogeneous ensembles of phase
  oscillators",Room 8,nlin.AO
4363,"Two novel costs for determining the tuning parameters of the Kalman
  Filter",Room 1,nlin.AO
4364,"Credit Cycles, Securitization, and Credit Default Swaps",Room 4,econ.TH
4365,"Trading activity as driven Poisson process: comparison with empirical
  data",Room 4,q-fin.TR
4366,Plastic-damage model for concrete in principal directions,Room 11,cond-mat.mtrl-sci
4367,"Integrated Impact Indicators (I3) compared with Impact Factors (IFs): An
  alternative research design with policy implications",Room 12,cs.DL
4368,"Weak Convergence of Path-Dependent SDEs in Basket CDS Pricing with
  Contagion Risk",Room 3,q-fin.MF
4369,"Greenhouse Gas Emissions and its Main Drivers: a Panel Assessment for
  EU-27 Member States",Room 4,econ.EM
4370,"DPA on quasi delay insensitive asynchronous circuits: formalization and
  improvement",Room 10,cs.AR
4371,"Consistency and robustness of kernel-based regression in convex risk
  minimization",Room 1,math.ST
4372,"Asymptotic Optimality of the Static Frequency Caching in the Presence of
  Correlated Requests",Room 10,cs.PF
4373,Diffusion-limited unbinding of small peptides from PDZ domains,Room 6,physics.bio-ph
4374,Un index de jointure pour les entrep\^ots de donn\'ees XML,Room 10,cs.DB
4375,"Dated ancestral trees from binary trait data and its application to the
  diversification of languages",Room 6,stat.ME
4376,"HAT-P-11b: A Super-Neptune Planet Transiting a Bright K Star in the
  Kepler Field",Room 11,astro-ph.EP
4377,Mirror bootstrap method for testing hypotheses of one mean,Room 1,stat.ME
4378,"New parallel programming language design: a bridge between brain models
  and multi-core/many-core computers?",Room 1,cs.PL
4379,Sparse integrative clustering of multiple omics data sets,Room 2,stat.AP
4380,How Periodic Forecast Updates Influence MRP Planning Parameters: A Simulation Study,Room 4,econ.GN
4381,"The effect of the behavior of an average consumer on the public debt
  dynamics",Room 4,q-fin.EC
4382,Economic interpretation of fractional derivatives,Room 3,q-fin.EC
4383,A Gibbs Sampling Alternative to Reversible Jump MCMC,Room 3,stat.CO
4384,Classification and Powerlaws: The Logarithmic Transformation,Room 12,cs.IR
4385,Capturing knots in polymers,Room 7,cond-mat.soft
4386,Valuation of Barrier Options using Sequential Monte Carlo,Room 3,q-fin.CP
4387,The Impact of Credit Risk and Implied Volatility on Stock Returns,Room 3,q-fin.PR
4388,"An integrable generalization of the super Kaup-Newell soliton hierarchy
  and its bi-Hamiltonian structure",Room 5,nlin.SI
4389,Viral population estimation using pyrosequencing,Room 6,q-bio.PE
4390,"Constraints, MMSNP and expander relational structures",Room 7,math.CO
4391,Parametric k-best alignment,Room 2,q-bio.PE
4392,"A geometric realization of sl(6,C)",Room 7,math.DG
4393,"Tutorials on X-ray Phase Contrast Imaging: Some Fundamentals and Some
  Conjectures on Future Developments",Room 11,eess.IV
4394,"Hybrid distance-angle rigidity theory with signed constraints and its
  applications to formation shape control",Room 7,eess.SY
4395,"Information Sufficiency, Stability, and Efficiency in Decentralized Decision-Making",Room 4,econ.TH
4396,"On strong homogeneity of two global optimization algorithms based on
  statistical models of multimodal objective functions",Room 1,cs.NA
4397,A Brief Review of SIAM Review,Room 12,math.HO
4398,Liquidations: DeFi on a Knife-edge,Room 3,q-fin.GN
4399,"Heat Kernel Interest Rate Models with Time-Inhomogeneous Markov
  Processes",Room 3,q-fin.CP
4400,Towards de novo RNA 3D structure prediction,Room 6,q-bio.BM
4401,Relating Neural Dynamics to Neural Coding,Room 8,q-bio.NC
4402,Arenas of Finite State Machines,Room 10,cs.FL
4403,Tractable Graph Matching via Soft Seeding,Room 1,stat.CO
4404,"MILLION: A General Multi-Objective Framework with Controllable Risk for
  Portfolio Management",Room 3,q-fin.PM
4405,"Optimizing B2B Product Offers with Machine Learning, Mixed Logit, and
  Nonlinear Programming",Room 4,econ.EM
4406,Nonparametric Bayesian testing for monotonicity,Room 1,stat.ME
4407,Besov Spaces and Frames on Compact Manifolds,Room 7,math.FA
4408,A generation theorem for groups of finite Morley rank,Room 7,math.GR
4409,"Trait-structured chemotaxis: Exploring ligand-receptor dynamics and
  travelling wave properties in a Keller-Segel model",Room 6,q-bio.CB
4410,"Clustering by Descending to the Nearest Neighbor in the Delaunay Graph
  Space",Room 2,stat.ML
4411,"Parameters of the lowest order chiral Lagrangian from fermion
  eigenvalues",Room 5,hep-lat
4412,"Oxygen molecular plasma at ambient temperature and elevated or high
  pressure",Room 8,physics.plasm-ph
4413,"Measuring Light Pollution with Fisheye Lens Imagery from A Moving Boat,
  A Proof of Concept",Room 11,q-bio.OT
4414,R-Estimation for Asymmetric Independent Component Analysis,Room 2,stat.ME
4415,Distributed Policy Evaluation Under Multiple Behavior Strategies,Room 4,cs.MA
4416,Anderson localization of solitons,Room 8,cond-mat.quant-gas
4417,Distributional Preferences for Market Design,Room 4,econ.TH
4418,"A closed-form representation of mean-variance hedging for additive
  processes via Malliavin calculus",Room 3,q-fin.MF
4419,The Lyapunov Characteristic Exponents and their computation,Room 5,nlin.CD
4420,"Optimal Trajectory Tracking of Nonholonomic Mechanical Systems: a
  geometric approach",Room 10,eess.SY
4421,Understanding the Maker Protocol,Room 4,q-fin.CP
4422,"Near-field signal acquisition for smartglasses using two acoustic
  vector-sensors",Room 2,cs.SD
4423,Least-Cost Structuring of 24/7 Carbon-Free Electricity Procurements,Room 10,q-fin.PM
4424,"Sentiment of tweets and socio-economic characteristics as the
  determinants of voting behavior at the regional level. Case study of 2019
  Polish parliamentary election",Room 1,econ.GN
4425,Exploring Transformers for Large-Scale Speech Recognition,Room 2,eess.AS
4426,"The delta method for analytic functions of random operators with
  application to functional data",Room 3,math.ST
4427,"Measurement error in two-stage analyses, with application to air
  pollution epidemiology",Room 1,stat.ME
4428,"Reciprocity or community: Different cultural pathways to cooperation and
  welfare",Room 4,econ.GN
4429,Generative x-vectors for text-independent speaker verification,Room 2,eess.AS
4430,"Empirical Analysis of Indirect Internal Conversions in Cryptocurrency
  Exchanges",Room 4,q-fin.TR
4431,MetaQuestion: A web application for expert knowledge elicitation addressing plant health and applied plant ecology,Room 1,q-bio.OT
4432,Classifying Clustering Schemes,Room 2,stat.ML
4433,Better Together? A Field Experiment on Human-Algorithm Interaction in Child Protection,Room 4,econ.GN
4434,Memristive model of amoeba's learning,Room 6,q-bio.CB
4435,D-modules over rings with finite F-representation type,Room 7,math.AC
4436,"Market risk modelling in Solvency II regime and hedging options not
  using underlying",Room 3,q-fin.RM
4437,From incoherence to synchronicity in the network Kuramoto model,Room 8,nlin.PS
4438,"The Rogue Waves with Quintic Nonlinearity and Nonlinear Dispersion
  effects in Nonlinear Optical Fibers",Room 5,nlin.PS
4439,"Open-set Short Utterance Forensic Speaker Verification using
  Teacher-Student Network with Explicit Inductive Bias",Room 12,eess.AS
4440,GO-spaces and Noetherian spectra,Room 7,math.GN
4441,Public Communication in Regime Change games,Room 4,econ.TH
4442,PCA/LDA Approach for Text-Independent Speaker Recognition,Room 2,cs.SD
4443,Image denoising with generalized Gaussian mixture model patch priors,Room 2,eess.IV
4444,"Incorporating external information in analyses of clinical trials with
  binary outcomes",Room 1,stat.AP
4445,Orders of $\pi$-bases,Room 7,math.GN
4446,"From collective oscillation to chimera state in a nonlocally excitable
  system",Room 8,nlin.AO
4447,Market behavior and performance of different strategy evaluation schemes,Room 3,q-fin.PM
4448,Escalation of error catastrophe for enzymatic self-replicators,Room 6,q-bio.PE
4449,"Cotatron: Transcription-Guided Speech Encoder for Any-to-Many Voice
  Conversion without Parallel Data",Room 12,eess.AS
4450,"Quantile universal threshold: model selection at the detection edge for
  high-dimensional linear regression",Room 2,stat.ML
4451,"Unveiling Saving and Credit Dynamics: Insights from Financial Diaries
  and Surveys among Low-Income Households in Unauthorized Colonies in Delhi",Room 4,econ.GN
4452,Estimation and Inference for a Class of Generalized Hierarchical Models,Room 1,econ.EM
4453,"Clusters, Graphs, and Networks for Analysing Internet-Web-Supported
  Communication within a Virtual Community",Room 12,cs.AI
4454,"Extending fragment-based free energy calculations with library Monte
  Carlo simulation: Annealing in interaction space",Room 6,q-bio.QM
4455,"Spatio-temporal Dynamics of Cellular V2X Communication in Dense
  Vehicular Networks",Room 10,eess.SY
4456,Local and global methods in arithmetic (in Russian),Room 12,math.NT
4457,Generalizing the notion of Koszul algebra,Room 7,math.RA
4458,An Improvement to the Domain Adaptation Bound in a PAC-Bayesian context,Room 1,stat.ML
4459,Multiple-Description Coding by Dithered Delta-Sigma Quantization,Room 1,cs.IT
4460,Computing Real Numbers using DNA Self-Assembly,Room 10,cs.ET
4461,"Contextual Mobile Learning Strongly Related to Industrial Activities:
  Principles and Case Study",Room 12,cs.HC
4462,"Financial correlations at ultra-high frequency: theoretical models and
  empirical estimation",Room 4,q-fin.TR
4463,"Min-protein oscillations in Escherichia coli with spontaneous formation
  of two-stranded filaments in a three-dimensional stochastic
  reaction-diffusion model",Room 6,q-bio.SC
4464,"Ambiguity theory, old and new",Room 7,math.GM
4465,Leverage Causes Fat Tails and Clustered Volatility,Room 4,q-fin.ST
4466,"Real-time System Identification Using Deep Learning for Linear Processes
  with Application to Unmanned Aerial Vehicles",Room 1,eess.SY
4467,Dynamics of Non-Conservative Voters,Room 1,physics.data-an
4468,Propagation Kernels,Room 1,stat.ML
4469,Decision Problems for Nash Equilibria in Stochastic Games,Room 4,cs.GT
4470,"Optimal dividend and investing control of a insurance company with
  higher solvency constraints",Room 4,q-fin.RM
4471,"Galaxy morphologies and environment in the Abell 901/902 supercluster
  from COMBO-17",Room 12,astro-ph
4472,Random Matching Markets with Correlated Preferences,Room 4,econ.TH
4473,On Selfadjoint Subspace of One-Speed Boltzmann Operator,Room 8,math.SP
4474,"The $^{15}$O($\alpha$,$\gamma$)$^{19}$Ne Breakout Reaction and Impact on
  X-Ray Bursts",Room 11,nucl-ex
4475,"Doppler-Free Spectroscopy of Weak Transitions: An Analytical Model
  Applied to Formaldehyde",Room 11,physics.optics
4476,Pandemic risk management: resources contingency planning and allocation,Room 4,q-fin.RM
4477,Segment number of knots,Room 7,math.GT
4478,"Cross frequency coupling in next generation inhibitory neural mass
  models",Room 6,nlin.AO
4479,"Rejoinder: Likelihood Inference for Models with Unobservables Another
  View",Room 1,stat.ME
4480,"Statistically-estimated tree composition for the northeastern United
  States at the time of Euro-American settlement",Room 1,stat.AP
4481,"Efficient Multi-site Data Movement Using Constraint Programming for Data
  Hungry Science",Room 10,cs.DC
4482,File System in Data-Centric Computing,Room 10,cs.OS
4483,"Decomposition of Higher-Order Spectra for Blind Multiple-Input
  Deconvolution, Pattern Identification and Separation",Room 1,eess.SP
4484,Cultural commons and cultural evolution,Room 6,q-bio.PE
4485,"Contemporary facets of business successes among leading companies,
  operating in Bulgaria",Room 3,econ.GN
4486,Matching markets with farsighted couples,Room 4,econ.TH
4487,"Inverse Star, Borders, and Palstars",Room 7,cs.FL
4488,"The Darboux-Bianchi-B\""acklund transformation and soliton surfaces",Room 5,nlin.SI
4489,Robustness of chimera states for coupled FitzHugh-Nagumo oscillators,Room 8,nlin.AO
4490,ON Integrated Chance Constraints in ALM for Pension Funds,Room 3,q-fin.RM
4491,Stochastic suspensions of heavy particles,Room 8,nlin.CD
4492,Space-time percolation,Room 4,math.PR
4493,"Portfolio diversification and model uncertainty: a robust dynamic
  mean-variance approach",Room 3,q-fin.PM
4494,Coulomb gauge studies of SU(3) Yang-Mills theory on the lattice,Room 7,hep-lat
4495,A Class of LULU Operators on Multi-Dimensional Arrays,Room 5,cs.CV
4496,Accuracy of Deep Learning in Calibrating HJM Forward Curves,Room 3,q-fin.MF
4497,"The role of fingerprints in the coding of tactile information probed
  with a biomimetic sensor",Room 11,physics.med-ph
4498,Convex and star-shaped sets associated with stable distributions,Room 1,math.PR
4499,GemTools: A fast and efficient approach to estimating genetic ancestry,Room 2,stat.AP
4500,Using Periodicity of Nucleotide Sequences,Room 11,q-bio.GN
4501,Flexible Low-Rank Statistical Modeling with Side Information,Room 2,stat.ML
4502,Detecting epistasis via Markov bases,Room 2,stat.AP
4503,"Deep-learning-enabled geometric constraints and phase unwrapping for
  single-shot absolute 3D shape measurement",Room 11,eess.IV
4504,Latin bitrades derived from groups,Room 7,math.CO
4505,"Autoencoders for music sound modeling: a comparison of linear, shallow,
  deep, recurrent and variational models",Room 2,eess.AS
4506,"DNA elasticity from coarse-grained simulations: the effect of groove
  asymmetry",Room 8,q-bio.BM
4507,"Gaussian-like and flat-top solitons of atoms with spatially modulated
  repulsive interactions",Room 8,nlin.PS
4508,"Portfolio Optimization using Predictive Auxiliary Classifier Generative
  Adversarial Networks with Measuring Uncertainty",Room 2,q-fin.PM
4509,"Capital distribution and portfolio performance in the mean-field Atlas
  model",Room 3,q-fin.PM
4510,"Corbino experimental set-up for Cooper pair mass spectroscopy and
  determination of mobility in normal phase",Room 8,cond-mat.supr-con
4511,Chimera in a neuronal network model of the cat brain,Room 6,nlin.AO
4512,"M-functions for closed extensions of adjoint pairs of operators with
  applications to elliptic boundary problems",Room 5,math.SP
4513,Convexity properties of Thompson's group F,Room 7,math.GR
4514,"A new perspective on the fundamental theorem of asset pricing for large
  financial markets",Room 4,q-fin.MF
4515,"Speeding up Cylindrical Algebraic Decomposition by Gr\""obner Bases",Room 5,cs.SC
4516,A survey of statistical network models,Room 1,stat.ME
4517,Shorting in Speculative Markets,Room 3,q-fin.MF
4518,Application of Permutation Group Theory in Reversible Logic Synthesis,Room 10,cs.ET
4519,Using spatial modeling to address covariate measurement error,Room 4,econ.EM
4520,Minimal autocatalytic networks,Room 6,q-bio.MN
4521,"Analysis of Proximity Informed User Behavior in a Global Online Social
  Network",Room 4,econ.GN
4522,"No-flux boundaries stabilize scroll rings in excitable media with
  negative filament tension",Room 8,nlin.PS
4523,"Statistical models for RNA-seq data derived from a two-condition
  48-replicate experiment",Room 2,q-bio.GN
4524,"Analyzing statistical and computational tradeoffs of estimation
  procedures",Room 1,stat.CO
4525,A deterministic version of Pollard's p-1 algorithm,Room 12,math.NT
4526,"Centrality dependence of charged hadron production in deuteron+gold and
  nucleon+gold collisions at sqrt(s_NN)=200 GeV",Room 11,nucl-ex
4527,"The Earth as an extrasolar planet: The vegetation spectral signature
  today and during the last Quaternary climatic extrema",Room 11,astro-ph.EP
4528,"Flat Pencils of Symplectic Connections and Hamiltonian Operators of
  Degree 2",Room 7,nlin.SI
4529,"$\texttt{rdid}$ and $\texttt{rdidstag}$: Stata commands for robust
  difference-in-differences",Room 1,econ.EM
4530,"On estimating covariances between many assets with histories of highly
  variable length",Room 3,stat.ME
4531,"Asymptotic representations of the reduced C*-algebra of a free group: an
  example",Room 7,math.OA
4532,Taxonomy and Estimation of Multiple Breakpoints in High-Dimensional Factor Models,Room 1,econ.EM
4533,Anomaly Detection Based on Indicators Aggregation,Room 2,stat.ML
4534,Modelling stock correlations with expected returns from investors,Room 3,q-fin.CP
4535,"Balance between cell survival and death: a minimal quantitative model of
  tumor necrosis factor alpha cytotoxicity",Room 6,q-bio.MN
4536,"Early Experiences in Traffic Engineering Exploiting Path Diversity: A
  Practical Approach",Room 10,cs.NI
4537,"Conflict in Africa during COVID-19: social distancing, food
  vulnerability and welfare response",Room 3,econ.EM
4538,"Suboptimal Provision of Privacy and Statistical Accuracy When They are
  Public Goods",Room 4,econ.TH
4539,An Improved Version of the Symmetrical Immune Network Theory,Room 6,nlin.AO
4540,"The unification of Pythagorean theorem for electronic orbitals with
  Kepler's law for planetary orbits",Room 5,physics.gen-ph
4541,"The gruesome murder of Jamal Khashoggi : Saudi Arabia's new economy
  dream at risk ?",Room 3,q-fin.GN
4542,Transitional Dynamics of the Saving Rate and Economic Growth,Room 3,econ.GN
4543,Mining a medieval social network by kernel SOM and related methods,Room 12,stat.AP
4544,Sparse approximations of protein structure from noisy random projections,Room 2,stat.AP
4545,Metric and Kernel Learning using a Linear Transformation,Room 1,cs.LG
4546,"Confining Windows Inter-Process Communications for OS-Level Virtual
  Machine",Room 10,cs.OS
4547,"Classification of Graded Left-symmetric Algebra Structures on Witt and
  Virasoro Algebras",Room 7,math.QA
4548,"Numerical Solution of Dynamic Portfolio Optimization with Transaction
  Costs",Room 4,q-fin.PM
4549,Ballistocardiogram Signal Processing: A Literature Review,Room 2,eess.SP
4550,"A Linear Branch Flow Model for Radial Distribution Networks and its
  Application to Reactive Power Optimization and Network Reconfiguration",Room 10,eess.SY
4551,"Polyp detection inside the capsule endoscopy: an approach for power
  consumption reduction",Room 2,eess.IV
4552,"Constrained maximum likelihood estimation of clusterwise linear
  regression models with unknown number of components",Room 1,stat.CO
4553,Quantum Master Equation for QED in Exact Renormalization Group,Room 5,hep-th
4554,"Finite-time synchronization between two different chaotic systems with
  uncertainties",Room 5,nlin.CD
4555,"New approximate stochastic dominance approaches for Enhanced Indexation
  models",Room 3,q-fin.PM
4556,"A Scalable VLSI Architecture for Soft-Input Soft-Output Depth-First
  Sphere Decoding",Room 2,cs.AR
4557,Some remarks about Cauchy integrals and fractal sets,Room 7,math.CA
4558,"Pattern formation within Escherichia coli: diffusion, membrane
  attachment, and self-interaction of MinD molecules",Room 6,q-bio.SC
4559,"On boundedness, existence and uniqueness of strong solutions of the
  Navier-Stokes Equations in 3 dimensions",Room 5,math.GM
4560,Coherence without Rationality at the Zero Lower Bound,Room 4,econ.GN
4561,Hearing the Maximum Entropy Potential of neuronal networks,Room 2,q-bio.NC
4562,Kleinian groups with ubiquitous surface subgroups,Room 7,math.GT
4563,Wishful Thinking is Risky Thinking,Room 4,econ.TH
4564,"Stern-Volmer Modeling of Steady-State Forster Energy Transfer Between
  Dilute, Freely Diffusing Membrane-Bound Fluorophores",Room 6,physics.chem-ph
4565,A solid angle polynomial with negative coefficients,Room 11,math.CO
4566,Artificial intelligence-enabled precision medicine for inflammatory skin diseases,Room 2,q-bio.OT
4567,"Selective vulnerability to kainate-induced oxidative damage in different
  rat brain regions",Room 6,q-bio.TO
4568,Ground state of a confined Yukawa plasma including correlation effects,Room 11,physics.plasm-ph
4569,Machine learning in weekly movement prediction,Room 3,q-fin.CP
4570,Dynamic Decision-Making under Model Misspecification: A Stochastic Stability Approach,Room 4,econ.TH
4571,On Minkowskian Branching Structures,Room 11,math-ph
4572,Greedy inference with structure-exploiting lazy maps,Room 2,stat.CO
4573,Spectral Theory of Elliptic Operators in Exterior Domains,Room 5,math.SP
4574,"Multidimensional Polarization Index and its Application to an Analysis
  of the Russian State Duma",Room 11,q-fin.EC
4575,A bivariate space-time downscaler under space and time misalignment,Room 1,stat.AP
4576,"Roles of discount rate, risk premium, and device performance in
  estimating the cost of energy for photovoltaics",Room 4,q-fin.GN
4577,"Dual-task Coordination in Children and Adolescents with Attention
  Deficit Hyperactivity Disorder (ADHD)",Room 4,q-bio.NC
4578,"Bayesian Unmixing using Sparse Dirichlet Prior with Polynomial
  Post-nonlinear Mixing Model",Room 2,eess.SP
4579,Rapid factorization of structured matrices via randomized sampling,Room 2,math.NA
4580,Complexity in atoms: an approach with a new analytical density,Room 8,nlin.CD
4581,Escape from attracting sets in randomly perturbed systems,Room 8,nlin.CD
4582,"Complex synchronous behavior in interneuronal networks with delayed
  inhibitory and fast electrical synapses",Room 6,q-bio.NC
4583,Optimal Filtering of Malicious IP Sources,Room 10,cs.NI
4584,"Learnable Spectro-temporal Receptive Fields for Robust Voice Type
  Discrimination",Room 12,eess.AS
4585,Measuring multiscaling in financial time-series,Room 3,q-fin.ST
4586,Cross attentive pooling for speaker verification,Room 2,eess.AS
4587,"Hamiltonian formulation and analysis of a collisionless fluid
  reconnection model",Room 8,physics.plasm-ph
4588,Analysing Shortcomings of Statistical Parametric Speech Synthesis,Room 2,eess.AS
4589,Fractional WKB Approximation,Room 5,math-ph
4590,A Proof On Arnold-Chekanov Conjecture,Room 7,math.GM
4591,"A Weight-based Information Filtration Algorithm for Stock-Correlation
  Networks",Room 2,q-fin.ST
4592,"Protein Kinase C-related Kinase and ROCK Are Required for
  Thrombin-induced Endothelial Cell Permeability Downstream from G{alpha}12/13
  and G{alpha}11/q",Room 6,q-bio.CB
4593,"Incorporating Affect in an Engineering Student's Epistemological
  Dynamics",Room 11,physics.ed-ph
4594,"Principal components analysis for sparsely observed correlated
  functional data using a kernel smoothing approach",Room 2,stat.ME
4595,Effective Personalized Recommendation in Collaborative Tagging Systems,Room 1,cs.IR
4596,Optimal Monitoring and Mitigation of Systemic Risk in Financial Networks,Room 3,q-fin.RM
4597,"$\rho$-arbitrage and $\rho$-consistent pricing for star-shaped risk
  measures",Room 4,q-fin.MF
4598,"The energy partitioning of non-thermal particles in a plasma: or the
  Coulomb logarithm revisited",Room 11,physics.plasm-ph
4599,"Affine linear and D4 symmetric lattice equations : symmetry analysis and
  reductions",Room 5,nlin.SI
4600,Sur les fonctions \`a singularit\'e de dimension 1,Room 7,math.CV
4601,"Batch Uniformization for Minimizing Maximum Anomaly Score of DNN-based
  Anomaly Detection in Sounds",Room 2,eess.AS
4602,Explicit Consumption Functions with Borrowing Constraints: a Continuous Time Approach,Room 3,econ.TH
4603,On multipartite posets,Room 7,math.CO
4604,"A Korteweg-de Vries description of dark solitons in polariton
  superfluids",Room 8,nlin.PS
4605,"On the Interference from VDE-SAT Downlink to the Incumbent Land Mobile
  System",Room 10,eess.SP
4606,"Molecular Programming Pseudo-code Representation to Molecular
  Electronics",Room 10,cs.PL
4607,Two-particle binding energy of interacting Bose gases,Room 8,cond-mat.other
4608,Self-duality of Selmer groups,Room 7,math.NT
4609,$L_2$-Box Optimization for Green Cloud-RAN via Network Adaptation,Room 10,eess.SP
4610,Load Forecasting of Supermarket Refrigeration,Room 3,stat.AP
4611,"A Fast Blind Impulse Detector for Bernoulli-Gaussian Noise in
  Underspread Channel",Room 2,eess.SP
4612,"Punctuated evolution of influenza virus hemagglutinin (A/H1N1) under
  opposing migration and vaccination pressures",Room 6,q-bio.BM
4613,"The Energy Landscape, Folding Pathways and the Kinetics of a Knotted
  Protein",Room 6,q-bio.BM
4614,"Machine learning for ultrafast X-ray diffraction patterns on large-scale
  GPU clusters",Room 11,q-bio.BM
4615,"Convex Incremental Dissipativity Analysis of Nonlinear Systems -
  Extended version",Room 5,eess.SY
4616,A method to suppress local minima for symmetrical DOPO networks,Room 8,nlin.AO
4617,"The iterative proportional fitting algorithm and the NM-method:
  solutions for two different sets of problems",Room 1,econ.GN
4618,"Glimpses of the Octonions and Quaternions History and Todays
  Applications in Quantum Physics",Room 5,math.GM
4619,Does Banque de France control inflation and unemployment?,Room 3,q-fin.GN
4620,Arbitrage in markets with bid-ask spreads,Room 3,q-fin.PR
4621,Relative regular modules. Applications to von Neumann regular rings,Room 7,math.RA
4622,Minimum Wages in Concentrated Labor Markets,Room 4,econ.GN
4623,Deep Clustering of Compressed Variational Embeddings,Room 2,eess.IV
4624,"Degenerate principal series representations and their holomorphic
  extensions",Room 5,math.RT
4625,"Optimal Strategies for the Decumulation of Retirement Savings under
  Differing Appetites for Liquidity and Investment Risks",Room 3,econ.GN
4626,"The Conformation of Interfacially Adsorbed Ranaspumin-2 is an Arrested
  State on the Unfolding Pathway",Room 8,q-bio.BM
4627,"A Recursive Logit Model with Choice Aversion and Its Application to
  Transportation Networks",Room 4,econ.EM
4628,"Exact solutions of a generalized variant of the derivative nonlinear
  Schrodinger equation in a Scarff II external potential and their stability
  properties",Room 5,nlin.PS
4629,"Asymptotics of extreme statistics of escape time in 1,2 and
  3-dimensional diffusions",Room 6,q-bio.SC
4630,Calabi-Yau algebras and superpotentials,Room 7,math.KT
4631,Lee Bounds with a Continuous Treatment in Sample Selection,Room 4,econ.EM
4632,Kolmogorov scaling and intermittency in Rayleigh-Taylor turbulence,Room 12,nlin.CD
4633,Minimal Model for Stem-Cell Differentiation,Room 6,q-bio.CB
4634,"Instant single-pixel imaging: on-chip real-time implementation based on
  instant ghost imaging algorithm",Room 2,eess.IV
4635,Variational assimilation of Lagrangian data in oceanography,Room 1,math.OC
4636,Deaconstructing Functions on Quadratic Surfaces into Multipoles,Room 5,math.CV
4637,"Efficient Algorithms for Node Disjoint Subgraph Homeomorphism
  Determination",Room 2,cs.DS
4638,The value of knowing the market price of risk,Room 3,q-fin.PM
4639,"Numerical experiments with assimilation of the mean and unresolved
  meteorological conditions into large-eddy simulation model",Room 5,physics.ao-ph
4640,"Random versus holographic fluctuations of the background metric. II.
  Note on the dark energies arising due to microstructure of space-time",Room 11,astro-ph.CO
4641,"Geographic Spillover Effects of Prescription Drug Monitoring Programs
  (PDMPs)",Room 1,econ.GN
4642,Consistent procedures for cluster tree estimation and pruning,Room 2,stat.ML
4643,The Lasso under Heteroscedasticity,Room 2,stat.ML
4644,Elimination Theory for Tropical Varieties,Room 7,math.AG
4645,"Vector fields and foliations associated to groups of projective
  automorphisms",Room 7,math.CV
4646,Kinetic and hydrodynamic models of chemotactic aggregation,Room 6,physics.bio-ph
4647,"Utterance-level end-to-end language identification using attention-based
  CNN-BLSTM",Room 2,eess.AS
4648,"Classification of Cell Images Using MPEG-7-influenced Descriptors and
  Support Vector Machines in Cell Morphology",Room 2,stat.AP
4649,Using Mimicry to Learn about Mental Representations,Room 2,cs.SD
4650,"VOP Detection for Read and Conversation Speech using CWT Coefficients
  and Phone Boundaries",Room 2,eess.AS
4651,"A Universal Channel Model for Molecular Communication Systems with
  Metal-Oxide Detectors",Room 8,cs.ET
4652,"Zero-Shot Multi-Speaker Text-To-Speech with State-of-the-art Neural
  Speaker Embeddings",Room 2,eess.AS
4653,"Toward an agent based distillation approach for protesting crowd
  simulation",Room 1,cs.MA
4654,"AeGAN: Time-Frequency Speech Denoising via Generative Adversarial
  Networks",Room 2,eess.AS
4655,Updating Probabilities: A Complex Agent Based Example,Room 1,stat.ME
4656,"Large scale weakly and semi-supervised learning for low-resource video
  ASR",Room 2,eess.AS
4657,A Stream-Suitable Kolmogorov-Smirnov-Type Test for Big Data Analysis,Room 1,stat.CO
4658,Does the fireball found in AuAu collisions at RHIC resemble plasma?,Room 11,nucl-th
4659,Local well-posedness of the generalized Cucker-Smale model,Room 5,nlin.PS
4660,"Interference Exploitation-based Hybrid Precoding with Robustness Against
  Phase Errors",Room 10,eess.SP
4661,"Observation of atom pairs in spontaneous four wave mixing of two
  colliding Bose-Einstein Condensates",Room 8,quant-ph
4662,Maximal Entropy Measures for Piecewise Affine Surface Homeomorphisms,Room 5,math.DS
4663,"Distance Maps and Plant Development #2: Facilitated Transport and
  Uniform Gradient",Room 6,q-bio.QM
4664,On dynamic network entropy in cancer,Room 6,q-bio.MN
4665,"Portfolio optimization based on forecasting models using vine copulas:
  An empirical assessment for the financial crisis",Room 3,q-fin.PM
4666,On the completeness of the Manakov integrals,Room 7,nlin.SI
4667,"A network approach to analyzing highly recombinant malaria parasite
  genes",Room 6,q-bio.GN
4668,Polynomially bounded cohomology and the Novikov Conjecture,Room 7,math.KT
4669,Simple Signal Extension Method for Discrete Wavelet Transform,Room 2,eess.SP
4670,"A General Framework for Portfolio Theory. Part I: theory and various
  models",Room 4,q-fin.PM
4671,"A deterministic electoral system satisfying Arrow's four conditions in
  an easily approached limit",Room 4,econ.TH
4672,The Impact of Connectivity on the Production and Diffusion of Knowledge,Room 4,econ.TH
4673,Topics in Stochastic Portfolio Theory,Room 3,q-fin.MF
4674,"Q-greedyUCB: a New Exploration Policy for Adaptive and
  Resource-efficient Scheduling",Room 10,eess.SY
4675,"Predicting crashes in oil prices during the COVID-19 pandemic with mixed
  causal-noncausal models",Room 3,econ.EM
4676,"The Role of Public Health in the Fight Against Cancer: Awareness,
  Prevention, and Early Detection",Room 2,q-bio.TO
4677,Convex Cost of Information via Statistical Divergence,Room 1,econ.TH
4678,Plane geometry and convexity of polynomial stability regions,Room 5,math.OC
4679,"Variability as a Predictor: A Bayesian Variability Model for Small
  Samples and Few Repeated Measures",Room 1,stat.AP
4680,Spoken Speech Enhancement using EEG,Room 2,eess.AS
4681,From individual to population: Challenges in Medical Visualization,Room 2,cs.GR
4682,Generalized regularly discontinuous solutions of the Einstein equations,Room 5,gr-qc
4683,Metric recovery from directed unweighted graphs,Room 1,stat.ML
4684,"Uncertain Short-Run Restrictions and Statistically Identified Structural
  Vector Autoregressions",Room 4,econ.EM
4685,Swarmalators with delayed interactions,Room 8,nlin.AO
4686,"On the End-to-End Distortion for a Buffered Transmission over Fading
  Channel",Room 1,cs.IT
4687,DCSM Protocol for Content Transfer in Deep Space Network,Room 10,eess.SP
4688,Etude Des Solutions Meromorphes D'Equations Differentielles,Room 5,math.CA
4689,Probabilistic initial value problem for cellular automaton rule 172,Room 6,nlin.CG
4690,"Zero-energy states and fragmentation of spin in the easy-plane
  antiferromagnet on a honeycomb lattice",Room 8,cond-mat.str-el
4691,"Dynamics and Pattern Formation in Large Systems of Spatially-Coupled
  Oscillators with Finite Response Times",Room 8,nlin.PS
4692,"A Multi-timescale Two-stage Robust Grid-friendly Dispatch Model for
  Microgrid Operation",Room 10,eess.SY
4693,"New possible properties of atomic nuclei investigated by non linear
  methods: Fractal and recurrence quantification analysis",Room 5,physics.gen-ph
4694,"A New Round Robin Based Scheduling Algorithm for Operating Systems:
  Dynamic Quantum Using the Mean Average",Room 10,cs.OS
4695,Multi-speaker Recognition in Cocktail Party Problem,Room 2,eess.AS
4696,The minority game: An economics perspective,Room 4,q-fin.GN
4697,"A Block Sparsity Based Estimator for mmWave Massive MIMO Channels with
  Beam Squint",Room 11,eess.SP
4698,Eight-dimensional Polarization-ring-switching Modulation Formats,Room 11,eess.SP
4699,"A multi-layered energy consumption model for smart wireless acoustic
  sensor networks",Room 2,eess.AS
4700,A Framework for Quantitative Analysis of Cascades on Networks,Room 4,cs.SI
4701,"Multi-Kernel LS-SVM Based Bio-Clinical Data Integration: Applications to
  Ovarian Cancer",Room 2,q-bio.GN
4702,On Prior Confidence and Belief Updating,Room 1,econ.GN
4703,Generalised arbitrage-free SVI volatility surfaces,Room 3,q-fin.PR
4704,"A Rigorous Extension of the Sch\""onhage-Strassen Integer Multiplication
  Algorithm Using Complex Interval Arithmetic",Room 10,cs.NA
4705,The Kodaira Dimension of Lefschetz Fibrations,Room 7,math.SG
4706,"Leveraging the Channel as a Sensor: Real-time Vehicle Classification
  Using Multidimensional Radio-fingerprinting",Room 2,eess.SP
4707,"Localized modes in the Gross-Pitaevskii equation with a parabolic
  trapping potential and a nonlinear lattice pseudopotential",Room 8,nlin.PS
4708,"Extension of SBL Algorithms for the Recovery of Block Sparse Signals
  with Intra-Block Correlation",Room 1,stat.ML
4709,Communication impacting financial markets,Room 4,q-fin.GN
4710,Mathematical modeling of physical capital using the spatial Solow model,Room 5,q-fin.GN
4711,"The Optimal Design of Three Degree-of-Freedom Parallel Mechanisms for
  Machining Applications",Room 12,cs.RO
4712,Characterizations of equilibrium allocations in an economy with public goods and infinitely many commodities,Room 4,econ.TH
4713,Minimizing the Probability of Lifetime Ruin under Stochastic Volatility,Room 3,q-fin.PM
4714,The Full Orbifold $K$-theory of Abelian Symplectic Quotients,Room 7,math.SG
4715,Bi-Legendrian manifolds and paracontact geometry,Room 7,math.DG
4716,The Optimal Quantile Estimator for Compressed Counting,Room 2,cs.DS
4717,"Distanced LSTM: Time-Distanced Gates in Long Short-Term Memory Models
  for Lung Cancer Detection",Room 2,eess.IV
4718,A Hamiltonian Approach to Barrier Option Pricing Under Vasicek Model,Room 12,q-fin.PR
4719,DPM: A State Space Model for Large-Scale Direct Marketing,Room 1,stat.AP
4720,Variation of a Signal in Schwarzschild Spacetime,Room 11,eess.SP
4721,Modeling Kelvin Wave Cascades in Superfluid Helium,Room 8,nlin.CD
4722,Hamiltonian Integrability of Two-Component Short Pulse Equations,Room 5,nlin.SI
4723,"Epidemics with Multistrain Interactions: The Interplay Between Cross
  Immunity and Antibody-Dependent Enhancement",Room 6,q-bio.PE
4724,"State and Network Structures of Stock Markets around the Global
  Financial Crisis",Room 3,q-fin.GN
4725,"Compositional Construction of Control Barrier Certificates for
  Large-Scale Stochastic Switched Systems",Room 10,eess.SY
4726,"Optimal designs for random effect models with correlated errors with
  applications in population pharmacokinetics",Room 1,stat.AP
4727,Bio-inspired Political Systems,Room 6,nlin.AO
4728,Emergent Community Structure in Social Tagging Systems,Room 1,cs.IR
4729,"Identifying the Hidden Nexus between Benford Law Establishment in Stock
  Market and Market Efficiency: An Empirical Investigation",Room 3,econ.GN
4730,Hawkes model for price and trades high-frequency dynamics,Room 3,q-fin.TR
4731,"An analysis of spatiotemporal localized solutions in the variable
  coefficients (3+1)-dimensional nonlinear Schr\""{o}dinger equation with six
  different forms of dispersion parameters",Room 5,nlin.SI
4732,"Power Efficient Visible Light Communication (VLC) with Unmanned Aerial
  Vehicles (UAVs)",Room 10,eess.SP
4733,Database Reverse Engineering based on Association Rule Mining,Room 1,cs.DB
4734,Memory models of adaptive behaviour,Room 6,q-bio.CB
4735,"The Smart Black Box: A Value-Driven High-Bandwidth Automotive Event Data
  Recorder",Room 2,eess.SP
4736,"System Equivalence Transformation: Robust Convergence of Iterative
  Learning Control with Nonrepetitive Uncertainties",Room 10,eess.SY
4737,Transferring Source Style in Non-Parallel Voice Conversion,Room 2,eess.AS
4738,"Improving the INLA approach for approximate Bayesian inference for
  latent Gaussian models",Room 1,stat.CO
4739,Sustainability of Global Economy as a Quantum Circuit,Room 8,econ.TH
4740,Sparse Regression with Multi-type Regularized Feature Modeling,Room 2,stat.CO
4741,On the Generation of Dispersive Shock Waves,Room 5,nlin.PS
4742,Stability of a finite volume scheme for the incompressible fluids,Room 5,math.NA
4743,An upper bound on the reduction number of an ideal,Room 7,math.AC
4744,"Biased diffusion on Japanese inter-firm trading network: Estimation of
  sales from network structure",Room 6,q-fin.GN
4745,"Boundedness and Self-Organized Semantics: on the Best Survvival Strategy
  in an Ever-Changing Environment",Room 6,nlin.AO
4746,The moduli space of parallelizable 4-manifolds,Room 7,math.GT
4747,Mobile Based Secure Digital Wallet for Peer to Peer Payment System,Room 3,cs.CE
4748,Accurate Parametric Inference for Small Samples,Room 1,stat.ME
4749,Thermal unfolding of myoglobin in the Landau-Ginzburg-Wilson approach,Room 6,q-bio.BM
4750,Central Limit Theory for Models of Strategic Network Formation,Room 4,econ.GN
4751,Single-index Regression models with right-censored responses,Room 4,math.ST
4752,"Correcting invalid regression discontinuity designs with multiple time
  period data",Room 1,econ.EM
4753,Tuplix Calculus,Room 5,cs.LO
4754,"A note on utility maximization with transaction costs and random
  endoment: num\'eraire-based model and convex duality",Room 3,q-fin.MF
4755,The Quasi-Steady State Assumption in an Enzymatically Open System,Room 6,q-bio.QM
4756,Low-Rank Structured Nonparametric Prediction of Instantaneous Volatility,Room 3,econ.EM
4757,"On the Theoretical Limits of Beam Steering in mmWave Massive MIMO
  Channels",Room 10,eess.SP
4758,"Comments on the BCBS proposal for a New Standardized Approach for
  Operational Risk",Room 3,q-fin.RM
4759,Multivariate Fractional Components Analysis,Room 3,econ.EM
4760,"Mutual Enrichment in Ranked Lists and the Statistical Assessment of
  Position Weight Matrix Motifs",Room 2,q-bio.QM
4761,"AMAS: optimizing the partition and filtration of adaptive seeds to speed
  up read mapping",Room 2,q-bio.GN
4762,Optimal Portfolio Choice with Cross-Impact Propagators,Room 3,q-fin.PM
4763,Body mass index - a physics perspective,Room 1,physics.pop-ph
4764,"Hysteresis bifurcation and application to delayed Fitzhugh-Nagumo neural
  systems",Room 8,nlin.AO
4765,"Recursion operator for a system admitting Lax representation with
  non-rational Lax function",Room 5,nlin.SI
4766,"Characteristics of solar diurnal variations: a case study based on
  records from the ground magnetic observatory at Vassouras, Brazil",Room 11,physics.space-ph
4767,Sur les quotients discrets de semi-groupes complexes,Room 7,math.CV
4768,AUGER-HiRes results and models of Lorentz symmetry violation,Room 11,astro-ph.HE
4769,"Identification of key genes related to the mechanism and prognosis of
  lung squamous cell carcinoma using bioinformatics analysis",Room 2,q-bio.GN
4770,Taming the Basel Leverage Cycle,Room 4,q-fin.EC
4771,"Matching in Closed-Form: Equilibrium, Identification, and Comparative
  Statics",Room 4,econ.TH
4772,"Ultrasolitons: multistability and subcritical power threshold from
  higher-order Kerr terms",Room 8,nlin.PS
4773,Options on Bonds: Implied Volatilities from Affine Short-Rate Dynamics,Room 3,q-fin.MF
4774,"Spreadsheet Assurance by ""Control Around"" is a Viable Alternative to the
  Traditional Approach",Room 12,cs.SE
4775,Spectral action on noncommutative torus,Room 7,hep-th
4776,Likelihood-Free Parallel Tempering,Room 1,stat.ME
4777,Learning Mixed Graphical Models,Room 1,stat.ML
4778,"Superposition solutions to the extended KdV equation for water surface
  waves",Room 5,nlin.PS
4779,"Smart Grid Monitoring Using Power Line Modems: Anomaly Detection and
  Localization",Room 10,eess.SP
4780,Incorporating VAD into ASR System by Multi-task Learning,Room 2,eess.AS
4781,"Geometric ergodicity of the Random Walk Metropolis with
  position-dependent proposal covariance",Room 3,stat.CO
4782,"Energy-Efficient Resource Allocation in Wireless Networks: An Overview
  of Game-Theoretic Approaches",Room 10,cs.IT
4783,Tensoring volatility calibration,Room 3,q-fin.RM
4784,"Robust Brain Magnetic Resonance Image Segmentation for Hydrocephalus
  Patients: Hard and Soft Attention",Room 2,eess.IV
4785,"Feature Selection for Microarray Gene Expression Data using Simulated
  Annealing guided by the Multivariate Joint Entropy",Room 2,q-bio.QM
4786,"The existence conditions for periodic motions of the Kowalevski gyrostat
  in double force field",Room 5,nlin.SI
4787,Multi-Layer Sparse Coding: The Holistic Way,Room 2,eess.IV
4788,"Dual-polarization NFDM transmission with continuous and discrete
  spectral modulation",Room 11,eess.SP
4789,A general framework for online audio source separation,Room 2,cs.SD
4790,A note on lattices in semi-stable representations,Room 7,math.NT
4791,"Sine-Gordon solitons in networks: Scattering and transmission at
  vertices",Room 7,nlin.PS
4792,Interaction of streamers in air and other oxygen-nitrogen mixtures,Room 11,physics.plasm-ph
4793,Radix Conversion for IEEE754-2008 Mixed Radix Floating-Point Arithmetic,Room 10,cs.MS
4794,"Application of Generalized Fokker-Planck Theory To Electron And Photon
  Transport In Tissue",Room 11,physics.med-ph
4795,The escape problem under stochastic volatility: the Heston model,Room 3,q-fin.ST
4796,"Distributed Dynamic Economic Dispatch using Alternating Direction Method
  of Multipliers",Room 10,eess.SY
4797,Transitive powers of Young-Jucys-Murphy elements are central,Room 7,math.CO
4798,"`Double modules', double categories and groupoids, and a new homotopical
  double groupoid",Room 7,math.CT
4799,Information Analysis Infrastructure for Diagnosis,Room 10,cs.AR
4800,"Extracting the ${\bar q}q$ condensate for light quarks beyond the chiral
  limit in models of QCD",Room 12,hep-ph
4801,"Outperformance Portfolio Optimization via the Equivalence of Pure and
  Randomized Hypothesis Testing",Room 3,q-fin.PM
4802,"Vector Approximate Message Passing Algorithm for Structured Perturbed
  Sensing Matrix",Room 2,eess.SP
4803,"Fast and Stable Nonconvex Constrained Distributed Optimization: The
  ELLADA Algorithm",Room 10,eess.SY
4804,The biological frontier of pattern formation,Room 6,nlin.PS
4805,"Monoenergetic proton beams accelerated by circularly polarized laser
  with thin solid foils",Room 11,physics.acc-ph
4806,Optimal Investment and Consumption under a Habit-Formation Constraint,Room 3,q-fin.MF
4807,Faraday waves in quasi-one-dimensional superfluid Fermi-Bose mixtures,Room 8,nlin.PS
4808,An Improved Shashlyk Calorimeter,Room 11,physics.ins-det
4809,Non-coding DNA programs express adaptation and its universal law,Room 6,q-bio.GN
4810,Protein Folding: The Gibbs Free Energy,Room 6,q-bio.BM
4811,"Unsupervised Speech Domain Adaptation Based on Disentangled
  Representation Learning for Robust Speech Recognition",Room 2,eess.AS
4812,"The Stock Price Relationship between Holding Companies and Subsidiaries:
  A Case study of Indonesia Multiholding Companies",Room 3,q-fin.TR
4813,"The Dirichlet problem in the plane with semianalytic raw data,
  quasianalyticity and o-minimal structures",Room 5,math.LO
4814,"Introducing shrinkage in heavy-tailed state space models to predict
  equity excess returns",Room 3,econ.EM
4815,"The cyclicality of loan loss provisions under three different accounting
  models: the United Kingdom, Spain, and Brazil",Room 3,econ.GN
4816,"Highly mutually dependent unions and new axiomatizations of the Owen
  value",Room 4,econ.TH
4817,"A simple discretization scheme for nonnegative diffusion processes, with
  applications to option pricing",Room 12,q-fin.CP
4818,Minimizing Volatility: Optimal Adjustment with Evolving Feasibility Constraints,Room 3,econ.TH
4819,Do co-jumps impact correlations in currency markets?,Room 3,q-fin.ST
4820,"Design Information Disclosure under Bidder Heterogeneity in Online
  Advertising Auctions: Implications of Bid-Adherence Behavior",Room 4,econ.GN
4821,Undersampled Phase Retrieval with Outliers,Room 2,stat.AP
4822,"Concurrence of form and function in developing networks and its role in
  synaptic pruning",Room 6,nlin.AO
4823,Open Input: A New Way for Websites to Grow,Room 1,cs.HC
4824,Towards observable signatures of other bubble universes,Room 11,hep-th
4825,NASNet: A Neuron Attention Stage-by-Stage Net for Single Image Deraining,Room 2,eess.IV
4826,Applications of Cutoff Resolvent Estimates to the Wave Equation,Room 7,math.AP
4827,New Enhanced Chaotic Number Generators,Room 5,math.DS
4828,Approximate Bayesian Computation via Regression Density Estimation,Room 1,stat.CO
4829,Polynomials with a common composite,Room 7,math.AG
4830,Fundamental Portfolio Outperforms the Market Portfolio,Room 3,q-fin.MF
4831,"Wireless Communications and Control for Swarms of Cellular-Connected
  UAVs",Room 10,eess.SP
4832,"Fast L1-Minimization Algorithm for Sparse Approximation Based on an
  Improved LPNN-LCA framework",Room 2,eess.SP
4833,The Overconvergent Site II. Cohomology,Room 7,math.AG
4834,"Passive Multi-Target Tracking Using the Adaptive Birth Intensity PHD
  Filter",Room 1,eess.SY
4835,"On deforming a sector of a circular cylindrical tube into an intact
  tube: existence, uniqueness, and stability",Room 11,nlin.PS
4836,Spectral and Dynamic Consequences of Network Specialization,Room 6,nlin.AO
4837,Inter-Satellite Communication System based on Visible Light,Room 11,eess.SP
4838,Mapping the Energetic Structure of Climate Transitions for Policy Relevant Regime Detection,Room 4,econ.TH
4839,Modeling Epidermis Homeostasis and Psoriasis Pathogenesis,Room 6,q-bio.MN
4840,"Fusion of time of arrival and time difference of arrival for
  ultra-wideband indoor localization",Room 10,eess.SP
4841,"Econophysics, Statistical Mechanics Approach to",Room 3,q-fin.ST
4842,"On the spatial correlation between areas of high coseismic slip and
  aftershock clusters of the Maule earthquake Mw=8.8",Room 1,stat.AP
4843,"Assessing the Impact of Patent Attributes on the Value of Discrete and
  Complex Innovations",Room 3,econ.GN
4844,"Unsatisfiable (k,(4*2^k/k))-CNF formulas",Room 7,cs.DM
4845,"Real Option AI: Reversibility, Silence, and the Release Ladder",Room 3,econ.TH
4846,Escaping Arrow's Theorem: The Advantage-Standard Model,Room 4,econ.TH
4847,"On numerical averaging of the conductivity coefficient using two-scale
  extensions",Room 5,math.AP
4848,Stringy Jacobi fields in Morse theory,Room 7,math-ph
4849,Wilcoxon Rank-Based Tests for Clustered Data with R Package clusrank,Room 1,stat.CO
4850,"Two Algorithms for Solving A General Backward Pentadiagonal Linear
  Systems",Room 5,cs.SC
4851,Visual-speech Synthesis of Exaggerated Corrective Feedback,Room 12,eess.AS
4852,Estimation of Zero Intelligence Models by L1 Data,Room 3,stat.AP
4853,Local rigidity in quaternionic hyperbolic space,Room 7,math.DG
4854,"View fusion vis-\`a-vis a Bayesian interpretation of Black-Litterman for
  portfolio allocation",Room 1,q-fin.PM
4855,A Practical Algorithm for Reconstructing Level-1 Phylogenetic Networks,Room 6,q-bio.PE
4856,Wright's adaptive landscape versus Fisher's fundamental theorem,Room 6,q-bio.PE
4857,"Can Base ChatGPT be Used for Forecasting without Additional
  Optimization?",Room 1,econ.GN
4858,The Benefits and Costs of Social Distancing in Rich and Poor Countries,Room 4,econ.GN
4859,Transforming Graph Representations for Statistical Relational Learning,Room 2,stat.ML
4860,Multi-scale Microaneurysms Segmentation Using Embedding Triplet Loss,Room 2,eess.IV
4861,"Lattice equations arising from discrete Painlev\'e systems (I):
  $(A_2+A_1)^{(1)}$ and $(A_1+A_1')^{(1)}$ cases",Room 5,nlin.SI
4862,The slice-ribbon conjecture for 3-stranded pretzel knots,Room 7,math.GT
4863,VLSI Design of a 3-bit Constant-Modulus Precoder for Massive MU-MIMO,Room 10,eess.SP
4864,Introducing Automated Regression Testing in Open Source Projects,Room 12,cs.SE
4865,"Volume-energy correlations in the slow degrees of freedom of
  computer-simulated phospholipid membranes",Room 8,physics.bio-ph
4866,"Rockets and feathers meet Joseph: Reinvestigating the oil-gasoline
  asymmetry on the international markets",Room 3,q-fin.ST
4867,Correlation-Robust Optimal Auctions,Room 4,econ.TH
4868,GPU-based fast gamma index calcuation,Room 1,physics.med-ph
4869,Greater data science at baccalaureate institutions,Room 12,stat.OT
4870,Persuasion in Networks: Can the Sender Do Better than Using Public Signals?,Room 4,econ.TH
4871,"Dreaming machine learning: Lipschitz extensions for reinforcement
  learning on financial markets",Room 3,q-fin.ST
4872,Linear groups of finite Morley rank,Room 7,math.LO
4873,Defense against adversarial attacks on spoofing countermeasures of ASV,Room 12,eess.AS
4874,EU Economic Modelling System,Room 3,econ.GN
4875,Accelerating Auxiliary Function-based Independent Vector Analysis,Room 2,eess.AS
4876,Self-excited Threshold Poisson Autoregression,Room 1,stat.ME
4877,Robust synchronization of electric power generators,Room 10,eess.SY
4878,On the discrete spectrum of a spatial quantum waveguide with a disc window,Room 5,math.SP
4879,"Frustration induced transient chaos, fractal and riddled basins in
  coupled limit cycle oscillators",Room 12,nlin.AO
4880,Passage Times for Polymer Translocation Pulled through a Narrow Pore,Room 8,cond-mat.soft
4881,"Financial Brownian particle in the layered order book fluid and
  Fluctuation-Dissipation relations",Room 4,q-fin.TR
4882,Matrix Methods for Solving Algebraic Systems,Room 10,cs.MS
4883,How to suppress undesired synchronization,Room 6,nlin.AO
4884,"Recovering Network Structure from Aggregated Relational Data using
  Penalized Regression",Room 1,econ.EM
4885,"Thermal switching of indirect interlayer exchange in magnetic
  multilayers",Room 8,physics.app-ph
4886,The forest consensus theorem,Room 10,cs.MA
4887,"Science for Peace in the Benefit of Humankind. The Hippocratic Oath for
  Scientists concept",Room 11,physics.hist-ph
4888,"On X-ray scattering model for single particles, Part I: The legacy of
  protein crystallography",Room 11,q-bio.BM
4889,"Comment on 'Evolution of the unidirectional electromagnetic pulses in an
  anisotropic two-level medium'",Room 8,nlin.SI
4890,Mechanical Bounds to Transcriptional Noise,Room 6,q-bio.SC
4891,"Role of functionality in two-component signal transduction: A stochastic
  study",Room 6,q-bio.SC
4892,"Towards Machine Learning-based Quantitative Hyperspectral Image Guidance
  for Brain Tumor Resection",Room 2,q-bio.TO
4893,Measurable & Scalable NFRs using Fuzzy Logic and Likert Scale,Room 1,cs.SE
4894,The empirical properties of large covariance matrices,Room 3,q-fin.ST
4895,"The grid-dose-spreading algorithm for dose distribution calculation in
  heavy charged particle radiotherapy",Room 1,physics.med-ph
4896,Multi and Independent Block Approach in Public Cluster,Room 10,cs.DC
4897,Pseudoduality and Conserved Currents in Sigma Models,Room 5,hep-th
4898,"Mitigation of infectious disease at school: targeted class closure vs
  school closure",Room 4,q-bio.QM
4899,"Optimal Discriminant Functions Based On Sampled Distribution Distance
  for Modulation Classification",Room 2,stat.ML
4900,Rapid rhythmic entrainment in bio-inspired central pattern generators,Room 6,nlin.AO
4901,"A practical light transport system model for chemiluminescence
  distribution reconstruction",Room 2,eess.IV
4902,Improving the resolution of microscope by deconvolution after dense scan,Room 2,eess.IV
4903,"A Boolean Control Network Approach to the Formal Verification of
  Feedback Context-Aware Pervasive Systems",Room 10,eess.SY
4904,"Ion Binding Sites and their Representations by Quasichemical Reduced
  Models",Room 6,q-bio.BM
4905,"Parsimonious Quantile Regression of Financial Asset Tail Dynamics via
  Sequential Learning",Room 3,q-fin.RM
4906,Firm-worker hypergraphs,Room 4,econ.TH
4907,KernSmoothIRT: An R Package for Kernel Smoothing in Item Response Theory,Room 1,stat.CO
4908,"Energy landscape analysis of cardiac fibrillation wave dynamics using
  pairwise maximum entropy model",Room 6,q-bio.TO
4909,"Suppressing noise-induced intensity pulsations in semiconductor lasers
  by means of time-delayed feedback",Room 8,nlin.CD
4910,"Photoacoustic Imaging using Combination of Eigenspace-Based Minimum
  Variance and Delay-Multiply-and-Sum Beamformers: Simulation Study",Room 11,eess.SP
4911,Applications of Quantum Annealing in Statistics,Room 8,stat.CO
4912,Bootstrap inference for panel data quantile regression,Room 4,econ.EM
4913,"The non-equilibrium work relation. Thermodynamic analysis and
  microscopic foundations",Room 5,cond-mat.stat-mech
4914,"Digital double barrier options: Several barrier periods and structure
  floors",Room 3,q-fin.PR
4915,A sampling theory for asymmetric communities,Room 6,q-bio.PE
4916,Bertrand oligopoly in insurance markets with Value at Risk Constraints,Room 3,econ.TH
4917,Anti-phase synchronization in a population of swarmalators,Room 8,nlin.AO
4918,Tracking and vertexing at ATLAS,Room 2,physics.ins-det
4919,Systematic Noise: Micro-movements in Equity Options Markets,Room 3,q-fin.EC
4920,The Importance and Criticality of Spreadsheets in the City of London,Room 12,cs.CY
4921,Product Systems; a Survey with Commutants in View,Room 5,math.OA
4922,AIM 2019 Challenge on Constrained Super-Resolution: Methods and Results,Room 2,eess.IV
4923,"A computational model for histone mark propagation reproduces the
  distribution of heterochromatin in different human cell types",Room 6,q-bio.GN
4924,"Magnetic Behavior of a Mixed Ising Ferrimagnetic Model in an Oscillating
  Magnetic Field",Room 8,cond-mat
4925,How dark is the dark side of diversification?,Room 3,q-fin.RM
4926,"Meaningful, Useful and Legitimate Information in the Use of Index
  Numbers for Decision Making",Room 1,econ.TH
4927,"Determining whether the non-protein-coding DNA sequences are in a
  complex interactive relationship by using an artificial intelligence method",Room 2,q-bio.GN
4928,"The algebra of the general Markov model on phylogenetic trees and
  networks",Room 6,q-bio.PE
4929,A computational systems biology study of the lambda-lac mutants,Room 6,q-bio.MN
4930,Recipes for hedging exotics with illiquid vanillas,Room 3,q-fin.TR
4931,"Attack Identification and Correction for PMU GPS Spoofing in Unbalanced
  Distribution Systems",Room 10,eess.SY
4932,Endogenous inverse demand functions,Room 3,q-fin.MF
4933,"Quantum initial condition sampling for linearized density matrix
  dynamics: Vibrational pure dephasing of iodine in krypton matrices",Room 5,physics.chem-ph
4934,Extensivity and Relativistic Thermodynamics,Room 5,physics.gen-ph
4935,"Stiffness of the C-terminal disordered linker affects the geometry of
  the active site in endoglucanase Cel8A",Room 8,q-bio.BM
4936,"Coupling stochastic EM and Approximate Bayesian Computation for
  parameter inference in state-space models",Room 1,stat.CO
4937,"1H-NMR Study on the Magnetic Order in the Mixture of Two Spin Gap
  Systems (CH3)2CHNH3CuCl3 and (CH3)2CHNH3CuBr3",Room 8,cond-mat.str-el
4938,"A computationally fast alternative to cross-validation in penalized
  Gaussian graphical models",Room 1,stat.ME
4939,Reconfiguration of Distributed Information Fusion System ? A case study,Room 10,cs.DC
4940,Brief Notes and History Computing in Mexico during 50 years,Room 11,cs.GL
4941,"Experimental and numerical investigation of the reflection coefficient
  and the distributions of Wigner's reaction matrix for irregular graphs with
  absorption",Room 5,nlin.CD
4942,Hellinger distance to normal distribution as market invariant,Room 4,q-fin.TR
4943,Locality and stability of the cascades of two-dimensional turbulence,Room 12,nlin.CD
4944,Lower bounds for the volume of hyperbolic $n$-orbifolds,Room 7,math.GT
4945,Game-theoretic Modeling of Players' Ambiguities on External Factors,Room 4,q-fin.EC
4946,"Cavity Enhanced Optical Vernier Spectroscopy, Broad Band, High
  Resolution, High Sensitivity",Room 11,physics.optics
4947,Optimal Stopping with Rank-Dependent Loss,Room 4,math.PR
4948,"Modeling Time-dependent CO$_2$ Intensities in Multi-modal Energy Systems
  with Storage",Room 4,eess.SP
4949,Zygotic combinatorial process in plants,Room 6,q-bio.GN
4950,Note On Endomorphism Algebras Of Separable Monoidal Functors,Room 7,math.CT
4951,Dynamic Warp Resizing in High-Performance SIMT,Room 10,cs.AR
4952,"Phase transition in the genome evolution favours non-random distribution
  of genes on chromosomes",Room 6,q-bio.GN
4953,Pricing Energy Contracts under Regime Switching Time-Changed models,Room 3,q-fin.PR
4954,Variable Selection Incorporating Prior Constraint Information into Lasso,Room 2,stat.ME
4955,"Architecture Optimization of a 3-DOF Translational Parallel Mechanism
  for Machining Applications, the Orthoglide",Room 12,cs.RO
4956,"High-order integral-chain differentiator and application to acceleration
  feedback",Room 12,cs.SY
4957,Regularized brain reading with shrinkage and smoothing,Room 1,stat.AP
4958,"Structured exploration in the finite horizon linear quadratic dual
  control problem",Room 10,eess.SY
4959,"Enhancing reproducibility and collaboration via management of R package
  cohorts",Room 12,stat.CO
4960,"Assessing surrogate endpoints in vaccine trials with case-cohort
  sampling and the Cox model",Room 1,stat.AP
4961,Optimal environmental tax swaps and double dividend hypothesis,Room 4,q-fin.EC
4962,Supervised Feature Selection via Dependence Estimation,Room 1,cs.LG
4963,"Asymmetric Adaptivity induces Recurrent Synchronization in Complex
  Networks",Room 6,nlin.AO
4964,Locating the source of projectile fluid droplets,Room 1,physics.pop-ph
4965,Efficient chaining of seeds in ordered trees,Room 6,q-bio.QM
4966,"On Uniqueness of Boundary Blow-up Solutions of a Class of Nonlinear
  Elliptic Equations",Room 7,math.AP
4967,"MeFiT: Merging and Filtering Tool for Illumina Paired-End Reads for 16S
  rRNA Amplicon Sequencing",Room 2,q-bio.GN
4968,"Scale-free Collaborative Protocol Design for Synchronization of
  Homogeneous and Heterogeneous Discrete-time Multi-agent Systems",Room 10,eess.SY
4969,"A baseline model for computationally inexpensive speech recognition for
  Kazakh using the Coqui STT framework",Room 12,eess.AS
4970,"Novel Architecture of Pipeline Radix 2 power of 2 SDF FFT Based on
  Digit-Slicing Technique",Room 11,eess.SP
4971,Network and timing effects in social learning,Room 4,econ.TH
4972,Fast DCTTS: Efficient Deep Convolutional Text-to-Speech,Room 2,eess.AS
4973,"Bayesian inference and model choice in a hidden stochastic
  two-compartment model of hematopoietic stem cell fate decisions",Room 6,stat.AP
4974,"Darboux points and integrability of homogeneous Hamiltonian systems with
  three and more degrees of freedom. Nongeneric cases",Room 7,nlin.SI
4975,"High-Dimensional Longitudinal Classification with the Multinomial Fused
  Lasso",Room 2,stat.AP
4976,Waiting for Trade in Markets with Aggregate Uncertainty,Room 4,econ.TH
4977,Single-pixel imaging with origami pattern construction,Room 2,eess.IV
4978,Spatiotemporal Modeling of Node Temperatures in Supercomputers,Room 10,stat.AP
4979,"Quasi-Periodic WaveNet: An Autoregressive Raw Waveform Generative Model
  with Pitch-dependent Dilated Convolution Neural Network",Room 2,eess.AS
4980,"Miura transformations for discrete Painlev\'e equations coming from the
  affine E$_8$ Weyl group",Room 5,nlin.SI
4981,Maximum likelihood estimation in the two-state Markovian arrival process,Room 1,stat.CO
4982,"Viscosity Solutions and American Option Pricing in a Stochastic
  Volatility Model of the Ornstein-Uhlenbeck Type",Room 12,q-fin.CP
4983,"Adiabatic pumping through a quantum dot in the Kondo regime: Exact
  results at the Toulouse limit",Room 8,cond-mat.mes-hall
4984,"New Iterative Methods for Interpolation, Numerical Differentiation and
  Numerical Integration",Room 5,math.NA
4985,"A Proposal to Classify Latinamerican Scientific Journals using Citation
  Indicators: Case Study in Colombia",Room 12,cs.DL
4986,"Comment to the paper ""Radiation induced by relativistic electrons
  propagating through random layered stacks: Numerical simulation results"" by
  A.A.Varfolomeev and et al NIM B 256,705 (2007)",Room 5,physics.acc-ph
4987,High-dimensional Filtering using Nested Sequential Monte Carlo,Room 1,stat.CO
4988,Verhulst's logistic curve,Room 12,math.HO
4989,Average fold-change of genetic pathways in biological transitions,Room 2,q-bio.TO
4990,Twisted Alexander polynomial of links in the projective space,Room 7,math.GT
4991,AFP-Net: Realtime Anchor-Free Polyp Detection in Colonoscopy,Room 2,eess.IV
4992,"Hyperparameter Tuning for Causal Inference with Double Machine Learning:
  A Simulation Study",Room 1,econ.EM
4993,Pricing Bounds for VIX Derivatives via Least Squares Monte Carlo,Room 3,q-fin.CP
4994,"Bayesian Covariance Matrix Estimation using a Mixture of Decomposable
  Graphical Models",Room 1,stat.ME
4995,"Tracing the Reionization-Epoch Intergalactic Medium with Metal
  Absorption Lines",Room 12,astro-ph.CO
4996,"Parallel computation of the rank of large sparse matrices from algebraic
  K-theory",Room 5,math.KT
4997,"High-Dimensional Menger-Type Curvatures-Part II: d-Separation and a
  Menagerie of Curvatures",Room 5,math.MG
4998,"Push & Pull: autonomous deployment of mobile sensors for a complete
  coverage",Room 10,cs.NI
4999,"Recursive computation for evaluating the exact $p$-values of temporal
  and spatial scan statistics",Room 1,stat.CO
5000,"A statistical analysis of memory CD8 T cell differentiation: An
  application of a hierarchical state space model to a short time course
  microarray experiment",Room 1,stat.AP
5001,"Fast dimension-reduced climate model calibration and the effect of data
  aggregation",Room 1,stat.AP
5002,"Calibration and filtering for multi factor commodity models with
  seasonality: incorporating panel data from futures contracts",Room 3,q-fin.CP
5003,"A mathematical model of contact inhibition of locomotion: coupling
  contractility and focal adhesions",Room 6,q-bio.CB
5004,"Sample eigenvalue based detection of high dimensional signals in white
  noise using relatively few samples",Room 2,math.ST
5005,"Scaling of graphene field-effect transistors supported on hexagonal
  boron nitride: radio-frequency stability as a limiting factor",Room 8,physics.app-ph
5006,"Learning a Probabilistic Strategy for Computational Imaging Sensor
  Selection",Room 2,eess.IV
5007,"Sparse regression algorithm for activity estimation in $\gamma $
  spectrometry",Room 1,stat.ME
5008,"Low Cost PC Based Real Time Data Logging System Using PCs Parallel Port
  For Slowly Varying Signals",Room 2,cs.AR
5009,"Rapid Transitions with Robust Accelerated Delayed Self Reinforcement for
  Consensus-Based Networks",Room 10,eess.SY
5010,"Locally Linear Embedding and fMRI feature selection in psychiatric
  classification",Room 2,eess.IV
5011,From DNA sequence analysis to modeling replication in the human genome,Room 6,q-bio.GN
5012,Stain Style Transfer using Transitive Adversarial Networks,Room 2,eess.IV
5013,Regularity theory for fully nonlinear integro-differential equations,Room 5,math.AP
5014,Robust Identification in Randomized Experiments with Noncompliance,Room 4,econ.EM
5015,"Modulational instability, wave breaking and formation of large scale
  dipoles in the atmosphere",Room 5,nlin.CD
5016,"The Transfer of Knowledge from Physics and Mathematics to Engineering
  Applications",Room 11,physics.ed-ph
5017,Ideal Free Distribution in Agents with Evolved Neural Architectures,Room 6,q-bio.PE
5018,"Two-scale numerical simulation of the weakly compressible 1D isentropic
  Euler equations",Room 5,math.NA
5019,Reconstructing Experiences through Sketching,Room 1,cs.HC
5020,Asynchronous Single-Photon 3D Imaging,Room 2,eess.IV
5021,Frictional Unemployment on Labor Flow Networks,Room 4,econ.GN
5022,"A Design of FPGA Based Small Animal PET Real Time Digital Signal
  Processing and Correction Logic",Room 11,eess.SP
5023,Electromagnetic radiation from a laser wakefield accelerator,Room 11,physics.acc-ph
5024,Wrong Priors,Room 1,physics.data-an
5025,The depth of a knot tunnel,Room 7,math.GT
5026,On long increasing chains modulo flat ideals,Room 7,math.LO
5027,"Optimal feature selection for sparse linear discriminant analysis and
  its applications in gene expression data",Room 1,stat.ME
5028,"Stable trimorphic coexistence in a lattice model of spatial competition
  with two site types",Room 6,q-bio.PE
5029,"Maximization of Non-Concave Utility Functions in Discrete-Time Financial
  Market Models",Room 3,q-fin.PM
5030,"A biologically constrained encoding solution for long-term storage of
  images onto synthetic DNA",Room 2,eess.IV
5031,Statistical Physics for Natural Language Processing,Room 7,cs.CL
5032,Enhancing Bayesian risk prediction for epidemics using contact tracing,Room 12,stat.ME
5033,A complete framework for linear filtering of bivariate signals,Room 11,eess.SP
5034,Compressive Spectral Imaging with Diffractive Lenses,Room 2,eess.IV
5035,"Short pulse equations and localized structures in frequency band gaps of
  nonlinear metamaterials",Room 8,nlin.PS
5036,Signaling Games with Costly Monitoring,Room 4,econ.TH
5037,"Comparison of two models of electric neuro-stimulation and consequences
  for the design of retinal prostheses",Room 11,q-bio.NC
5038,"Compressed Air Energy Storage-Part II: Application to Power System Unit
  Commitment",Room 10,eess.SP
5039,Protein conformational dynamics and electronic structure,Room 8,q-bio.BM
5040,Finite Horizon Robust Synthesis Using Integral Quadratic Constraints,Room 10,eess.SY
5041,"Cross-Domain Behavioral Credit Modeling: transferability from private to
  central data",Room 1,q-fin.RM
5042,Measuring the Evolvability Landscape to study Neutrality,Room 6,cs.AI
5043,Computation and Visualisation for large-scale Gaussian updates,Room 1,stat.CO
5044,Semi-supervised clustering methods,Room 2,stat.ME
5045,Decomposition rank and Z-stability,Room 7,math.OA
5046,Fast and Stable Credit Gamma of CVA,Room 3,q-fin.CP
5047,Betting Against (Bad) Beta,Room 3,q-fin.PM
5048,Self-limiting excitation of MEMS devices with surface electrodes,Room 11,nlin.CD
5049,"A shotgun sampling solution for the common input problem in neural
  connectivity inference",Room 6,q-bio.NC
5050,Germany's Tax Revenue and its Total Administrative Cost,Room 4,econ.GN
5051,"Design of optimal illumination patterns in single-pixel imaging using
  image dictionaries",Room 2,eess.IV
5052,"Asymptotic form of molecular continuum wave function for system of
  non-overlapping atomic potentials",Room 8,physics.atom-ph
5053,Un modello di struttura dinamica per ebook scolastici,Room 12,cs.DL
5054,Collaborative knowledge exchange promotes innovation,Room 3,econ.GN
5055,BayesMallows: An R Package for the Bayesian Mallows Model,Room 1,stat.CO
5056,Analytical Framework for Credit Portfolios. Part I: Systematic Risk,Room 3,q-fin.RM
5057,"Data Discovery and Anomaly Detection Using Atypicality: Signal
  Processing Methods",Room 2,eess.SP
5058,Automated Synthesis of Assertion Monitors using Visual Specifications,Room 10,cs.LO
5059,"What is instrumentality in new digital msuical devices ? A contribution
  from cognitive linguistics and psychology",Room 11,cs.HC
5060,Human Spermbots for Cancer-Relevant Drug Delivery,Room 6,q-bio.CB
5061,Minimum Probability Flow Learning,Room 2,cs.LG
5062,How T-cells use large deviations to recognize foreign antigens,Room 1,q-bio.SC
5063,"Modeling sea-level change using errors-in-variables integrated Gaussian
  processes",Room 1,stat.AP
5064,Incontestable Assignments,Room 4,econ.TH
5065,Outliers in dynamic factor models,Room 3,math.ST
5066,"The Underlying Dynamics of Life and Its Evolution: A Prigogine-Inspired
  Informational Dissipative System",Room 6,q-bio.SC
5067,Joint Time-Frequency Scattering for Audio Classification,Room 2,cs.SD
5068,"Investigating ultra-long gravitational waves with measurements of
  pulsars rotational parameters",Room 11,astro-ph.IM
5069,"A Finite Semantics of Simply-Typed Lambda Terms for Infinite Runs of<br>
  Automata",Room 12,cs.LO
5070,"On $(P_5,\bar{P_5})$-sparse graphs and other families",Room 4,cs.DM
5071,"Transform Learning for Magnetic Resonance Image Reconstruction: From
  Model-based Learning to Building Neural Networks",Room 2,eess.IV
5072,"A three-state prediction of single point mutations on protein stability
  changes",Room 6,q-bio.BM
5073,Changing Simplistic Worldviews,Room 4,econ.TH
5074,Gradient-informed basis adaptation for Legendre Chaos expansions,Room 1,stat.CO
5075,On the estimation of the extremal index based on scaling and resampling,Room 3,stat.ME
5076,Stone duality for topological theories,Room 7,math.CT
5077,"Corporate Governance and Firms Financial Performance in the United
  Kingdom",Room 3,q-fin.GN
5078,"Comment on ``Tests of scaling and universality of the distributions of
  trade size and share volume: Evidence from three distinct markets"" by Plerou
  and Stanley, Phys. Rev. E 76, 046109 (2007)",Room 4,q-fin.ST
5079,The Symplectic Penrose Kite,Room 5,math.SG
5080,"Characteristic Direction Approach to Identify Differentially Expressed
  Genes",Room 2,stat.AP
5081,On a Metropolis-Hastings importance sampling estimator,Room 1,stat.CO
5082,Magic Fairy Tales as Source for Interface Metaphors,Room 12,cs.HC
5083,"A globally accelerated numerical method for optical tomography with
  continuous wave source",Room 5,math.NA
5084,Explicit formula for the generating series of diagonal 3D rook paths,Room 7,cs.SC
5085,"A neuroeconomic theory of bidirectional synaptic plasticity and
  addiction",Room 6,q-bio.NC
5086,"Large-scale identification of coevolution signals across homo-oligomeric
  protein interfaces by Direct Coupling Analysis",Room 6,q-bio.BM
5087,"Investigating the Potential of Test-Driven Development for Spreadsheet
  Engineering",Room 12,cs.SE
5088,"Human anaerobic intestinal ""rope"" parasites",Room 6,q-bio.OT
5089,On Optimality Properties of the Shiryaev-Roberts Procedure,Room 1,math.ST
5090,An Optimal Transport Formulation of the Ensemble Kalman Filter,Room 1,eess.SY
5091,"Asymptotic approximation of nonparametric regression experiments with
  unknown variances",Room 4,math.ST
5092,"Patch-based Interferometric Phase Estimation via Mixture of Gaussian
  Density Modelling & Non-local Averaging in the Complex Domain",Room 2,eess.SP
5093,"Fuzzy Logic of Speed and Steering Control System for Three Dimensional
  Line Following of an Autonomous Vehicle",Room 10,cs.RO
5094,Approximate Bayesian Computation with composite score functions,Room 1,stat.CO
5095,"Hydrodynamic Theory of Granular Solids: Permanent, Transient and
  Granular Elasticity",Room 8,cond-mat.soft
5096,Collective dynamics of swarmalators with higher-order interactions,Room 8,nlin.AO
5097,On Gale's Contribution in Revealed Preference Theory,Room 4,econ.TH
5098,A game of hide and seek in networks,Room 4,econ.TH
5099,"Dynamically rescaled Hamiltonian Monte Carlo for Bayesian Hierarchical
  Models",Room 1,stat.CO
5100,"Design of an Efficient Single-Stage and 2-Stages Class-E Power Amplifier
  (2.4GHz) for Internet-of-Things",Room 11,eess.SP
5101,"Maximal hypoellipticity and Dolbeault cohomology representations for
  U(p,q)",Room 7,math.RT
5102,Implications of 3-step swimming patterns in bacterial chemotaxis,Room 6,q-bio.CB
5103,Digital Era: Magic Squares and 8th May 2010 (08.05.2010),Room 5,math.HO
5104,"Characterization of researchers in condensed matter physics using simple
  quantity based on h-index",Room 12,physics.soc-ph
5105,"Changing the mechanical unfolding pathway of FnIII10 by tuning the
  pulling strength",Room 8,q-bio.BM
5106,"Flexible protein-peptide docking using CABS-dock with knowledge about
  the binding site",Room 6,q-bio.BM
5107,Power law in website ratings,Room 1,cs.IR
5108,"Solve the General Constrained Optimal Control Problem with Common
  Integration Method",Room 10,eess.SY
5109,Leakage of rank-dependent functionally generated trading strategies,Room 3,q-fin.PM
5110,An Eye Tracking Study into the Effects of Graph Layout,Room 1,cs.HC
5111,"A Thermodynamic Turing Machine: Artificial Molecular Computing Using
  Classical Reversible Logic Switching Networks",Room 8,cs.CC
5112,SITUP: Scale Invariant Tracking using Average Peak-to-Correlation Energy,Room 2,eess.IV
5113,U-Net Using Stacked Dilated Convolutions for Medical Image Segmentation,Room 2,eess.IV
5114,Quantum Resonances and Ratchets in Free-Falling Frames,Room 5,nlin.CD
5115,"Bias-variance trade-off in portfolio optimization under Expected
  Shortfall with $\ell_2$ regularization",Room 3,q-fin.PM
5116,Security Analysis for Distributed IoT-Based Industrial Automation,Room 10,eess.SY
5117,Is type 1 diabetes a chaotic phenomenon?,Room 6,q-bio.OT
5118,"Greedy D-Approximation Algorithm for Covering with Arbitrary Constraints
  and Submodular Cost",Room 1,cs.DS
5119,Matrix coupling and generalized frustration in Kuramoto oscillators,Room 8,nlin.AO
5120,Perfect IFG-formulas,Room 7,math.LO
5121,Maladaptation and the paradox of robustness in evolution,Room 6,q-bio.PE
5122,"Game options with gradual exercise and cancellation under proportional
  transaction costs",Room 3,q-fin.PR
5123,"Data Distribution Optimization using Offline Algorithms and a
  Peer-to-Peer Small Diameter Tree Architecture with Bounded Node Degrees",Room 10,cs.DC
5124,Advances in Calibration and Imaging Techniques in Radio Interferometry,Room 2,astro-ph.IM
5125,"An Enhanced Mathematical Model for Performance Evaluation of Optical
  Burst Switched Networks",Room 7,cs.NI
5126,On integrability of Weingarten surfaces: a forgotten class,Room 5,nlin.SI
5127,"Climate Change Adaptation in the British Columbia Wine Industry Can
  carbon sequestration technology lower the B.C. Wine Industry's greenhouse gas
  emissions?",Room 4,econ.GN
5128,Adaptive Frequency-limited H2-Model Order Reduction,Room 10,eess.SY
5129,Reflection and Hyper-Programming in Persistent Programming Systems,Room 12,cs.PL
5130,"Improving institutional memory on challenges and methods for estimation
  of pig herd antimicrobial exposure based on data from the Danish Veterinary
  Medicines Statistics Program (VetStat)",Room 1,q-bio.OT
5131,"Bernstein polynomials, Bergman kernels and toric K\""ahler varieties",Room 5,math.CV
5132,Diffusion of Macromolecules across the Nuclear Pore Complex,Room 6,cond-mat.soft
5133,"Context-encoding Variational Autoencoder for Unsupervised Anomaly
  Detection -- Short Paper",Room 2,eess.IV
5134,"A Decision-Theoretic Comparison of Treatments to Resolve Air Leaks After
  Lung Surgery Based on Nonparametric Modeling",Room 1,stat.AP
5135,Phase Transitions in Kyle's Model with Market Maker Profit Incentives,Room 3,q-fin.TR
5136,Covariance matrix filtering with bootstrapped hierarchies,Room 2,q-fin.RM
5137,"Data Sharing in the PRIMED Consortium: Design, implementation, and
  recommendations for future policymaking",Room 2,q-bio.OT
5138,"Characterization of the Oblique Projector $U(VU)^+V$ with Application to
  Constrained Least Squares",Room 5,math.OC
5139,Evolving inductive generalization via genetic self-assembly,Room 6,q-bio.PE
5140,Radon transform on real symmetric varieties: kernel and cokernel,Room 7,math.RT
5141,Agreement with reservation of judgment under risk,Room 4,econ.TH
5142,The Complexity of Games on Higher Order Pushdown Automata,Room 12,cs.GT
5143,Piezooptic Coefficients and Acoustic Wave Velocities in Sn2P2S6 Crystals,Room 8,physics.optics
5144,Algorithmic information theory and martingales,Room 1,math.HO
5145,"Bouncing Towers move faster than Hanoi Towers, but still require
  exponential time",Room 5,cs.GL
5146,Janet's Algorithm,Room 7,math.AC
5147,Service-oriented high level architecture,Room 10,cs.SE
5148,Projective simulation for artificial intelligence,Room 1,nlin.AO
5149,"Robust Output Feedback Stabilization of MIMO Invertible Nonlinear
  Systems with Output-Dependent Multipliers (extended version)",Room 12,eess.SY
5150,"A Discussion on the Algorithm Design of Electrical Impedance Tomography
  for Biomedical Applications",Room 11,eess.SP
5151,An axiomatization of $\Lambda$-quantiles,Room 1,q-fin.MF
5152,"HIV/AIDS Suppression in North America: Intervention Plans and
  Cost-Effectiveness of UNAIDS 90-90-90 and 95-95-95 Targets",Room 1,q-bio.OT
5153,Misspecification in copula-based regression,Room 3,stat.ME
5154,"Short-time critical dynamics of the three-dimensional systems with
  long-range correlated disorder",Room 5,cond-mat.dis-nn
5155,"How a protein searches for its specific site on DNA: the role of
  intersegment transfer",Room 6,q-bio.BM
5156,Periodic-orbit theory of universal level correlations in quantum chaos,Room 5,nlin.CD
5157,"A physiological model of the inflammatory-thermal-pain-cardiovascular
  interactions during a pathogen challenge",Room 6,q-bio.TO
5158,A Taxonomy and Review of Algorithms for Modeling and Predicting Human Driver Behavior,Room 1,eess.SY
5159,"Measurement of eta photoproduction on the proton from threshold to 1500
  MeV",Room 11,nucl-ex
5160,"Lower Quasicontinuity, Joint Continuity and Related concepts",Room 7,math.GN
5161,Valid t-ratio Inference for IV,Room 1,econ.EM
5162,Percolation Models of Self-Organized Critical Phenomena,Room 8,nlin.CD
5163,"Design of the photonic crystal demultiplexers for ultra-short optical
  pulses using the gap-maps analysis",Room 11,physics.optics
5164,"A quasi-polynomial time approximation scheme for Euclidean capacitated
  vehicle routing",Room 4,cs.DM
5165,A formalisation of XMAS,Room 10,cs.AR
5166,"New example of integrable nonlinear coupled equations with exact
  asymptotic singular solution in the context of laser-plasma interaction",Room 11,nlin.SI
5167,"Processor in Non-Volatile Memory (PiNVSM): Towards to Data-centric
  Computing in Decentralized Environment",Room 10,cs.OS
5168,"A semi-parametric Bayesian model of inter- and intra-examiner agreement
  for periodontal probing depth",Room 1,stat.AP
5169,Prediction of Retention Time in Larger Antisense Oligonucleotide Datasets using Machine Learning,Room 2,q-bio.OT
5170,Online Reinforcement Learning for Dynamic Multimedia Systems,Room 10,cs.LG
5171,Isometries of polyhedral Hilbert geometries,Room 7,math.MG
5172,Report on the current state of the French DMLs,Room 5,cs.DL
5173,"The action of the mapping class group on representation varieties of
  PSL(2,R). Case I: The one-holed torus",Room 7,math.GT
5174,The green hydrogen ambition and implementation gap,Room 4,econ.GN
5175,"Learning Topic Models and Latent Bayesian Networks Under Expansion
  Constraints",Room 1,stat.ML
5176,"Plasma Magnetosphere Formation Around Oscillating Magnetized Neutron
  Stars",Room 11,astro-ph.SR
5177,"Rarefaction Waves of the Korteweg-de Vries Equation via Nonlinear
  Steepest Descent",Room 5,nlin.SI
5178,Intra-Day Seasonality in Foreign Exchange Market Transactions,Room 3,q-fin.TR
5179,A Protocol for Messaging to Extraterrestrial Intelligence,Room 11,physics.pop-ph
5180,"The WiggleZ Dark Energy Survey: small-scale clustering of Lyman Break
  Galaxies at z < 1",Room 12,astro-ph.CO
5181,"Best Linear Approximation of Nonlinear Continuous-Time Systems Subject
  to Process Noise and Operating in Feedback",Room 11,eess.SY
5182,"Rapidly detecting disorder in rhythmic biological signals: A spectral
  entropy measure to identify cardiac arrhythmias",Room 6,q-bio.QM
5183,"Motion of Space Curves in Three-dimensional Minkowski Space $R_1^{3}$,
  SO(2,1) Spin Equation and Defocusing Nonlinear Schr\""odinger Equation",Room 5,nlin.SI
5184,"A randomized most powerful test to detect a cheater's action. Applicaton
  to identification of listeriosis in Lombardy",Room 1,stat.AP
5185,Warped Wavelet and Vertical Thresholding,Room 1,math.ST
5186,"Robust Faster-than-Nyquist PDM-mQAM Systems with Tomlinson-Harashima
  Precoding",Room 10,eess.SP
5187,"Changing the paradigm of fixed significance levels: Testing Hypothesis
  by Minimizing Sum of Errors Type I and Type II",Room 1,stat.ME
5188,"Intensities of the Raman bands in the low-frequency spectra of DNA with
  light and heavy counterions",Room 8,q-bio.BM
5189,Permutation binomials over finite fields,Room 7,math.NT
5190,Club Convergence of House Prices: Evidence from China's Ten Key Cities,Room 3,q-fin.ST
5191,$k^*$-Metrizable Spaces and their Applications,Room 7,math.GN
5192,"Honour Thesis: A Joint Value at Risk and Expected Shortfall Combination
  Framework and its Applications in the Cryptocurrency Market",Room 3,q-fin.RM
5193,Stochastic Optimization Algorithms,Room 1,cs.NE
5194,Fluctuations and oscillations in a simple epidemic model,Room 6,q-bio.PE
5195,"Fermionic formulas for (1,p) logarithmic model characters in \Phi_{2,1}
  quasiparticle realisation",Room 7,hep-th
5196,"Toward Distributed Stability Analytics for Power Systems with
  Heterogeneous Bus Dynamics",Room 10,eess.SY
5197,"Homotopy classes of total foliations and bi-contact structures on
  three-manifolds",Room 7,math.GT
5198,No alignment of cattle along geomagnetic field lines found,Room 1,stat.AP
5199,A Spectral Energy Distance for Parallel Speech Synthesis,Room 2,eess.AS
5200,"Essential Closures and AC Spectra for Reflectionless CMV, Jacobi, and
  Schr\""odinger Operators Revisited",Room 5,math.SP
5201,"Power Factor Angle Droop Control-A General Decentralized Control of
  Cascaded inverters",Room 10,eess.SY
5202,"Research on PM emission and energy consumption of mixed traffic flow
  based on cellular automata FI model",Room 4,nlin.CG
5203,"Consistent identification of continuous-time systems under multisine
  input signal excitation",Room 1,eess.SY
5204,Entrainment of Chaos,Room 12,nlin.CD
5205,"Hecke operators in equivariant elliptic cohomology and generalized
  moonshine",Room 7,math.AT
5206,"Modeling of the genetic switch of bacteriophage TP901-1: A heteromer of
  CI and MOR ensures robust bistability",Room 6,q-bio.MN
5207,"Stability of nonconstant stationary solutions in a reaction-diffusion
  equation coupled to the system of ordinary differential equations",Room 6,q-bio.TO
5208,"Noise-Induced Synchronization of a Large Population of Globally Coupled
  Nonidentical Oscillators",Room 8,nlin.AO
5209,Compressed Sensing ECG using Restricted Boltzmann Machines,Room 2,eess.SP
5210,Deformed Toric Ideal Constraints for Stoichiometric Networks,Room 6,q-bio.MN
5211,"Inference of stochastic parameterizations for model error treatment
  using nested ensemble Kalman filters",Room 1,stat.CO
5212,Evolution of the Ubiquitin-Activating Enzyme Uba1 (E1),Room 8,q-bio.OT
5213,"Feedback stabilisation of switched systems via iterative approximate
  eigenvector assignment",Room 10,cs.SY
5214,Kinetic models for socio-economic dynamics of speculative markets,Room 3,q-fin.TR
5215,"C Implementation & comparison of companding & silence audio compression
  techniques",Room 2,cs.MM
5216,"Automatic Brain Tumour Segmentation and Biophysics-Guided Survival
  Prediction",Room 2,eess.IV
5217,"Minimax state estimation for linear discrete-time differential-algebraic
  equations",Room 1,math.OC
5218,Needlet algorithms for estimation in inverse problems,Room 1,math.ST
5219,An Alternative Prior Process for Nonparametric Bayesian Clustering,Room 1,stat.ME
5220,Perturbation Theory,Room 5,physics.class-ph
5221,"A semiparametric scale-mixture regression model and predictive recursion
  maximum likelihood",Room 1,stat.ME
5222,Studies on the Origin and Evolution of Codon Bias,Room 6,q-bio.BM
5223,"An iterative scheme for solving nonlinear equations with monotone
  operators",Room 5,math.NA
5224,Measuring and Monitoring Grid Resource Utilisation,Room 10,cs.DC
5225,"Performance of Turbo Coded OFDM Under the Presence of Various Noise
  Types",Room 10,eess.SP
5226,Spreadsheet Risk - A New Direction for HMRC?,Room 12,cs.CY
5227,Forecasting with Dynamic Panel Data Models,Room 4,econ.EM
5228,"Privatiza\c{c}\~ao de aeroportos: motiva\c{c}\~oes, regula\c{c}\~ao e
  efici\^encia operacional",Room 3,econ.GN
5229,Bacteria inspired patterns grown with hyperbolic cellular automata,Room 6,cs.FL
5230,Cross-moments computation for stochastic context-free grammars,Room 1,cs.CL
5231,On the Jacobian conjecture,Room 5,math.GM
5232,Information-Based Asset Pricing,Room 3,q-fin.PR
5233,Measuring Stochastic Rationality,Room 4,econ.TH
5234,Ab Initio Study of 40Ca with an Importance Truncated No-Core Shell Model,Room 8,nucl-th
5235,"Expert Opinions and Logarithmic Utility Maximization in a Market with
  Gaussian Drift",Room 3,q-fin.PM
5236,An Infrared Census of Star Formation in the Horsehead Nebula,Room 12,astro-ph.SR
5237,"Dynein dynamics at the microtubule plus-ends and cortex during division
  in the C. $\textit{elegans}$ zygote",Room 6,q-bio.SC
5238,Spreadsheet Hell,Room 12,cs.CY
5239,Network topology and collapse of collective stable chaos,Room 8,nlin.AO
5240,Dynamic Metrics of Heart Rate Variability,Room 2,q-bio.QM
5241,Improved bridge constructs for stochastic differential equations,Room 1,stat.CO
5242,Role of anisotropy for protein-protein encounter,Room 8,q-bio.BM
5243,"Non-parametric Estimation of Quadratic Hawkes Processes for Order Book
  Events",Room 3,q-fin.TR
5244,One node driving synchronisation,Room 8,nlin.AO
5245,A generalization of a Cullen's Integral Theorem for the quaternions,Room 5,math.CV
5246,"Effects of Macroion Geometry and Charge Discretization in Charge
  Reversal",Room 5,physics.bio-ph
5247,Quantile Models with Endogeneity,Room 1,stat.AP
5248,"A hidden Markov model for decoding and the analysis of replay in spike
  trains",Room 2,stat.AP
5249,Discrete and Continuum Quantum Gravity,Room 5,hep-th
5250,Dynamics in two networks based on stocks of the US stock market,Room 3,q-fin.ST
5251,"Training Process Reduction Based On Potential Weights Linear Analysis To
  Accelarate Back Propagation Network",Room 1,cs.NE
5252,"Enhancing Valuation of Variable Annuities in L\'evy Models with
  Stochastic Interest Rate",Room 3,q-fin.PR
5253,The Nevai Condition,Room 5,math.SP
5254,"Bidirectional Control of Absence Seizures by the Basal Ganglia: A
  Computational Evidence",Room 6,q-bio.NC
5255,"Achieving Optimal Output Consensus for Discrete-time Linear Multi-agent
  Systems with Disturbance Rejection",Room 10,eess.SY
5256,"Reasoning in Abella about Structural Operational Semantics
  Specifications",Room 12,cs.LO
5257,Multivariate quantile regression,Room 1,econ.EM
5258,"Random Walks on Directed Networks: Inference and Respondent-driven
  Sampling",Room 1,stat.ME
5259,"Universality in the emergence of oscillatory instabilities in turbulent
  flows",Room 12,nlin.AO
5260,"Examples of cohomology manifolds which are not homologically locally
  connected",Room 7,math.AT
5261,"The Nonparanormal: Semiparametric Estimation of High Dimensional
  Undirected Graphs",Room 1,stat.ML
5262,"A Resolution for Shared Memory Conflict in Multiprocessor
  System-on-a-Chip",Room 10,cs.AR
5263,On the 2-typical de Rham-Witt complex,Room 7,math.KT
5264,"Asymmetric Equilibria in Symmetric Multiplayer Prisoners Dilemma
  Supergames",Room 4,econ.TH
5265,"Discrete solitons in self-defocusing systems with
  $\mathcal{PT}$-symmetric defects",Room 8,nlin.PS
5266,"Mixtures of g-Priors for Generalised Additive Model Selection with
  Penalised Splines",Room 1,stat.ME
5267,"Spam: It's Not Just for Inboxes and Search Engines! Making Hirsch
  h-index Robust to Scientospam",Room 1,cs.DL
5268,Incidence Handling and Response System,Room 10,cs.CR
5269,"Robust estimation of location and concentration parameters for the von
  Mises-Fisher distribution",Room 1,stat.ME
5270,Mapping densities in a noisy state space,Room 12,nlin.CD
5271,Composite-kink solutions of coupled nonlinear wave equations,Room 5,nlin.PS
5272,"Coupled dictionary learning for unsupervised change detection between
  multi-sensor remote sensing images",Room 2,eess.IV
5273,Filtering Additive Measurement Noise with Maximum Entropy in the Mean,Room 1,cs.LG
5274,Higher dimensional conundra,Room 10,math.MG
5275,Resistive scales for collisionless reconnection in space plasma,Room 8,physics.space-ph
5276,Interactive 3D Face Stylization Using Sculptural Abstraction,Room 2,cs.GR
5277,"Reconfiguration Strategies for Online Hardware Multitasking in Embedded
  Systems",Room 10,cs.AR
5278,A Model for QCD at High Density and Large Quark Mass,Room 12,hep-lat
5279,On Carmichael's Conjecture,Room 7,math.GM
5280,Self-Teaching Networks,Room 2,eess.AS
5281,Advanced Data Reduction Techniques for MUSE,Room 11,astro-ph.IM
5282,How Many Dissimilarity/Kernel Self Organizing Map Variants Do We Need?,Room 1,stat.ML
5283,"Cryptocurrency Price Prediction and Trading Strategies Using Support
  Vector Machines",Room 3,q-fin.TR
5284,"Soliton localization in Bose-Einstein condensates with time-dependent
  harmonic potential and scattering length",Room 5,cond-mat.quant-gas
5285,"Information Token Driven Machine Learning for Electronic Markets:
  Performance Effects in Behavioral Financial Big Data Analytics",Room 2,q-fin.GN
5286,Credit and Voting,Room 4,econ.GN
5287,"Spectral estimation of the L\'evy density in partially observed affine
  models",Room 1,stat.ME
5288,"Determination of SATI Instrument Filter Parameters by Processing
  Interference Images",Room 11,physics.space-ph
5289,Super Low Traction under EHD and Mixed Lubrication Regimes,Room 11,physics.class-ph
5290,Generalized Lattice Boltzmann Method with multi-range pseudo-potential,Room 8,nlin.CG
5291,"Bounds on Stock Price probability distributions in Local-Stochastic
  Volatility models",Room 3,q-fin.PR
5292,Irregularity-Aware Graph Fourier Transforms,Room 2,eess.SP
5293,"Point-process deconvolution of fMRI reveals effective connectivity
  alterations in chronic pain patients",Room 2,q-bio.NC
5294,"Curves without automorphisms and integral invariants of Calabi-Yau
  three-folds",Room 5,math.SG
5295,Exciton energy transfer in nanotube bundles,Room 8,cond-mat.mtrl-sci
5296,Gravitational Wave Detection Using Redshifted 21-cm Observations,Room 11,astro-ph.CO
5297,"Weak and Semi-Contraction for Network Systems and Diffusively-Coupled
  Oscillators",Room 10,eess.SY
5298,Quasi-exact solutions of nonlinear differential equations,Room 5,nlin.SI
5299,"Directional Cross Diamond Search Algorithm for Fast Block Motion
  Estimation",Room 1,cs.CV
5300,CoSaMP: Iterative signal recovery from incomplete and inaccurate samples,Room 2,math.NA
5301,A Local Concept of Wave Velocities,Room 11,math-ph
5302,"Radiation dynamics in fast soliton collisions in the presence of cubic
  loss",Room 8,nlin.PS
5303,"A quantitative version of the Besicovitch projection theorem via
  multiscale analysis",Room 5,math.CA
5304,Bunching and Taxing Multidimensional Skills,Room 4,econ.GN
5305,"Facilitation and Internalization Optimal Strategy in a Multilateral
  Trading Context",Room 3,q-fin.TR
5306,A Perfect Sampling Method for Exponential Family Random Graph Models,Room 1,stat.CO
5307,Scaled entropy of filtrations of $\sigma$-fields,Room 7,math.PR
5308,Local conjugacy classes for analytic torus flows,Room 5,math.DS
5309,Dynamics in Thompson's Group F,Room 7,math.GR
5310,"Conjectures on exact solution of three - dimensional (3D) simple
  orthorhombic Ising lattices",Room 5,cond-mat.stat-mech
5311,Psychological dimension of adaptive trading in cryptocurrency markets,Room 4,q-fin.TR
5312,Iterative Decision Feedback Equalization Using Online Prediction,Room 2,eess.SP
5313,Multi-view predictive partitioning in high dimensions,Room 2,stat.ML
5314,"English-Lithuanian-English Machine Translation lexicon and engine:
  current state and future work",Room 12,cs.CL
5315,"Weeping and Gnashing of Teeth: Teaching Deep Learning in Image and Video
  Processing Classes",Room 11,eess.IV
5316,Identifying States of a Financial Market,Room 4,q-fin.ST
5317,Complex variables for fractional-order systems,Room 5,eess.SP
5318,Hyperspectral Data Analysis in R: the hsdar Package,Room 2,stat.OT
5319,"On the multiplicity conjecture for non-Cohen-Macaulay simplicial
  complexes",Room 7,math.AC
5320,"Non-invertible transformations for the classification of
  differential-difference equations",Room 5,nlin.SI
5321,Causal Inference for Experiments with Latent Outcomes: Key Results and Their Implications for Design and Analysis,Room 1,econ.EM
5322,"Pain pathogenesis in rheumatoid arthritis -- what have we learned from
  animal models",Room 6,q-bio.TO
5323,Designing Social Learning,Room 4,econ.TH
5324,Joint Spatial and Angular Super-Resolution from a Single Image,Room 2,eess.IV
5325,"A 1D-0D-3D coupled model for simulating blood flow and transport
  processes in breast tissue",Room 8,q-bio.TO
5326,Self-supervised Learning for Speech Enhancement,Room 2,eess.AS
5327,"A probabilistic scheme for joint parameter estimation and state
  prediction in complex dynamical systems",Room 1,stat.CO
5328,The fundamental theorem of complex multiplication,Room 7,math.NT
5329,Can aerosols be trapped in open flows?,Room 8,nlin.CD
5330,"Continuous loading of $^{1}$S$_{0}$ calcium atoms into an optical dipole
  trap",Room 8,physics.atom-ph
5331,"Total Array Gains of Millimeter-Wave Mobile Phone Antennas Under
  Practical Conditions",Room 11,eess.SP
5332,"Solution of option pricing equations using orthogonal polynomial
  expansion",Room 12,q-fin.PR
5333,Differential Meadows,Room 5,math.RA
5334,"Link between allosteric signal transduction and functional dynamics in a
  multi-subunit enzyme: S-adenosylhomocysteine hydrolase",Room 6,q-bio.BM
5335,Estimating Solar Irradiance Using Sky Imagers,Room 11,eess.IV
5336,"Forecasting Macroeconomic Dynamics using a Calibrated Data-Driven
  Agent-based Model",Room 4,econ.GN
5337,Polynomial Term Structure Models,Room 5,q-fin.PR
5338,Deep Phase Shifter for Quantitative Phase Imaging,Room 11,eess.IV
5339,A primer on reflexivity and price dynamics under systemic risk,Room 4,q-fin.GN
5340,"Foundations of a Multi-way Spectral Clustering Framework for Hybrid
  Linear Modeling",Room 2,stat.ML
5341,"Emergence of Price Divergence in a Model Short-Term Electric Power
  Market",Room 3,q-fin.TR
5342,Cuspidal and Noncuspidal Robot Manipulators,Room 12,cs.RO
5343,Atomic-charge distribution in glasses by terahertz spectroscopy,Room 11,cond-mat.dis-nn
5344,Discrete Thermodynamics of Chemical Equilibria,Room 5,physics.chem-ph
5345,An exploratory study of Google Scholar,Room 12,cs.DL
5346,Three-Particle Azimuthal Correlations,Room 11,nucl-ex
5347,Online Learning in Semiparametric Econometric Models,Room 1,econ.EM
5348,ReviewCoin: Paying for Real Work,Room 12,econ.GN
5349,"Distribution of Action Potential Duration and T-wave Morphology: a
  Simulation Study",Room 6,physics.med-ph
5350,Incompressible image registration using divergence-conforming B-splines,Room 2,eess.IV
5351,A phase-space study of jet formation in planetary-scale fluids,Room 8,physics.flu-dyn
5352,"On the Probability of the Existence of Fixed-Size Components in Random
  Geometric Graphs",Room 4,cs.DM
5353,"Long-Time Asymptotics for the Korteweg-de Vries Equation with Steplike
  Initial Data",Room 5,nlin.SI
5354,"An introduction to particle integration methods: with applications to
  risk and insurance",Room 1,q-fin.CP
5355,"Hierarchical modelling of faecal egg counts to assess anthelmintic
  efficacy",Room 1,stat.AP
5356,Reentrant Kondo effect in Landau quantized graphene,Room 8,cond-mat.str-el
5357,Cross Validation for Comparing Multiple Density Estimation Procedures,Room 1,math.ST
5358,Stochastic Deflator for an Economic Scenario Generator with Five Factors,Room 3,q-fin.RM
5359,"The state of health of the Russian population during the pandemic
  (according to sample surveys)",Room 4,econ.GN
5360,On the Identifying Power of Generalized Monotonicity for Average Treatment Effects,Room 1,econ.EM
5361,"Analysis of Seismocardiographic Signals Using Polynomial Chirplet
  Transform and Smoothed Pseudo Wigner-Ville Distribution",Room 2,eess.SP
5362,"Simple model of bouncing ball dynamics. Displacement of the limiter
  assumed as a cubic function of time",Room 12,nlin.CD
5363,"Bernstein Type Results for Lagrangian Graphs with Partially Harmonic
  Gauss Map",Room 7,math.DG
5364,A Bayesian Reinterpretation of Cornfield-Type Sensitivity Analysis: From Thresholds to Probabilities,Room 1,stat.OT
5365,Thermal Effects for Shaft-Pre-Stress on Rotor Dynamic System,Room 10,stat.AP
5366,"On Breaching Enterprise Data Privacy Through Adversarial Information
  Fusion",Room 4,cs.DB
5367,"Modeling of Teager Energy Operated Perceptual Wavelet Packet
  Coefficients with an Erlang-2 PDF for Real Time Enhancement of Noisy Speech",Room 1,eess.AS
5368,Multiple Testing for Exploratory Research,Room 1,stat.ME
5369,Strategic Observational Learning,Room 4,econ.TH
5370,A separable non-remainder of H,Room 7,math.GN
5371,Mutant knots with symmetry,Room 7,math.GT
5372,Smooth and Peaked Solitons of the CH equation,Room 5,nlin.CD
5373,"Model-Reference Reinforcement Learning Control of Autonomous Surface
  Vehicles with Uncertainties",Room 2,eess.SY
5374,Fast Dual Variational Inference for Non-Conjugate LGMs,Room 2,stat.ML
5375,"Dark Solitary Waves in a Class of Collisionally Inhomogeneous
  Bose-Einstein Condensates",Room 8,nlin.PS
5376,Reversible Logic Synthesis of Fault Tolerant Carry Skip BCD Adder,Room 10,cs.AR
5377,Kinetics and thermodynamics of exonuclease-deficient DNA polymerases,Room 1,q-bio.SC
5378,Multi-Agent Programming Contest 2010 - The Jason-DTU Team,Room 4,cs.MA
5379,"Variability in Aggregate Personal Income Across Industrial Sectors
  During COVID-19 Shock: A Time-Series Exploration",Room 3,econ.GN
5380,On the growth of the Bergman kernel near an infinite-type point,Room 7,math.CV
5381,"Backcalculation of the disease-age specific frequency of secondary
  transmission of primary pneumonic plague",Room 4,q-bio.PE
5382,Mapping eQTL networks with mixed graphical Markov models,Room 2,q-bio.QM
5383,Input-Output Tables and Some Theory of Defective Matrices,Room 3,econ.TH
5384,Pattern formation in the damped Nikolaevskiy equation,Room 5,nlin.PS
5385,"Pick and freeze estimation of sensitivity indices for models with
  dependent and dynamic input processes",Room 1,stat.AP
5386,"Spatially resolved THz response as a characterization concept for
  nanowire FETs",Room 8,cond-mat.other
5387,"Mobility of solitons in one-dimensional lattices with the cubic-quintic
  nonlinearity",Room 8,nlin.PS
5388,Coupling Index and Stocks,Room 4,q-fin.PR
5389,"Novel type of orbital ordering: complex orbitals in doped Mott
  insulators",Room 8,cond-mat
5390,Robust portfolio optimization using pseudodistances,Room 3,stat.ME
5391,"Distributed Model Predictive Control with Reconfigurable Terminal
  Ingredients for Reference Tracking",Room 10,eess.SY
5392,Probabilistic Systems with LimSup and LimInf Objectives,Room 4,cs.GT
5393,Active Model Aggregation via Stochastic Mirror Descent,Room 1,stat.ML
5394,On residual and guided proposals for diffusion bridge simulation,Room 1,stat.CO
5395,"Track reconstruction in the emulsion-lead target of the OPERA experiment
  using the ESS microscope",Room 11,physics.ins-det
5396,"Nonlinear Waves in Lattices: Past, Present, Future",Room 8,nlin.PS
5397,"Ultraviolet Shadowing of RNA Causes Substantial Non-Poissonian Chemical
  Damage in Seconds",Room 1,q-bio.BM
5398,Mobility-Aware Smart Charging of Electric Bus Fleets,Room 10,eess.SY
5399,A modified galactose network model with implications for growth,Room 6,q-bio.MN
5400,Unsupervised Adversarial Correction of Rigid MR Motion Artifacts,Room 2,eess.IV
5401,Datalism and Data Monopolies in the Era of A.I.: A Research Agenda,Room 4,econ.GN
5402,"Self-organization processes in laser system with nonlinear absorber and
  external force influence",Room 8,nlin.AO
5403,Principal Component Copulas for Capital Modelling and Systemic Risk,Room 3,q-fin.RM
5404,Towards mathematical spaces for biological processes,Room 5,q-bio.OT
5405,Boltzmann Price: Toward Understanding the Fair Price in High-Frequency Markets,Room 4,q-fin.TR
5406,Feedback models and stability analysis of three economic paradigms,Room 4,q-fin.GN
5407,Isotopic Effects in Nuclear Reactions at Relativistic Energies,Room 11,nucl-ex
5408,"Bounds for the covariance of functions of infinite variance stable
  random variables with applications to central limit theorems and
  wavelet-based estimation",Room 3,math.ST
5409,"One-Shot Speaker Identification for a Service Robot using a CNN-based
  Generic Verifier",Room 12,eess.AS
5410,"Long-Range Response to Transmission Line Disturbances in DC Electricity
  Grids",Room 10,nlin.AO
5411,GPU System Calls,Room 10,cs.OS
5412,"Turnpike Property and Convergence Rate for an Investment and Consumption
  Model",Room 3,q-fin.PM
5413,"Reviewing methods and assumptions for high-resolution large-scale
  onshore wind energy potential assessments",Room 4,econ.GN
5414,"On the scaling of the distribution of daily price fluctuations in
  Mexican financial market index",Room 3,q-fin.ST
5415,From small markets to big markets,Room 3,q-fin.PM
5416,Classical and Quantum Chaos in the Diamond Shaped Billiard,Room 5,nlin.CD
5417,"The green transition of firms: The role of evolutionary competition,
  adjustment costs, transition risk, and green technology progress",Room 3,econ.TH
5418,"Small area estimation of general parameters with application to poverty
  indicators: A hierarchical Bayes approach",Room 4,stat.AP
5419,Lattice polytopes of degree 2,Room 7,math.CO
5420,Global Testing in Multivariate Regression Discontinuity Designs,Room 1,econ.EM
5421,"Memory effects, transient growth, and wave breakup in a model of paced
  atrium",Room 6,q-bio.TO
5422,Exact Statistics of Chaotic Dynamical Systems,Room 5,nlin.CD
5423,"Combinatorial fiber bundles and fragmentation of a fiberwise
  PL-homeomorphism",Room 7,math.GT
5424,Isomorphismusvermutungen und 3-Mannigfaltigkeiten,Room 7,math.KT
5425,How to detect level crossings without looking at the spectrum,Room 5,physics.atom-ph
5426,"On Fractional Eulerian Numbers and Equivalence of Maps with Long Term
  Power-Law Memory (Integral Volterra Equations of the Second Kind) to
  Gr$\ddot{u}$nvald-Letnikov Fractional Difference (Differential) Equations",Room 5,nlin.CD
5427,"Adsorption and grafting on colloidal interfaces studied by scattering
  techniques",Room 11,cond-mat.soft
5428,Einstein and early 20th Century avant-garde art: points of contact?,Room 11,physics.hist-ph
5429,"Spontaneous coordinated activity in cultured networks: Analysis of
  multiple ignition sites, primary circuits, burst phase delay distributions
  and functional structures",Room 6,q-bio.NC
5430,Searching for Cost Optimized Interstellar Beacons,Room 11,physics.pop-ph
5431,Quality Classifiers for Open Source Software Repositories,Room 12,cs.SE
5432,"Identified particle measurements at large transverse momenta from p+p to
  Au+Au collisions at RHIC",Room 11,nucl-ex
5433,"Integration of a Balanced Virtual Manikin in a Virtual Reality Platform
  aimed at Virtual Prototyping",Room 12,cs.RO
5434,"Perfect simulation of spatial point processes using dominated coupling
  from the past with application to a multiscale area-interaction point process",Room 5,stat.ME
5435,MRI denoising using Deep Learning and Non-local averaging,Room 2,eess.IV
5436,Generic Oval Billiards,Room 5,math.DS
5437,"Online-concordance ""Perekhresni stezhky"" (""The Cross-Paths""), a novel by
  Ivan Franko",Room 7,cs.CL
5438,Introduction to the Galois Theory of Linear Differential Equations,Room 5,math.CA
5439,New Reconfigurable L-Band Digital Aeronautical Communication System,Room 10,eess.SP
5440,"The Complexity of Synaptic Transmission Revealed by a Multiscale
  Analysis Approach From The Molecular to The Cellular Level",Room 6,q-bio.NC
5441,Wishbone bus Architecture - A Survey and Comparison,Room 10,cs.AR
5442,"Reduction of continuous symmetries of chaotic flows by the method of
  slices",Room 5,nlin.CD
5443,Maximizing PageRank via outlinks,Room 1,cs.IR
5444,"A 2D quantum antiferromagnet with a four-fold degenerate
  valence-bond-solid ground state",Room 8,quant-ph
5445,"Nonparametric estimation of mark's distribution of an exponential
  Shot-noise process",Room 1,stat.AP
5446,"Computationally efficient algorithms for statistical image processing.
  Implementation in R",Room 2,stat.CO
5447,A measure of skewness for testing departures from normality,Room 1,stat.CO
5448,"Power Control and Frequency Band Selection Policies for Underlay MIMO
  Cognitive Radio",Room 10,eess.SP
5449,Interactive Submodular Set Cover,Room 1,cs.LG
5450,Topological network alignment uncovers biological function and phylogeny,Room 6,q-bio.MN
5451,Improving multivariate Horner schemes with Monte Carlo tree search,Room 10,cs.SC
5452,"Adaptive Backstepping Chaos Synchronization of Fractional order Coullet
  Systems with Mismatched Parameters",Room 5,nlin.CD
5453,"Optimal Risk-Averse Timing of an Asset Sale: Trending vs Mean-Reverting
  Price Dynamics",Room 3,q-fin.MF
5454,Semidiscrete quantum droplets and vortices,Room 8,nlin.PS
5455,Dynamic Games with Almost Perfect Information,Room 4,q-fin.EC
5456,Entropy and Uncertainty Analysis in Financial Markets,Room 3,q-fin.ST
5457,Optimal Trading with a Trailing Stop,Room 3,q-fin.MF
5458,Surfaces from Circles,Room 5,math.DG
5459,"Quantifying cancer epithelial-mesenchymal plasticity and its association
  with stemness and immune response",Room 6,q-bio.CB
5460,"Analytical and simulation studies of pedestrian flow at a crossing with
  random update rule",Room 10,nlin.CG
5461,"Data hiding in complex-amplitude modulation using a digital micromirror
  device",Room 2,eess.IV
5462,"Quaternionic Analysis, Representation Theory and Physics",Room 5,math.RT
5463,"Yield scaling, size hierarchy and fluctuations of observables in
  fragmentation of excited heavy nuclei",Room 11,nucl-ex
5464,Kalman Filtering with Equality and Inequality State Constraints,Room 1,math.OC
5465,Prices and Asymptotics for Discrete Variance Swaps,Room 3,q-fin.PR
5466,"Progressive Mauve: Multiple alignment of genomes with gene flux and
  rearrangement",Room 6,q-bio.GN
5467,"Dynamic and Context-Dependent Stock Price Prediction Using Attention
  Modules and News Sentiment",Room 3,q-fin.CP
5468,A Brief Review on Models for Performance Evaluation in DSS Architecture,Room 10,cs.PF
5469,Thirring Model with Jump Defect,Room 5,nlin.SI
5470,"Optimizing Neural Networks for Bermudan Option Pricing: Convergence
  Acceleration, Future Exposure Evaluation and Interpolation in Counterparty
  Credit Risk",Room 3,q-fin.CP
5471,Frames of subspaces and operators,Room 5,math.FA
5472,"Fault Diagnosis and Bad Data Detection of Power Transmission Network - A
  Time Domain Approach",Room 10,eess.SP
5473,"Distributed Stochastic Approximation: Weak Convergence and Network
  Design",Room 10,stat.AP
5474,"Dynamical criticality in the collective activity of a population of
  retinal neurons",Room 6,q-bio.NC
5475,Cryptanalysis of SDES via evolutionary computation techniques,Room 10,cs.CR
5476,"Testing for Restricted Stochastic Dominance under Survey Nonresponse
  with Panel Data: Theory and an Evaluation of Poverty in Australia",Room 4,econ.EM
5477,"The extension of Buckley-Feuring solutions for non-polynomial fuzzy
  partial differential equations",Room 5,math.OC
5478,"Proceedings Ninth International Workshop on Reduction Strategies in
  Rewriting and Programming",Room 12,cs.PL
5479,"Simulating Genomes and Populations in the Mutation Space: An example
  with the evolution of HIV drug resistance",Room 6,q-bio.PE
5480,Support theorems for the Radon transform and Cram\'er-Wold theorems,Room 7,math.GM
5481,"Life is not on the edge of chaos but in a half-chaos of not fully random
  systems. Definition and simulations of the half-chaos in complex networks",Room 6,nlin.AO
5482,"Emergent Network Structure, evolvable Robustness and non-linear Effects
  of Point Mutations in an Artificial Genome Model",Room 6,q-bio.MN
5483,"Discrete Map with Memory from Fractional Differential Equation of
  Arbitrary Positive Order",Room 5,nlin.CD
5484,"Secure Control in Partially Observable Environments to Satisfy LTL
  Specifications",Room 4,eess.SY
5485,Solubilization of Proteins in 2DE: An Outline,Room 8,q-bio.GN
5486,A Technical Report On Grid Benchmarking using ATLAS V.O,Room 10,cs.PF
5487,"Large gender and age differences in hand disinfection behavior during
  the COVID-19 pandemic: Field data from Swiss retail stores",Room 4,econ.GN
5488,"Implementation of Artifact Detection in Critical Care: A Methodological
  Review",Room 2,eess.SP
5489,"PhyloPythiaS+: A self-training method for the rapid reconstruction of
  low-ranking taxonomic bins from metagenomes",Room 2,q-bio.QM
5490,"A superfluid helium converter for accumulation and extraction of
  ultracold neutrons",Room 11,nucl-ex
5491,"Some aspects of infinite range models of spin glasses: theory and
  numerical simulations",Room 8,cond-mat.dis-nn
5492,"Grid-Connected Photovoltaic System for Active and Reactive Power
  Management",Room 10,physics.app-ph
5493,Investing and Stopping,Room 3,q-fin.PM
5494,"Counting statistics in multiple path geometries and the fluctuations of
  the integrated current in a quantum stirring device",Room 8,quant-ph
5495,Using SVM to Estimate and Predict Binary Choice Models,Room 1,econ.EM
5496,"""Iff"" is not expressible in independence-friendly logic",Room 7,math.LO
5497,"Adversarial Pulmonary Pathology Translation for Pairwise Chest X-ray
  Data Augmentation",Room 2,eess.IV
5498,Computing the Least Fixed Point of Positive Polynomial Systems,Room 5,cs.NA
5499,Strategies for the Design of a Slide-o-Cam Transmission,Room 12,cs.RO
5500,"The Weibull - Log Weibull Distribution for Interoccurrence Times of
  Earthquakes",Room 1,physics.geo-ph
5501,Nonlinear PDEs and Scale Dependence,Room 12,math.AP
5502,Comparing latent inequality with ordinal data,Room 1,econ.EM
5503,"Criticality in conserved dynamical systems: Experimental observation vs.
  exact properties",Room 5,nlin.AO
5504,Evaluation to Chinese marine economy in the coastal areas,Room 4,econ.GN
5505,"PETRELS: Parallel Subspace Estimation and Tracking by Recursive Least
  Squares from Partial Observations",Room 2,stat.ME
5506,A Problem in Last-Passage Percolation,Room 5,math.PR
5507,"Individual Updating of Subjective Probability of Homicide Victimization:
  a ""Natural Experiment'' on Risk Communication",Room 1,econ.EM
5508,"Cooperative Energy Efficient Power Allocation Algorithm for downlink
  massive MIMO",Room 10,eess.SP
5509,When to sell an indivisible object: Optimal timing with Markovian buyers,Room 4,econ.TH
5510,"Efficient Detectors for MIMO-OFDM Systems under Spatial Correlation
  Antenna Arrays",Room 11,eess.SP
5511,Deep Hedging under Rough Volatility,Room 3,q-fin.CP
5512,Statistical and Clinical Aspects of Hospital Outcomes Profiling,Room 1,stat.ME
5513,What aggregation rules can be classified as logical concepts?,Room 7,econ.TH
5514,Tukey's transformational ladder for portfolio management,Room 3,q-fin.PM
5515,"Rawls' Fairness, Income Distribution and Alarming Level of Gini
  Coefficient",Room 4,q-fin.GN
5516,"Standing on the Shoulders of Machine Learning: Can We Improve Hypothesis
  Testing?",Room 2,econ.EM
5517,Highway Hull Revisited,Room 4,cs.CG
5518,HEP data analysis using jHepWork and Java,Room 11,cs.CE
5519,Collective motion in quantum diffusive environment,Room 8,nucl-th
5520,"A Customized System to Assess Foot Plantar Pressure: A Case Study on
  Calloused and Normal Feet",Room 1,eess.SP
5521,PAC-Bayesian Bounds for Randomized Empirical Risk Minimizers,Room 1,stat.ML
5522,The Three Hat Problem,Room 4,math.HO
5523,Multi-scale Mining of fMRI data with Hierarchical Structured Sparsity,Room 1,stat.ML
5524,On the algebraic classification of K-local spectra,Room 7,math.AT
5525,Technical report : Risk-neutral density recovery via spectral analysis,Room 3,q-fin.CP
5526,"A mutual information-based in vivo monitoring of adaptive response to
  targeted therapies in melanoma",Room 6,q-bio.TO
5527,"The interplay between tissue healing and bone remodeling around
  immediately loaded tooth replacement implants",Room 11,q-bio.TO
5528,"Distributed Small-Signal Stability Conditions for Inverter-Based
  Unbalanced Microgrids",Room 10,eess.SY
5529,The eigenvalues of the Laplacian on domains with small slits,Room 5,math.SP
5530,On Symplectic Optimization,Room 1,stat.CO
5531,Multisymplectic and polysymplectic structures on fiber bundles,Room 7,math.DG
5532,Nanosilica mops up host lipids and fights baculovirus: a B. mori model,Room 6,q-bio.BM
5533,"Sequential Bayesian inference for static parameters in dynamic state
  space models",Room 3,stat.CO
5534,A New Vectorization Technique for Expression Templates in C++,Room 10,cs.MS
5535,"Identification of Utility-Scale Renewable Energy Penetration Threshold
  in a Dynamic Setting",Room 10,eess.SY
5536,"Numerical Solution of Differential Equations by the Parker-Sochacki
  Method",Room 5,physics.pop-ph
5537,On minimal non-potentially closed subsets of the plane,Room 7,math.LO
5538,"Energy localization on q-tori, long term stability and the
  interpretation of FPU recurrences",Room 8,nlin.CD
5539,Anytime Planning: A Motion Planner for Dynamic Environment,Room 10,eess.SY
5540,"Truth and memory: Linking instantaneous and retrospective self-reported
  cigarette consumption",Room 1,stat.AP
5541,Dynamics near a minimal-mass soliton for a Korteweg-de Vries equation,Room 8,nlin.PS
5542,Cognitive States of Potentiality in Art-making,Room 11,q-bio.NC
5543,Investor Experiences and Financial Market Dynamics,Room 3,q-fin.EC
5544,Nonlinear response of a linear chain to weak driving,Room 5,nlin.PS
5545,"Theory for superconductivity in a magnetic field: A local approximation
  approach",Room 8,cond-mat.supr-con
5546,"Interaction Ruling Animal Collective Behaviour Depends on Topological
  rather than Metric Distance: Evidence from a Field Study",Room 6,q-bio.PE
5547,Distilling the Knowledge in a Neural Network,Room 2,stat.ML
5548,High Performance Solutions for Big-data GWAS,Room 2,q-bio.GN
5549,Conditional Model Selection in Mixed-Effects Models with cAIC4,Room 1,stat.CO
5550,Status of the ILC Main Linac BPM R&D,Room 11,physics.acc-ph
5551,Estimation of Viterbi path in Bayesian hidden Markov models,Room 1,stat.CO
5552,Tight Bounds and Faster Algorithms for Directed Max-Leaf Problems,Room 10,cs.DS
5553,Search for photons at the Pierre Auger Observatory,Room 11,astro-ph.HE
5554,Abstract homotopical methods for theoretical computer science,Room 7,math.AT
5555,Hypergroups with Unique Alpha-Means,Room 5,math.GR
5556,"Interpretable Aircraft Engine Diagnostic via Expert Indicator
  Aggregation",Room 2,stat.ML
5557,"Unsupervised Frequency Tracking beyond the Nyquist Limit using Markov
  Chains",Room 2,stat.AP
5558,"High-frequency Density Nowcasts of U.S. State-Level Carbon Dioxide
  Emissions",Room 4,econ.EM
5559,Virtual reality: A human centered tool for improving Manufacturing,Room 12,cs.RO
5560,Power-law scaling in protein synthesis of a stochastic regulon,Room 6,q-bio.CB
5561,Design of Sampling Set for Bandlimited Graph Signal Estimation,Room 2,eess.SP
5562,"Simulating Organogenesis in COMSOL: Parameter Optimization for PDE-based
  models",Room 6,q-bio.QM
5563,"Origin of the anomalous Slater-Pauling curve in cobalt-manganese alloy
  clusters",Room 8,physics.atm-clus
5564,Visualization in Connectomics,Room 2,cs.GR
5565,"Detecting Time-dependent Structure in Network Data via a New Class of
  Latent Process Models",Room 2,stat.ME
5566,"Gravity-induced electric polarization of matter and planetary magnetic
  fields",Room 7,physics.geo-ph
5567,"Development and Evaluation of Video Recordings for the OLSA Matrix
  Sentence Test",Room 2,eess.AS
5568,"Closed-Loop Two-Stage Stochastic Optimization of Offshore Wind Farm
  Collection System",Room 10,eess.SY
5569,"Stabilisation of dynamics of oscillatory systems by non-autonomous
  perturbation",Room 8,nlin.AO
5570,"Short desynchronization episodes prevail in synchronous dynamics of
  human brain rhythms",Room 12,q-bio.NC
5571,Geo-Somatic Resonance Theory: A Vibrational Framework for Sleep as Planetary Entrainment,Room 6,q-bio.OT
5572,Bound of dissipation on a plane Couette dynamo,Room 8,physics.flu-dyn
5573,"Constrained nonlinear output regulation using model predictive control
  -- extended version",Room 10,eess.SY
5574,Refinement Equations and Spline Functions,Room 7,math.NA
5575,Managing Varying Worst Case Execution Times on DVS Platforms,Room 10,cs.OS
5576,"Capturing the power options smile by an additive two-factor model for
  overlapping futures prices",Room 4,q-fin.MF
5577,"An integrated approach to simulating the vulnerable atherosclerotic
  plaque",Room 2,q-bio.TO
5578,Weak quantization of Poisson structures,Room 7,math.QA
5579,Cross-Sectional Dynamics Under Network Structure: Theory and Macroeconomic Applications,Room 3,econ.EM
5580,"A Note on ""A Family of Maximum Entropy Densities Matching Call Option
  Prices""",Room 3,q-fin.PR
5581,"The use of dynamic distance potential fields for pedestrian flow around
  corners",Room 1,cs.MA
5582,Cohomology of the minimal nilpotent orbit,Room 7,math.RT
5583,"Exact Solutions and Flow--Density Relations for a Cellular Automaton
  Variant of the Optimal Velocity Model with the Slow-to-Start Effect",Room 10,nlin.CG
5584,A Collaborative Kalman Filter for Time-Evolving Dyadic Processes,Room 1,stat.ML
5585,"DNA sequence correlations shape nonspecific transcription factor-DNA
  binding affinity",Room 6,q-bio.BM
5586,"A Novel Sequence-Based Antigenic Distance Measure for H1N1, with
  Application to Vaccine Effectiveness and the Selection of Vaccine Strains",Room 6,q-bio.PE
5587,On the Profitability of Optimal Mean Reversion Trading Strategies,Room 3,q-fin.PM
5588,"Algebraic cycles on the relative symmetric powers and on the relative
  Jacobian of a family of curves. I",Room 7,math.AG
5589,Random Subspace Learning Approach to High-Dimensional Outliers Detection,Room 2,stat.ML
5590,"Self-organizing, two-temperature Ising model describing human
  segregation",Room 5,physics.soc-ph
5591,"Asymptotic Implied Volatility at the Second Order with Application to
  the SABR Model",Room 3,q-fin.PR
5592,"Cover's universal portfolio, stochastic portfolio theory and the
  numeraire portfolio",Room 3,q-fin.MF
5593,"The three-component defocusing nonlinear Schrodinger equation with
  nonzero boundary conditions",Room 5,nlin.SI
5594,A generalised multicomponent system of Camassa-Holm-Novikov equations,Room 5,nlin.SI
5595,"An optional decomposition of $\mathscr{Y}^{g,\xi}-submartingales$ and
  applications to the hedging of American options in incomplete markets",Room 4,q-fin.MF
5596,"Thermodynamic pathways to genome spatial organization in the cell
  nucleus",Room 6,q-bio.GN
5597,"Cross-validation of matching correlation analysis by resampling matching
  weights",Room 1,stat.ML
5598,"Sequential sampling models in computational psychiatry: Bayesian
  parameter estimation, model selection and classification",Room 1,q-bio.NC
5599,Sector-Based Factor Models for Asset Returns,Room 3,q-fin.ST
5600,"Good intentions, unintended consequences: exploring forecasting harms",Room 4,stat.OT
5601,"Continuous-time Duality for Super-replication with Transient Price
  Impact",Room 4,q-fin.PR
5602,"The Cost of Climate Action: Experimental Evidence on the Impact of
  Climate Information on Charitable Donations to Climate Activism",Room 4,econ.GN
5603,Effective and simple VWAP option pricing model,Room 3,q-fin.PR
5604,3D Protein Structure Predicted from Sequence,Room 6,q-bio.BM
5605,Generic Regular Decompositions for Generic Zero-Dimensional Systems,Room 5,cs.SC
5606,UNISWAP: Impermanent Loss and Risk Profile of a Liquidity Provider,Room 3,q-fin.TR
5607,Spin models as microfoundation of macroscopic financial market models,Room 4,q-fin.PR
5608,A Log-space Algorithm for Canonization of Planar Graphs,Room 7,cs.CC
5609,Modelling rankings in R: the PlackettLuce package,Room 1,stat.CO
5610,"Sufficient conditions for the genericity of feedback stabilisability of
  switching systems via Lie-algebraic solvability",Room 10,cs.SY
5611,"A Dynamic Bi-orthogonality based Approach for Uncertainty Quantification
  of Stochastic Systems with Discontinuities",Room 5,stat.ME
5612,"Meeting of Mobile Nodes Based on RSS Measurements in Wireless Ad Hoc
  Networks",Room 10,eess.SP
5613,"Martingale Schr\""odinger Bridges and Optimal Semistatic Portfolios",Room 4,q-fin.MF
5614,"Confidence Interval for the Mean of a Bounded Random Variable and Its
  Applications in Point Estimation",Room 1,math.ST
5615,"Adaptive Scan for Atomic Force Microscopy Based on Online Optimisation:
  Theory and Experiment",Room 2,eess.SP
5616,"Sur la d\'efinissabilit\'e existentielle de la non-nullit\'e dans les
  anneaux",Room 7,math.AC
5617,"Brief Lecture Notes on Self-Referential Mathematics, and Beyond",Room 5,math.GM
5618,"Optimal Dynamic Futures Portfolios Under a Multiscale Central Tendency
  Ornstein-Uhlenbeck Model",Room 3,q-fin.MF
5619,"Syntactic Confluence Criteria for Positive/Negative-Conditional Term
  Rewriting Systems",Room 12,cs.AI
5620,"The Impact of Channel Feedback on Opportunistic Relay Selection for
  Hybrid-ARQ in Wireless Networks",Room 10,cs.IT
5621,"Spectral density of phase noise inter-laboratory comparison final
  results",Room 11,physics.ins-det
5622,Functional Partial Linear Model,Room 1,stat.ME
5623,"Structure and Thermodynamics of Molecular Hydration via Grid
  Inhomogeneous Solvation Theory",Room 6,q-bio.BM
5624,Graphical Models for Inference Under Outcome-Dependent Sampling,Room 1,stat.ME
5625,"Hilbert Function and Betti Numbers of Algebras with Lefschetz Property
  of Order m",Room 7,math.AC
5626,Higher dimensional algebras via colored PROPs,Room 7,math.CT
5627,"Simultaneous sparse model selection and coefficient estimation for
  heavy-tailed autoregressive processes",Room 1,stat.ME
5628,"Investigating accuracy of pitch-accent annotations in neural
  network-based speech synthesis and denoising effects",Room 12,eess.AS
5629,"A thermodynamic paradigm for solution demixing inspired by nuclear
  transport in living cells",Room 6,q-bio.SC
5630,Time-dependent spectral renormalization method,Room 5,nlin.PS
5631,Maximal width of the separatrix chaotic layer,Room 5,nlin.CD
5632,"Prediction of allosteric sites and mediating interactions through
  bond-to-bond propensities",Room 6,q-bio.BM
5633,"A community-based transcriptomics classification and nomenclature of
  neocortical cell types",Room 2,q-bio.GN
5634,"Symmetric and asymmetric optical multi-peak solitons on a continuous
  wave background in the femtosecond regime",Room 8,nlin.PS
5635,"Multiscaling in Hall-Magnetohydrodynamic Turbulence: Insights from a
  Shell Model",Room 11,nlin.CD
5636,Which Are You In A Photo?,Room 2,cs.SD
5637,A Penny Saved is a Penny Earned: Less Expensive Zero Coupon Bonds,Room 3,q-fin.PR
5638,Software for the Spectral Analysis of Hot Stars,Room 11,astro-ph.SR
5639,"An Enhanced Multi-Pager Environment Support for Second Generation
  Microkernels",Room 10,cs.OS
5640,"A comparison of formulations and solution methods for the Minimum-Envy
  Location Problem. Additional results",Room 4,math.OC
5641,Exponential growth rates in a typed branching diffusion,Room 8,math.PR
5642,"Distributed Control of Charging for Electric Vehicle Fleets under
  Dynamic Transformer Ratings",Room 10,eess.SY
5643,"Emergence of ultradiscrete states due to phase lock caused by
  saddle-node bifurcation in discrete limit cycles",Room 8,nlin.AO
5644,"High-precision measurement of hyperfine structure in the $D$ lines of
  alkali atoms",Room 8,physics.atom-ph
5645,"Irreducible three-loop contributions to the pressure in Yang-Mills
  thermodynamics",Room 7,hep-th
5646,"Macroeconomic Instability And Fiscal Decentralization: An Empirical
  Analysis",Room 3,econ.GN
5647,The isoperimetric problem for Holderian curves,Room 5,math.OC
5648,Fast sampling in a linear-Gaussian inverse problem,Room 1,stat.CO
5649,"Cross-border cannibalization: Spillover effects of wind and solar energy
  on interconnected European electricity markets",Room 4,econ.EM
5650,"Forward-looking portfolio selection with multivariate non-Gaussian
  models and the Esscher transform",Room 3,q-fin.PM
5651,"A Markov model of a limit order book: thresholds, recurrence, and
  trading strategies",Room 3,q-fin.TR
5652,A Simple Transition-Free Lattice of an 8 Gev Proton Synchrotron,Room 11,physics.acc-ph
5653,Flatness-based pre-compensation of laser diodes,Room 8,math.OC
5654,Suction effects in deep Boom clay block samples,Room 11,physics.geo-ph
5655,"Extracting possibly representative COVID-19 Biomarkers from X-Ray images
  with Deep Learning approach and image data related to Pulmonary Diseases",Room 2,eess.IV
5656,Uppers to zero and semistar operations in polynomial rings,Room 7,math.AC
5657,"Subjective Questions and Answers for a Mathematics Instructor of Higher
  Education",Room 5,math.GM
5658,"Stochastic nonlinear model for somatic cell population dynamics during
  ovarian follicle activation",Room 6,q-bio.CB
5659,"Understanding the behavioural difference of PPCA among its homologs in
  C7 family towards recognition of DXCA",Room 8,q-bio.BM
5660,Principled Design and Implementation of Steerable Detectors,Room 2,eess.IV
5661,Positively Homogeneous Saddle-Functions and Euler's Theorem in Games,Room 5,econ.TH
5662,Spreading of energy in the Ding-Dong Model,Room 8,nlin.CD
5663,A simple model for the population dynamics in OTC wholesale fresh product markets,Room 4,econ.TH
5664,"Bio-Development of Motorway Networks in the Netherlands: A Slime Mould
  Approach",Room 6,nlin.AO
5665,"Online Appendix & Additional Results for The Determinants of Social
  Connectedness in Europe",Room 4,econ.GN
5666,Dark parameterization approach to Ito equation,Room 12,nlin.SI
5667,From Polygons to Ultradiscrete Painlev\'e Equations,Room 7,nlin.SI
5668,"Demonstrating the Usefulness of CAELinux for Computer Aided Engineering
  using an Example of the Three Dimensional Reconstruction of a Pig Liver",Room 2,cs.MS
5669,"Two Theorems on the structure of Pythagorean triples and some
  diophantine consequences",Room 12,math.GM
5670,Localisation and colocalisation of KK-theory at sets of primes,Room 7,math.KT
5671,"A Multiagent Simulation for Traffic Flow Management with Evolutionary
  Optimization",Room 10,cs.MA
5672,Multisoliton solutions to the lattice Boussinesq equation,Room 5,nlin.SI
5673,Multidimensional dynamic risk measure via conditional g-expectation,Room 3,q-fin.RM
5674,Inverse Scattering Transform and the Theory of Solitons,Room 5,nlin.SI
5675,An Objective Measure of Quality for Time-Scale Modification of Audio,Room 2,eess.AS
5676,Identification of Dementia Using Audio Biomarkers,Room 2,eess.AS
5677,"Ninomiya-Victoir scheme: strong convergence, antithetic version and
  application to multilevel estimators",Room 1,q-fin.CP
5678,Simple Communication,Room 4,econ.TH
5679,The Limits of Limited Commitment,Room 4,econ.TH
5680,Telling time with an intrinsically noisy clock,Room 6,q-bio.MN
5681,The Sigma - D relation for planetary nebulae,Room 12,astro-ph.SR
5682,Simulation of Free Surface Compressible Flows Via a Two Fluid Model,Room 8,physics.comp-ph
5683,Multifractality and scale invariance in human heartbeat dynamics,Room 6,nlin.CD
5684,"Indicators of availability of non-market relations in the sphere of
  labor market in Ukraine",Room 3,q-fin.EC
5685,Pricing and hedging American-style options with deep learning,Room 3,q-fin.CP
5686,"An Active Margin System and its Application in Chinese Margin Lending
  Market",Room 3,q-fin.RM
5687,On the Importance of Opponent Modeling in Auction Markets,Room 3,q-fin.CP
5688,"Reoccurring patterns in hierarchical protein materials and music: The
  power of analogies",Room 6,q-bio.BM
5689,"Joint segmentation of multivariate time series with hidden process
  regression for human activity recognition",Room 1,stat.ML
5690,"An information-based traffic control in a public conveyance system:
  reduced clustering and enhanced efficiency",Room 10,physics.soc-ph
5691,A theoretical analysis of Guyon's toy volatility model,Room 12,q-fin.PR
5692,"Dynamical transitions between equilibria in a dissipative Klein-Gordon
  lattice",Room 5,nlin.PS
5693,Discrepancy bounds for uniformly ergodic Markov chain quasi-Monte Carlo,Room 3,stat.CO
5694,Asymmetric Di-jet Production in Polarized Hadronic Collisions,Room 5,hep-ph
5695,"Who Gave you the Cauchy-Weierstrass Tale? The Dual History of Rigorous
  Calculus",Room 5,math.HO
5696,Matrix eQTL: Ultra fast eQTL analysis via large matrix operations,Room 2,q-bio.GN
5697,"Kolmogorov turbulence, Anderson localization and KAM integrability",Room 12,nlin.CD
5698,The ELAPS Framework: Experimental Linear Algebra Performance Studies,Room 10,cs.PF
5699,The Hess-Appelrot system and its nonholonomic analogs,Room 5,nlin.SI
5700,On integrability of variable coefficient nonlinear Schrodinger equations,Room 5,nlin.SI
5701,Identifying short motifs by means of extreme value analysis,Room 6,q-bio.GN
5702,"The method of Enestr\""om and Phragm\'en for parliamentary elections by
  means of approval voting",Room 4,econ.TH
5703,Transient and Equilibrium Synchronization in Complex Neuronal Networks,Room 6,q-bio.NC
5704,Demand allocation with latency cost functions,Room 10,cs.DM
5705,"Effect of age on the variability and stability of gait: a
  cross-sectional treadmill study in healthy individuals between 20 and 69
  years of age",Room 1,q-bio.NC
5706,"Bayesian nonparametric Plackett-Luce models for the analysis of
  preferences for college degree programmes",Room 1,stat.ML
5707,Prejudiced Futures? Algorithmic Bias in Time Series Forecasting and Its Ethical Implications,Room 4,econ.EM
5708,Audio-Visual Speech Inpainting with Deep Learning,Room 2,eess.AS
5709,Multilingual and Multimode Phone Recognition System for Indian Languages,Room 2,eess.AS
5710,New insights on the Dynamic Cellular Metabolism,Room 6,q-bio.SC
5711,"On the statistics of the minimal solution of a linear Diophantine
  equation and uniform distribution of the real part of orbits in hyperbolic
  spaces",Room 12,math.NT
5712,Remarks on polynomial parametrization of sets of integer points,Room 5,math.NT
5713,Decision Trees for Complexity Reduction in Video Compression,Room 2,eess.IV
5714,"The braid groups of the projective plane and the Fadell-Neuwirth short
  exact sequence",Room 7,math.GT
5715,Error-speed correlations in biopolymer synthesis,Room 6,q-bio.SC
5716,"Task-Priority Control of Redundant Robotic Systems using Control
  Lyapunov and Control Barrier Function based Quadratic Programs",Room 10,eess.SY
5717,"Systemic Risk in a Unifying Framework for Cascading Processes on
  Networks",Room 4,q-fin.RM
5718,"Fault Location Using the Natural Frequency of Oscillation of Current
  Discharge in MTdc Networks",Room 10,eess.SY
5719,A Model of Pupal Water Loss in Glossina,Room 4,q-bio.QM
5720,Modeling active optical networks,Room 8,nlin.AO
5721,"Pathway drug cocktail: targeting Ras signaling based on structural
  pathways",Room 6,q-bio.MN
5722,Cloning Voronoi Diagrams via Retroactive Data Structures,Room 1,cs.CG
5723,"Particle acceleration by strong turbulence in solar flares: theory of
  spectrum evolution",Room 11,astro-ph.SR
5724,"Self-similar solutions for the Kardar-Parisi-Zhang interface dynamic
  equation",Room 5,nlin.AO
5725,"Matching Points: Supplementing Instruments with Covariates in Triangular
  Models",Room 1,econ.EM
5726,"Accelerated Motion-Aware MR Imaging via Motion Prediction from K-Space
  Center",Room 2,eess.IV
5727,Families of dendrograms,Room 5,stat.ML
5728,Homomorphism Preservation on Quasi-Wide Classes,Room 7,cs.LO
5729,From nonlocal gap solitary waves to bound states in periodic media,Room 5,nlin.PS
5730,Effects of carbon pricing and other climate policies on CO2 emissions,Room 4,econ.GN
5731,"Spatial competition and the dynamics of rarity in a temporally varying
  environment",Room 6,q-bio.PE
5732,RHIC Low-Energy Challenges and Plans,Room 11,physics.acc-ph
5733,Fully Bayes factors with a generalized g-prior,Room 1,stat.ME
5734,"Resource-Frugal Classification and Analysis of Pathology Slides Using
  Image Entropy",Room 2,eess.IV
5735,A Survey on Cross-Site Scripting Attacks,Room 10,cs.CR
5736,The optimal combined design of climate mitigation and geoengineering,Room 4,physics.ao-ph
5737,"Has EU accession boosted patents performance in the EU-13? -- A critical
  evaluation using causal impact analysis with Bayesian structural time-series
  models",Room 3,econ.GN
5738,Set-Valued Control Functions,Room 4,econ.EM
5739,"Perturbed preconditioned inverse iteration for operator eigenvalue
  problems with applications to adaptive wavelet discretization",Room 5,math.NA
5740,"Search for direct CP violating charge asymmetries in
  $K^\pm\to\pi^\pm\pi^+\pi^-$ and $K^\pm\to\pi^\pm\pi^0\pi^0$ decays",Room 11,hep-ex
5741,Graph Isomorphism is PSPACE-complete,Room 7,cs.CC
5742,"Reexamination of spin decoherence in semiconductor quantum dots from
  equation-of-motion approach",Room 8,cond-mat.mtrl-sci
5743,Microscopic mechanism for cold denaturation,Room 8,cond-mat.soft
5744,"How winding is the coast of Britain ? Conformal invariance of rocky
  shorelines",Room 5,nlin.CD
5745,"Language-Inspired Modeling Reveals Redundant Encoding of
  N4-acetylcytidine(ac4C) Modifications in mRNA",Room 2,q-bio.OT
5746,"Asymptotic estimates for phi functions for subsets of {m+1, m+2,...,n}",Room 7,math.NT
5747,"Application of maximal monotone operator method for solving
  Hamilton-Jacobi-Bellman equation arising from optimal portfolio selection
  problem",Room 4,q-fin.MF
5748,"Modeling and Predicting Power Consumption of High Performance Computing
  Jobs",Room 10,stat.AP
5749,Optimal Investment under Information Driven Contagious Distress,Room 4,q-fin.PM
5750,Learning What to Learn: Experimental Design when Combining Experimental with Observational Evidence,Room 4,econ.EM
5751,"Sweet silver: A formaldehyde-free silver staining using aldoses as
  developing agents, with enhanced compatibility with mass spectrometry",Room 11,q-bio.GN
5752,"CPT and lepton number violation in neutrino sector: Modified mass matrix
  and oscillation due to gravity",Room 11,hep-ph
5753,"A Kalman Decomposition for Possibly Controllable Uncertain Linear
  Systems",Room 10,cs.SY
5754,Speed-of-light pulses in a nonlinear Weyl equation,Room 5,nlin.PS
5755,The mechanical creep compliance of tissue cells is gamma distributed,Room 6,q-bio.CB
5756,"Amenable groups and Hadamard spaces with a totally disconnected isometry
  group",Room 7,math.GR
5757,WMAP anomalous signal in the ecliptic plane,Room 11,astro-ph.CO
5758,"DADA: Data Assimilation for the Detection and Attribution of Weather-
  and Climate-related Events",Room 1,stat.AP
5759,Identification of fiscal SVAR-IVs in small open economies,Room 4,econ.GN
5760,Hypothesis Testing in Speckled Data with Stochastic Distances,Room 1,stat.ML
5761,Open architecture for multilingual parallel texts,Room 12,cs.CL
5762,Perturbations and chaos in quantum maps,Room 5,nlin.CD
5763,"Comment on ``Precision measurement of the Casimir-Lifshitz force in a
  fluid''",Room 8,physics.atom-ph
5764,Photo-assisted shot noise in Coulomb interacting systems,Room 8,cond-mat.mes-hall
5765,Synthetic CT Generation from MRI Using Improved DualGAN,Room 2,eess.IV
5766,"From Nodeless Clouds and Vortices to Gray Rings and Symmetry-Broken
  States in Two-Dimensional Polariton Condensates",Room 8,nlin.PS
5767,The Degasperis-Procesi equation with self-consistent sources,Room 5,nlin.PS
5768,"A Class of Soliton Solutions for the N=2 Super mKdV/Sinh-Gordon
  Hierarchy",Room 5,nlin.SI
5769,The Monge-Ampere equation: various forms and numerical methods,Room 11,nlin.CD
5770,"Training of Instrumentalists and Development of New Technologies on
  SOFIA",Room 11,astro-ph.IM
5771,Oracle inequalities for computationally adaptive model selection,Room 1,stat.ML
5772,SignalTrain: Profiling Audio Compressors with Deep Neural Networks,Room 2,eess.AS
5773,Entropic Studies of Cytoskeletal Motors Jamming,Room 8,cond-mat.soft
5774,"How to clean a dirty floor: Probabilistic potential theory and the
  Dobrushin uniqueness theorem",Room 5,math.PR
5775,"Characterizing A Database of Sequential Behaviors with Latent Dirichlet
  Hidden Markov Models",Room 1,stat.ML
5776,"Fractional Fourier detection of L\'evy Flights: application to
  Hamiltonian chaotic trajectories",Room 5,nlin.CD
5777,Modular Frobenius manifolds and their invariant flows,Room 7,nlin.SI
5778,The algebro-geometric solutions for the modified Camassa-Holm hierarchy,Room 5,nlin.SI
5779,"A k-NN Method to Classify Rare Astronomical Sources: Photometric Search
  of Brown Dwarfs with Spitzer/IRAC",Room 12,astro-ph.IM
5780,On the Computation of the Topology of a Non-Reduced Implicit Space Curve,Room 5,math.AC
5781,Risk Propagation in Endogenous Supply Chains,Room 4,econ.TH
5782,"Synergy or Rivalry? Glimpses of Regional Modernization and Public
  Service Equalization: A Case Study from China",Room 1,econ.GN
5783,From Random Graph to Small World by Wandering,Room 6,cs.DS
5784,"A note on efficient computation of hybridization number via softwired
  clusters",Room 6,q-bio.PE
5785,"CDfdr: A Comparison Density Approach to Local False Discovery Rate
  Estimation",Room 1,stat.ME
5786,"On the Security of the Cha-Ko-Lee-Han-Cheon Braid Group Public Key
  Cryptosystem",Room 10,cs.CR
5787,"Quantitative Analysis of Cell Membrane Tension in Time-Series Imaging
  and A Minimal Lattice Model of Single Cell Motion",Room 6,q-bio.CB
5788,Definability as hypercomputational effect,Room 10,math.LO
5789,"Agent-based Computational Economics in Management Accounting Research:
  Opportunities and Difficulties",Room 4,econ.GN
5790,"A Coarse-Grained Biophysical Model of E. coli and Its Application to
  Perturbation of the rRNA Operon Copy Number",Room 6,q-bio.MN
5791,"Combinatorial pyramids and discrete geometry for energy-minimizing
  segmentation",Room 1,cs.CV
5792,"BNSP: an R Package for Fitting Bayesian Semiparametric Regression Models
  and Variable Selection",Room 1,stat.OT
5793,Automated Mammogram Analysis with a Deep Learning Pipeline,Room 2,eess.IV
5794,Robust Bayesian inference of networks using Dirichlet t-distributions,Room 1,stat.ME
5795,Central extensions of Lax operator algebras,Room 5,math.QA
5796,"Novel Synchronization of Pulse-Coupled Oscillators on Time-Varying
  Networks",Room 8,nlin.CD
5797,Multiresolution Schemes and its Application to Sedimentation Models,Room 1,math.NA
5798,Multistream CNN for Robust Acoustic Modeling,Room 12,eess.AS
5799,Measuring market liquidity: An introductory survey,Room 3,q-fin.TR
5800,"A water level relationship between consecutive gauge stations along
  Solim\~oes/Amazonas main channel: a wavelet approach",Room 11,stat.AP
5801,On social networks that support learning,Room 4,econ.TH
5802,A Fixed Point Conjecture,Room 7,math.GM
5803,High-dimensional Mixed Graphical Models,Room 1,stat.ML
5804,Microfractured media with a scale and Mumford-Shah energies,Room 8,math.AP
5805,On Consensus under Polynomial Protocols,Room 10,cs.SC
5806,"Classical Trajectory Perspective on Double Ionization Dynamics of
  Diatomic Molecules Irradiated by Ultrashort Intense Laser Pulses",Room 8,physics.atm-clus
5807,"Word Sense Disambiguation Based on Mutual Information and Syntactic
  Patterns",Room 12,cs.CL
5808,"Expressions of algebra elements and transcendental noncommutative
  calculus",Room 7,math.QA
5809,Sign Stable Random Projections for Large-Scale Learning,Room 1,stat.ML
5810,"BPDMN: A Conservative Extension of BPMN with Enhanced Data
  Representation Capabilities",Room 1,cs.SE
5811,A note on the topological order of noncommutative Hall fluids,Room 7,cond-mat.mes-hall
5812,Matching under Imperfectly Transferable Utility,Room 4,econ.GN
5813,On existence of log minimal models,Room 5,math.AG
5814,Dimer percolation and jamming on simple cubic lattice,Room 5,cond-mat.dis-nn
5815,Study on the tea market in India,Room 3,econ.GN
5816,A Note on Sums of Powers,Room 7,math.CA
5817,Geometric representations for minimalist grammars,Room 12,cs.CL
5818,"Empirical Evaluation of PRNU Fingerprint Variation for Mismatched
  Imaging Pipelines",Room 2,eess.IV
5819,Role of dynamic capsomere supply for viral capsid self-assembly,Room 8,q-bio.SC
5820,Estimation and inference for high-dimensional non-sparse models,Room 1,stat.ME
5821,"Entropy Change through Rayleigh-B\'enard Convective Transition with
  Rigid Boundaries",Room 12,cond-mat.stat-mech
5822,The Structural Bite: A Methodological Framework for Minimum Wage Studies using Spanish Administrative Data,Room 1,econ.EM
5823,Higher exponential maps and explicit reciprocity laws I,Room 7,math.NT
5824,Gamma-Ray Bursts as a Threat to Life on Earth,Room 11,astro-ph.EP
5825,Time dependence of joint entropy of oscillating quantum systems,Room 1,quant-ph
5826,Positive Forms and Stability of Linear Time-Delay Systems,Room 5,math.DS
5827,"Phase-amplitude reduction of transient dynamics far from attractors for
  limit-cycling systems",Room 8,nlin.AO
5828,High-Dimensional Bayesian Inference in Nonparametric Additive Models,Room 1,stat.ME
5829,"The Complexity of Molecular Interactions and Bindings between Cyclic
  Peptide and Inhibit Polymerase A and B1 (PAC-PB1N) H1N1",Room 6,q-bio.OT
5830,"Multisoliton solution and super-bilinear form of lattice supersymmetric
  KdV equation",Room 5,nlin.SI
5831,AI empowering research: 10 ways how science can benefit from AI,Room 4,cs.GL
5832,On Dust Charging Equation,Room 8,physics.plasm-ph
5833,On convexity of the frequency response of a stable polynomial,Room 5,math.OC
5834,"Using integrals of squares of certain real-valued special functions to
  prove that the P\'olya \Xi^*(z) function, the functions K_{iz}(a), a > 0, and
  some other entire functions have only real zeros",Room 5,math.CV
5835,"CXCR6, a Newly Defined Biomarker of Tissue-Specific Stem Cell Asymmetric
  Self-Renewal, Identifies More Aggressive Human Melanoma Cancer Stem Cells",Room 6,q-bio.SC
5836,Regularization methods for learning incomplete matrices,Room 2,stat.ML
5837,"Asymptotic replication with modified volatility under small transaction
  costs",Room 3,q-fin.MF
5838,Rational semigroup automata,Room 12,math.RA
5839,"Deep Residual Echo Suppression and Noise Reduction: A Multi-Input FCRN
  Approach in a Hybrid Speech Enhancement System",Room 2,eess.AS
5840,Free Energy Rate Density and Self-organization in Complex Systems,Room 6,nlin.AO
5841,Data-Driven Verification under Signal Temporal Logic Constraints,Room 4,eess.SY
5842,"Mixed Hodge complexes and L^2-cohomology for local systems on ball
  quotients",Room 7,math.AG
5843,"Effect of Passive Reflectors for Enhancing Coverage of 28 GHz mmWave
  Systems in an Outdoor Setting",Room 11,eess.SP
5844,A non-negative expansion for small Jensen-Shannon Divergences,Room 1,stat.ML
5845,On the plausibility of the latent ignorability assumption,Room 4,econ.EM
5846,A Biophysical Model of the Mitochondrial ATP-Mg/Pi Carrier,Room 6,q-bio.CB
5847,An explicit d-bar-integration formula for weighted homogeneous varieties,Room 5,math.CV
5848,"Towards Improving the Mental Model of Software Developers through
  Cartographic Visualization",Room 11,cs.SE
5849,SOBA: Secrecy-preserving Observable Ballot-level Audit,Room 1,stat.AP
5850,Quadratic equations and monodromy evolving deformations,Room 5,math.CA
5851,"A view of mathematics research productivity at U.S. regional public
  universities",Room 1,math.HO
5852,"Predicting Sequences of Progressive Events Times with Time-dependent
  Covariates",Room 1,stat.ME
5853,"Applying Complexity Theory to a Dynamical Process Model of the
  Development of Pathological Belief Systems",Room 6,nlin.AO
5854,Nanodiamond as a vector for siRNA delivery to Ewing sarcoma cells,Room 11,q-bio.BM
5855,"Comment on ""The statistics wars and intellectual conflicts of interest""
  by D. Mayo",Room 1,stat.OT
5856,"Renewable Energy Targets and Unintended Storage Cycling: Implications
  for Energy Modeling",Room 4,econ.GN
5857,Effective phase connectivity from observations,Room 6,nlin.CD
5858,The SSM Toolbox for Matlab,Room 3,stat.CO
5859,Normal forms and uniform approximations for bridge orbit bifurcations,Room 5,nlin.CD
5860,Stochastic behaviour in the edge region of the SINP tokamak,Room 5,physics.plasm-ph
5861,Waiting Times in Simulated Stock Markets,Room 3,q-fin.TR
5862,Cosmography and large scale structure by f(R) gravity: new results,Room 12,astro-ph.CO
5863,Tailored mixing inside a translating droplet,Room 5,nlin.CD
5864,"The Normal Law Under Linear Restrictions: Simulation and Estimation via
  Minimax Tilting",Room 1,stat.CO
5865,"Frequency Independent Framework for Synthesis of Programmable
  Non-reciprocal Networks",Room 10,eess.SP
5866,Realized range-based estimation of integrated variance,Room 3,econ.EM
5867,Assessing Mortality of Blunt Trauma with Co-morbidity,Room 1,q-bio.TO
5868,Turning the Ratchet: Dynamic Screening with Multiple Agents,Room 4,econ.TH
5869,Financial Market Dynamics: Superdiffusive or not?,Room 4,q-fin.ST
5870,A Unified Bayesian Framework for Pricing Catastrophe Bond Derivatives,Room 3,q-fin.PR
5871,Challenges in Complex Systems Science,Room 6,nlin.AO
5872,"Large Deviations for Random Trees and the Branching of RNA Secondary
  Structures",Room 6,q-bio.BM
5873,"Networks of Binary Necklaces Induced by Elementary Cellular Automata
  Rules",Room 6,nlin.CG
5874,Virtual screening with support vector machines and structure kernels,Room 2,q-bio.QM
5875,"Study of Micro Pixel Photon Counters for a high granularity
  scintillator-based hadron calorimeter",Room 11,physics.ins-det
5876,Applied statistics: A review,Room 1,stat.AP
5877,CP violation in the B0s system,Room 11,hep-ex
5878,"Phase solitons and domain dynamics in an optically injected
  semiconductor laser",Room 8,nlin.PS
5879,Efficiency in Micro-Behaviors and FL Bias,Room 3,econ.EM
5880,Just Another Gibbs Additive Modeller: Interfacing JAGS and mgcv,Room 1,stat.CO
5881,The Nash Equilibrium with Inertia in Population Games,Room 4,eess.SY
5882,Behaviour of a Bucky-ball under Internal and External Pressures,Room 8,cond-mat.mtrl-sci
5883,Efficient Kernel Convolution for Smooth Surfaces without Edge Effects,Room 5,stat.CO
5884,"Bayesian modeling and forecasting of 24-hour high-frequency volatility:
  A case study of the financial crisis",Room 3,stat.AP
5885,The lunar cycle's influence on sex determination at conception in humans,Room 6,q-bio.OT
5886,"Novel PT-invariant Kink and Pulse Solutions For a Large Number of Real
  Nonlinear Equations",Room 5,nlin.PS
5887,"Environmental, Social, Governance scores and the Missing pillar -- Why
  does missing information matter?",Room 4,q-fin.RM
5888,"Deep Learning-Based BSDE Solver for Libor Market Model with Application
  to Bermudan Swaption Pricing and Hedging",Room 3,q-fin.CP
5889,Escalating The War On SPAM Through Practical POW Exchange,Room 1,cs.NI
5890,A DCCP Congestion Control Mechanism for Wired- cum-Wireless Environments,Room 10,cs.NI
5891,"An exhaustive exploration of the parameter space of the Prisoners'
  Dilemma in one-dimensional cellular automata",Room 4,physics.soc-ph
5892,"Forensic Identification: Database likelihood ratios and familial DNA
  searching",Room 1,stat.AP
5893,"More Robust Pricing of European Options Based on Fourier Cosine Series
  Expansions",Room 12,q-fin.CP
5894,"On the value-semigroup of a simple complete ideal in a two-dimensional
  regular local ring",Room 7,math.AC
5895,Emergence of clones in sexual populations,Room 6,q-bio.PE
5896,Causality-Inspired Models for Financial Time Series Forecasting,Room 1,q-fin.CP
5897,"A Minimax Linear Quadratic Gaussian Method for Antiwindup Control
  Synthesis",Room 10,cs.SY
5898,"Adaptive Segmentation of Knee Radiographs for Selecting the Optimal ROI
  in Texture Analysis",Room 2,eess.IV
5899,Coherent Amplification of Optical Pulses in Metamaterials,Room 11,nlin.PS
5900,Inseparability and Strong Hypotheses for Disjoint NP Pairs,Room 7,cs.CC
5901,"Sagnac Rotational Phase Shifts in a Mesoscopic Electron Interferometer
  with Spin-Orbit Interactions",Room 8,cond-mat.mes-hall
5902,Non-commutative q-Painleve VI equation,Room 5,nlin.SI
5903,Some new characterizations of Banach spaces containing $\ell^1$,Room 7,math.FA
5904,Rationalizable Behavior in the Hotelling Model with Waiting Costs,Room 3,econ.TH
5905,A Review of Relational Machine Learning for Knowledge Graphs,Room 2,stat.ML
5906,Going Green: Estimating the Potential of Green Jobs in Argentina,Room 1,econ.GN
5907,The Value of Information in Stopping Problems,Room 4,econ.TH
5908,"Exploiting correlation and budget constraints in Bayesian multi-armed
  bandit optimization",Room 1,stat.ML
5909,Efficient MCMC for Gibbs Random Fields using pre-computation,Room 1,stat.CO
5910,"Tracking GDP in real-time using electricity market data: insights from
  the first wave of COVID-19 across Europe",Room 3,econ.GN
5911,Audio-visual Multi-channel Recognition of Overlapped Speech,Room 2,eess.AS
5912,The Log Moment formula for implied volatility,Room 3,q-fin.PR
5913,"Achievable Information Rates for Fiber Optics: Applications and
  Computations",Room 11,eess.SP
5914,"Justifying the Adoption and Relevance of Inflation Targeting Framework:
  A Time-Varying Evidence from Ghana",Room 3,econ.GN
5915,Meta-CTA Trading Strategies based on the Kelly Criterion,Room 3,q-fin.PM
5916,"A theoretical analysis of the resolution due to diffusion and
  size-dispersion of particles in deterministic lateral displacement devices",Room 8,physics.flu-dyn
5917,Valuation Bound of Tranche Options,Room 3,q-fin.PR
5918,"A Simple Counterexample to Havil's ""Reformulation"" of the Riemann
  Hypothesis",Room 7,math.NT
5919,Entropy Regularized Belief Reporting,Room 1,econ.TH
5920,Extreme value analysis for evaluating ozone control strategies,Room 1,stat.AP
5921,Optimal model-free prediction from multivariate time series,Room 1,stat.ML
5922,A Bivariate Compound Dynamic Contagion Process for Cyber Insurance,Room 3,q-fin.RM
5923,Simple derivation of the frequency dependent complex heat capacity,Room 8,cond-mat.other
5924,"Representation and Superposition of Discrete Functions and Equations
  with Parameterized Operations",Room 5,math.GM
5925,"Dispatch and Primary Frequency Control with Electrochemical Storage: a
  System-wise Verification",Room 10,eess.SP
5926,Geobiodynamics and Roegenian Economic Systems,Room 3,q-fin.GN
5927,Modelling power grids as pseudo adaptive networks,Room 8,nlin.AO
5928,"Variational Inference For Probabilistic Latent Tensor Factorization with
  KL Divergence",Room 1,stat.CO
5929,Semiparametric estimation for incoherent optical imaging,Room 1,eess.IV
5930,Looking for packing units of the protein structure,Room 6,q-bio.BM
5931,"Surface roughness influence on the quality factor of high frequency
  nanoresonators",Room 8,physics.flu-dyn
5932,"A generalized Multiple-try Metropolis version of the Reversible Jump
  algorithm",Room 3,stat.ME
5933,"Renormalization of NN Interaction with Relativistic Chiral Two Pion
  Exchange",Room 12,nucl-th
5934,"Pushnitski's $\mu$-invariant and Schr\""odinger operators with embedded
  eigenvalues",Room 5,math.SP
5935,A systemic shock model for too big to fail financial institutions,Room 3,q-fin.MF
5936,"Mozart Effect, Cognitive Dissonance, and the Pleasure of Music",Room 1,q-bio.NC
5937,Writing Positive/Negative-Conditional Equations Conveniently,Room 12,cs.AI
5938,"Increasing countries financial resilience through global catastrophe
  risk pooling",Room 4,q-fin.RM
5939,Maximal f-vectors of Minkowski sums of large numbers of polytopes,Room 7,cs.CG
5940,Calculation of UNil for the cyclic group of order two,Room 7,math.AT
5941,"Automated Market Makers: Toward More Profitable Liquidity Provisioning
  Strategies",Room 3,q-fin.TR
5942,"Multifractal Diffusion Entropy Analysis: Optimal Bin Width of
  Probability Histograms",Room 3,q-fin.ST
5943,"Scalable Learning-Based Sampling Optimization for Compressive Dynamic
  MRI",Room 2,eess.IV
5944,Small Satellite Optical Communication Networks: Analytical Models,Room 11,eess.SP
5945,Do we understand the emergent dynamics of grid cell activity?,Room 8,q-bio.NC
5946,Hours Worked and the U.S. Distribution of Real Annual Earnings 1976-2019,Room 1,econ.EM
5947,Type Safe Extensible Programming,Room 12,cs.PL
5948,"Secure State Estimation and Attack Reconstruction in Cyber-Physical
  Systems: Sliding Mode Observer Approach",Room 10,eess.SY
5949,"Time Critical Social Mobilization: The DARPA Network Challenge Winning
  Strategy",Room 4,cs.CY
5950,"Metrizable TAP, HTAP and STAP groups",Room 7,math.GN
5951,"Making Mean-Variance Hedging Implementable in a Partially Observable
  Market",Room 1,q-fin.CP
5952,"Reduction in Packet Delay Through the use of Common Buffer over
  Distributed Buffer in the Routing Node of NOC Architecture",Room 10,cs.AR
5953,PMU based Detection of Imbalance in Three-Phase Power Systems,Room 10,stat.AP
5954,"Hocus-Socus: An Error Catastrophe for Complex Hebbian Learning Implies
  Neocortical Proofreading",Room 6,q-bio.NC
5955,Hypercomplex cross-correlation of DNA sequences,Room 6,q-bio.QM
5956,On Regularity and Normalization in Sequential Screening,Room 1,econ.TH
5957,"Credit Bubbles in Arbitrage Markets: The Geometric Arbitrage Approach to
  Credit Risk",Room 3,q-fin.PR
5958,Resilient Multi-Dimensional Consensus in Adversarial Environment,Room 10,eess.SY
5959,"Threshold-free Evaluation of Medical Tests for Classification and
  Prediction: Average Precision versus Area Under the ROC Curve",Room 1,stat.ME
5960,Solitary Waves in a Discrete Nonlinear Dirac equation,Room 8,nlin.PS
5961,Optimal Memoryless Encoding for Low Power Off-Chip Data Buses,Room 10,cs.AR
5962,Homotopy nilpotent groups,Room 7,math.AT
5963,On the Existence of Consistent Price Systems,Room 3,q-fin.GN
5964,"Generalized Method of Moments for Estimating Parameters of Stochastic
  Reaction Networks",Room 6,q-bio.MN
5965,Stability of non-time-reversible phonobreathers,Room 5,nlin.PS
5966,"Diversification, economies of scope, and exports growth of Chinese firms",Room 3,q-fin.EC
5967,Towards a Study of Meta-Predicate Semantics,Room 7,cs.PL
5968,Non-Stationary Chaos,Room 12,nlin.CD
5969,Nonparametric Testing for Heterogeneous Correlation,Room 1,stat.ML
5970,"Localization and characterization of simple defects in finite-size
  photonic crystals",Room 11,physics.optics
5971,"SuperDeConFuse: A Supervised Deep Convolutional Transform based Fusion
  Framework for Financial Trading Systems",Room 2,q-fin.CP
5972,"Sequential image processing methods for improving semantic video
  segmentation algorithms",Room 2,eess.IV
5973,"Mechanism of robust circadian oscillation of KaiC phosphorylation in
  vitro",Room 6,q-bio.MN
5974,Multifractal detrending moving average cross-correlation analysis,Room 3,q-fin.ST
5975,"All-phononic Amplification in Coupled Cantilever Arrays based on Gap
  Soliton Dynamics",Room 5,nlin.PS
5976,Is an historical economic crisis upcoming?,Room 3,q-fin.GN
5977,"Computing the variance of a conditional expectation via non-nested Monte
  Carlo",Room 1,stat.CO
5978,Watermark Embedding and Detection,Room 2,cs.MM
5979,Molecular Dynamics Simulation of Vascular Network Formation,Room 8,cond-mat.soft
5980,Consider avoiding the .05 significance level,Room 1,stat.OT
5981,Common Permutation Problem,Room 5,cs.CC
5982,Online inverse reinforcement learning with unknown disturbances,Room 4,eess.SY
5983,Compression bounds for Lipschitz maps from the Heisenberg group to $L_1$,Room 7,math.MG
5984,Externally-polluted white dwarfs with dust disks,Room 12,astro-ph
5985,A Kernelization-Based Approach to Nonparametric Binary Choice Models,Room 1,econ.EM
5986,"Least squares estimation in nonstationary nonlinear cohort panels with
  learning from experience",Room 4,econ.EM
5987,"Numerical Comparison of Cusum and Shiryaev-Roberts Procedures for
  Detecting Changes in Distributions",Room 1,stat.CO
5988,Residual Income Valuation and Stock Returns: Evidence from a Value-to-Price Investment Strategy,Room 3,econ.EM
5989,"Drug hypersensitivity caused by alteration of the MHC-presented
  self-peptide repertoire",Room 6,q-bio.CB
5990,Perturbations of quadratic centers of genus one,Room 5,math.DS
5991,An algebra for signal processing,Room 10,cs.NA
5992,Inferring sparse Gaussian graphical models with latent structure,Room 1,stat.ME
5993,Spherical Layout Implementation using Centroidal Voronoi Tessellations,Room 2,cs.CG
5994,"How to take turns: the fly's way to encode and decode rotational
  information",Room 6,q-bio.NC
5995,"External Constraint Handling for Solving Optimal Control Problems with
  Simultaneous Approaches and Interior Point Methods",Room 10,eess.SY
5996,Spanners of Additively Weighted Point Sets,Room 10,cs.CG
5997,Trading Cointegrated Assets with Price Impact,Room 3,q-fin.TR
5998,Brexit Risk Implied by the SABR Martingale Defect in the EUR-GBP Smile,Room 3,q-fin.PR
5999,A general model of the public goods dilemma,Room 4,q-bio.PE
6000,"Electronic Interface Reconstruction at Polar-Nonpolar Mott Insulator
  Heterojunctions",Room 8,cond-mat.str-el
6001,Spatial modelling for mixed-state observations,Room 2,math.ST
6002,"Surface Generation Analysis in Micro End-Milling Considering the
  Influences of Grain",Room 11,cs.OH
6003,"Rationalizable Implementation of Social Choice Functions: Complete
  Characterization",Room 4,econ.TH
6004,"Metabolic Flux Analysis in Isotope Labeling Experiments using the
  Adjoint Approach",Room 6,q-bio.MN
6005,"Nuclear and Non-Ionizing Energy-loss of Electrons with Low and
  Relativistic Energies in Materials and Space Environment",Room 11,physics.space-ph
6006,"Recent results of the STAR high-energy polarized proton-proton program
  at RHIC at BNL",Room 11,hep-ex
6007,"Characterizing weak chaos in nonintegrable Hamiltonian systems: the
  fundamental role of stickiness and initial conditions",Room 8,nlin.CD
6008,"Physico-chemical modelling of target depletion during hybridisation on
  oligonulceotide microarrays",Room 2,q-bio.GN
6009,"Optimized Feedforward Neural Network Training for Efficient Brillouin
  Frequency Shift Retrieval in Fiber",Room 2,eess.SP
6010,"Persistent Cell Motion in the Absence of External Signals: A Search
  Strategy for Eukaryotic Cells",Room 6,q-bio.CB
6011,"Gravitational Lensing Effects on the Baryonic Acoustic Oscillation
  Signature in the Redshift-Space Correlation Function",Room 12,astro-ph.CO
6012,Energy transfers in shell models for MHD turbulence,Room 11,nlin.CD
6013,"Poisson multi-Bernoulli mixture trackers: continuity through random
  finite sets of trajectories",Room 1,eess.SP
6014,"A colorful origin for the genetic code: Information theory, statistical
  mechanics and the emergence of molecular codes",Room 6,q-bio.GN
6015,Using Monte Carlo Methods for Retirement Simulations,Room 3,q-fin.PM
6016,"Formal Test Synthesis for Safety-Critical Autonomous Systems based on
  Control Barrier Functions",Room 1,eess.SY
6017,Testing Full Mediation of Treatment Effects and the Identifiability of Causal Mechanisms,Room 4,econ.EM
6018,"Documentation Generator Focusing on Symbols for the HTML-ized Mizar
  Library",Room 7,cs.MS
6019,"Power Aware Wireless File Downloading: A Constrained Restless Bandit
  Approach",Room 10,cs.PF
6020,"Optimal Scheduling of File Transfers with Divisible Sizes on Multiple
  Disjoint Paths",Room 10,cs.DS
6021,"A Characterization of the Angle Defect and the Euler Characteristic in
  Dimension 2 -- Preliminary Draft",Room 7,math.GT
6022,Swap Bounded Envy,Room 4,econ.TH
6023,An Online Approach to Physical Watermark Design,Room 10,eess.SY
6024,"Mode-locking in advection-reaction-diffusion systems: an invariant
  manifold perspective",Room 5,nlin.PS
6025,Noncrossing Ordinal Classification,Room 2,stat.ML
6026,Mechanisms for a No-Regret Agent: Beyond the Common Prior,Room 4,econ.TH
6027,"Association of bone mineral density with reoperation rate following
  instrumented lumbar spinal fusion",Room 11,q-bio.TO
6028,"A Block Lanczos with Warm Start Technique for Accelerating Nuclear Norm
  Minimization Algorithms",Room 2,cs.NA
6029,Empirical Bayes Estimation in Heterogeneous Coefficient Panel Models,Room 4,econ.EM
6030,"Confluence of hypergeometric functions and integrable hydrodynamic type
  systems",Room 7,nlin.SI
6031,"A multivariate semiparametric Bayesian spatial modeling framework for
  hurricane surface wind fields",Room 1,stat.AP
6032,"Multilevel Sequential Monte Carlo with Dimension-Independent
  Likelihood-Informed Proposals",Room 1,stat.CO
6033,Regional poverty in Bulgaria in the period 2008-2019,Room 4,econ.GN
6034,Sequence-dependent folding landscapes of adenine riboswitch aptamers,Room 6,q-bio.BM
6035,"Optimal driving waveform for overdamped, adiabatic rocking ratchets",Room 8,physics.class-ph
6036,"Discussion of ""Estimating the historical and future probabilities of
  large terrorist events"" by Aaron Clauset and Ryan Woodard",Room 1,stat.AP
6037,"A discrete time neural network model with spiking neurons. Rigorous
  results on the spontaneous dynamics",Room 8,math.DS
6038,Market and Long Term Accounting Operational Performance,Room 3,econ.GN
6039,Action integrals and infinitesimal characters,Room 7,math.SG
6040,"High field superconducting phase diagrams including
  Fulde-Ferrell-Larkin-Ovchinnikov vortex states",Room 8,cond-mat.supr-con
6041,Elliptic Gauss Sums and Hecke L-values at s=1,Room 12,math.NT
6042,Polyhedral Combinatorics of UPGMA Cones,Room 6,q-bio.PE
6043,Handwritten Farsi Character Recognition using Artificial Neural Network,Room 2,cs.CV
6044,The Nature of Alpha,Room 3,q-fin.PM
6045,Electric Vehicle Battery Swapping Station,Room 10,eess.SP
6046,"A quantitative formulation of the global regularity problem for the
  periodic Navier-Stokes equation",Room 5,math.AP
6047,"Tax- and expense-modified risk-minimization for insurance payment
  processes",Room 4,q-fin.MF
6048,Medical Imaging with Deep Learning: MIDL 2019 -- Extended Abstract Track,Room 2,eess.IV
6049,Variational inference for large Bayesian vector autoregressions,Room 1,econ.EM
6050,A viscoelastic deadly fluid in carnivorous pitcher plants,Room 6,q-bio.PE
6051,"Recovering the Structural Observability of Composite Networks via
  Cartesian Product",Room 6,eess.SY
6052,An Acoustic Method for Determining Ballistic Coefficients,Room 11,physics.pop-ph
6053,"Dispersive deformations of Hamiltonian systems of hydrodynamic type in
  2+1 dimensions",Room 7,nlin.SI
6054,Robust Portfolio Selection Problems: A Comprehensive Review,Room 3,q-fin.PM
6055,"Exact phase transition of backtrack-free search with implications on the
  power of greedy algorithms",Room 1,cs.AI
6056,"On-demand teleradiology using smartphone photographs as proxies for
  DICOM images",Room 2,eess.IV
6057,"On the project risk baseline: integrating aleatory uncertainty into
  project scheduling",Room 10,econ.GN
6058,The hook fusion procedure for Hecke algebras,Room 7,math.RT
6059,The Inverse of a Nearly Banded Matrix,Room 5,math.NA
6060,"An empirical Bayes testing procedure for detecting variants in analysis
  of next generation sequencing data",Room 1,stat.AP
6061,Fields of invariants of finite linear groups,Room 7,math.AG
6062,Bayesian Learning for Low-Rank matrix reconstruction,Room 2,stat.ML
6063,"Study of wave chaos in a randomly-inhomogeneous oceanic acoustic
  waveguide: spectral analysis of the finite-range evolution operator",Room 5,nlin.CD
6064,"Full dimensional (15D) quantum-dynamical simulation of the protonated
  water-dimer I: Hamiltonian setup and analysis of the ground vibrational state",Room 5,physics.chem-ph
6065,Dynamics of solar wind protons reflected by the Moon,Room 11,physics.space-ph
6066,"Kernel methods and minimum contrast estimators for empirical
  deconvolution",Room 1,stat.ME
6067,Evidence for an excitonic insulator phase in 1T-TiSe$_{2}$,Room 8,cond-mat.str-el
6068,"Comparison of Planar Parallel Manipulator Architectures based on a
  Multi-objective Design Optimization Approach",Room 12,cs.RO
6069,Fundamental groups of topological stacks with slice property,Room 7,math.AT
6070,Macroeconomic Forecasting with Fractional Factor Models,Room 3,econ.EM
6071,Flow of autonomous traffic on a single multi-lane street,Room 10,physics.comp-ph
6072,"Homotopical equivalence of combinatorial and categorical semantics of
  process algebra",Room 7,math.AT
6073,"Finite versus zero-temperature hysteretic behavior of spin glasses:
  Experiment and theory",Room 8,cond-mat.dis-nn
6074,Derivatives-based portfolio decisions. An expected utility insight,Room 3,q-fin.PM
6075,"Rectangular Full Packed Format for Cholesky's Algorithm: Factorization,
  Solution and Inversion",Room 5,cs.MS
6076,"On optimal tracking portfolio in incomplete markets: The reinforcement
  learning approach",Room 3,q-fin.PM
6077,Mapping Global Value Chains at the Product Level,Room 3,econ.GN
6078,Default Swap Games Driven by Spectrally Negative Levy Processes,Room 3,q-fin.PR
6079,Online Distributed Sensor Selection,Room 1,cs.LG
6080,"Explicit multipeakon solutions of Novikov's cubically nonlinear
  integrable Camassa-Holm type equation",Room 5,nlin.SI
6081,Impacts of preference and geography on epidemic spreading,Room 4,physics.soc-ph
6082,Labour Productivity Superstatistics,Room 4,q-fin.GN
6083,Inference for mixtures of symmetric distributions,Room 2,math.ST
6084,Stability and Efficiency of Random Serial Dictatorship,Room 4,econ.TH
6085,"Computing the confidence levels for a root-mean-square test of
  goodness-of-fit",Room 1,stat.CO
6086,beta-family congruences and the f-invariant,Room 7,math.AT
6087,On the dynamic suction pumping of blood cells in tubular hearts,Room 8,q-bio.TO
6088,On the space of morphisms between \'etale groupoids,Room 7,math.GT
6089,"A cellular automaton identification of the universality classes of
  spatiotemporal intermittency",Room 6,nlin.CD
6090,"Acoustic Echo Cancellation Postfilter Design Issues For Speech
  Recognition System",Room 2,cs.SD
6091,A Projective C*-Algebra Related to K-Theory,Room 7,math.OA
6092,"Long-Time Asymptotics for the Korteweg-de Vries Equation via Nonlinear
  Steepest Descent",Room 5,nlin.SI
6093,"Finitely Suslinian models for planar compacta with applications to Julia
  sets",Room 7,math.GN
6094,Hartree-Fock Approximation and Entanglement,Room 5,quant-ph
6095,Iteration of the rational function z-1/z and a Hausdorff moment sequence,Room 5,math.CV
6096,"Hierarchical Modeling of Abundance in Closed Population
  Capture-Recapture Models Under Heterogeneity",Room 1,stat.AP
6097,A Unifying Model of Genome Evolution Under Parsimony,Room 6,q-bio.GN
6098,"A Mathematical Model for the Genetic Code(s) Based on Fibonacci Numbers
  and their q-Analogues",Room 6,q-bio.OT
6099,Investigations of Attractor Behavior over the Decay of Modular RBNs,Room 6,nlin.AO
6100,"Comparing School Choice and College Admission Mechanisms By Their
  Immunity to Strategic Admissions",Room 4,econ.TH
6101,"Signal Shaping for Generalized Spatial Modulation and Generalized
  Quadrature Spatial Modulation",Room 10,eess.SP
6102,"Predicting protein contact map using evolutionary and physical
  constraints by integer programming (extended version)",Room 6,q-bio.QM
6103,UR Channel-Robust Synthetic Speech Detection System for ASVspoof 2021,Room 12,eess.AS
6104,Smart Cane: Assistive Cane for Visually-impaired People,Room 12,cs.SY
6105,"Delay and Packet-Drop Tolerant Multi-Stage Distributed Average Tracking
  in Mean Square",Room 10,eess.SY
6106,"Asymptotic expansion for the transition densities of stochastic
  differential equations driven by the gamma processes",Room 3,q-fin.CP
6107,"Noise and Topology in Driven Systems - an Application to Interface
  Dynamics",Room 8,nlin.CD
6108,A reaction-diffusion model for relapsing-remitting multiple sclerosis with a treatment term,Room 6,q-bio.TO
6109,"Dynamics of bright solitons and soliton arrays in the nonlinear
  Schrodinger equation with a combination of random and harmonic potentials",Room 8,nlin.PS
6110,Compatibility of Prior Specifications Across Linear Models,Room 1,stat.ME
6111,"Evaluation of Energy- and Capacity-Market Revenues from Lithium-ion
  Battery Systems for Offshore Wind Using Advanced Battery Models",Room 4,eess.SY
6112,Synchronizing distant nodes: a universal classification of networks,Room 12,nlin.CD
6113,"General solution of overdamped Josephson junction equation in the case
  of phase-lock",Room 5,math-ph
6114,"Anticipated impacts of Brexit scenarios on UK food prices and
  implications for policies on poverty and health: a structured expert
  judgement update",Room 1,econ.GN
6115,Communication-optimal Parallel and Sequential Cholesky Decomposition,Room 5,cs.NA
6116,A Deep-Bayesian Framework for Adaptive Speech Duration Modification,Room 2,eess.AS
6117,Optical Random Riemann Waves in Integrable Turbulence,Room 5,nlin.PS
6118,Data Mining-based Fragmentation of XML Data Warehouses,Room 10,cs.DB
6119,"Algebraic curves, integer sequences and a discrete Painleve transcendent",Room 5,nlin.SI
6120,L\'evy Processes For Finance: An Introduction In R,Room 3,stat.AP
6121,"Bayesian Inference on QGARCH Model Using the Adaptive Construction
  Scheme",Room 1,q-fin.CP
6122,"Generalized eigenfunctions and spectral theory for strongly local
  Dirichlet forms",Room 7,math.SP
6123,Texture Hallucination for Large-Factor Painting Super-Resolution,Room 2,eess.IV
6124,A characterisation of cross-impact kernels,Room 3,q-fin.TR
6125,Deciphering cell signaling rewiring in human disorders,Room 6,q-bio.MN
6126,"Cancer Networks: A general theoretical and computational framework for
  understanding cancer",Room 6,q-bio.MN
6127,"First Order Conditions for Semidefinite Representations of Convex Sets
  Defined by Rational or Singular Polynomials",Room 5,math.OC
6128,Continuity of the Distribution Function of the argmax of a Gaussian Process,Room 1,econ.EM
6129,"Design of a Three-Axis Isotropic Parallel Manipulator for Machining
  Applications: The Orthoglide",Room 12,cs.RO
6130,"On Computer-Intensive Simulation and Estimation Methods for Rare Event
  Analysis in Epidemic Models",Room 12,stat.AP
6131,Evolving small-world scale-free networks consist of cliques,Room 6,physics.soc-ph
6132,Randomized Online Algorithms for the Buyback Problem,Room 4,cs.GT
6133,"RNN-T Models Fail to Generalize to Out-of-Domain Audio: Causes and
  Solutions",Room 2,eess.AS
6134,"SERpredict: Detection of tissue- or tumor-specific isoforms generated
  through exonization of transposable elements",Room 2,q-bio.GN
6135,The Model Confidence Set package for R,Room 1,stat.CO
6136,"Bright and fast voltage reporters across the visible spectrum via
  electrochromic FRET (eFRET)",Room 6,q-bio.BM
6137,"Scattering Experiments with Microwave Billiards at an Exceptional Point
  under Broken Time Reversal Invariance",Room 8,nlin.CD
6138,Volatility Spillovers in China's Real Estate Crisis: A Network Approach,Room 3,econ.EM
6139,Payroll Tax Incidence: Evidence from Unemployment Insurance,Room 1,econ.GN
6140,"Gate-controlled reversible rectifying behaviour in tunnel contacted
  atomically-thin MoS$_{2}$ transistor",Room 8,physics.app-ph
6141,Late-replicating CNVs as a source of new genes,Room 6,q-bio.GN
6142,"${\mathbb{Z}}_N$ graded discrete Lax pairs and discrete integrable
  systems",Room 5,nlin.SI
6143,"Optimizing Stock Option Forecasting with the Assembly of Machine
  Learning Models and Improved Trading Strategies",Room 3,q-fin.CP
6144,"Experimental confirmation of chaotic phase synchronization in coupled
  time-delayed electronic circuits",Room 12,nlin.CD
6145,Poncelet pairs and the Twist Map associated to the Poncelet Billiard,Room 5,math.DS
6146,Attraction of the core and the cohesion flow,Room 4,econ.TH
6147,"""Playing the whole game"": A data collection and analysis exercise with
  Google Calendar",Room 12,stat.OT
6148,Explicit solution simulation method for the 3/2 model,Room 12,q-fin.CP
6149,Optimal Taxation with Endogenous Default under Incomplete Markets,Room 4,q-fin.EC
6150,Hinged Dissections Exist,Room 7,cs.CG
6151,Quantifying replicability in systematic reviews: the r-value,Room 1,stat.AP
6152,Towards Multimodal Content Representation,Room 12,cs.CL
6153,"Multi-quadratic quad equations: integrable cases from a
  factorised-discriminant hypothesis",Room 5,nlin.SI
6154,"Frequency Domain Equalization for Single and Multiuser Generalized
  Spatial Modulation Systems in Time Dispersive Channels",Room 11,eess.SP
6155,Applications of physical methods in high-frequency futures markets,Room 4,q-fin.TR
6156,"FPGA implementation of short critical path CORDIC-based approximation of
  the eight-point DCT",Room 2,cs.AR
6157,"100 Years of dimensional analysis: New steps toward empirical law
  deduction",Room 2,physics.class-ph
6158,Estimation of Parameters in DNA Mixture Analysis,Room 1,stat.ME
6159,On the Validity of Covariate Adjustment for Estimating Causal Effects,Room 4,stat.ME
6160,Empirical Welfare Maximization with Constraints,Room 4,econ.EM
6161,"On a Nonlocal Ostrovsky-Whitham Type Dynamical System, Its Riemann Type
  Inhomogeneous Regularizations and Their Integrability",Room 5,nlin.SI
6162,"On the analogy between consequences of the breather model of particles
  interaction and anomalous flow of Helium-II",Room 8,nlin.PS
6163,Mortality in a heterogeneous population - Lee-Carter's methodology,Room 1,econ.EM
6164,"Complementing Carbon Credits from Forest-Related Activities with
  Biodiversity Insurance and Resilience Value",Room 4,econ.GN
6165,"Increasing the Reliability of Adaptive Quadrature Using Explicit
  Interpolants",Room 5,cs.NA
6166,"How Xenopus laevis replicates DNA reliably even though its origins of
  replication are located and initiated stochastically",Room 6,q-bio.CB
6167,"A georeferenced Agent-Based Model to analyze the climate change impacts
  on the Andorra winter tourism",Room 4,cs.MA
6168,A Logical Temporal Relational Data Model,Room 10,cs.DB
6169,Introducing Latent Timbre Synthesis,Room 2,eess.AS
6170,"The impact of big winners on passive and active equity investment
  strategies",Room 3,q-fin.PM
6171,"Nonlinear PDEs risen when solving some optimization problems in finance,
  and their solutions",Room 12,q-fin.CP
6172,"Continuous Approximation of Stochastic Maps for Modeling Asymmetric Cell
  Division",Room 6,q-bio.CB
6173,The Coordinate Sampler: A Non-Reversible Gibbs-like MCMC Sampler,Room 3,stat.CO
6174,Debiased Inference for Dynamic Nonlinear Panels with Multi-dimensional Heterogeneities,Room 4,econ.EM
6175,A Local Mean Field Analysis of Security Investments in Networks,Room 4,cs.GT
6176,"FinRLlama: A Solution to LLM-Engineered Signals Challenge at FinRL
  Contest 2024",Room 3,q-fin.TR
6177,Quantum chaos and its kinetic stage of evolution,Room 5,nlin.CD
6178,Noise Filtering and Prediction in Biological Signaling Networks,Room 6,q-bio.MN
6179,Simulating Events of Unknown Probabilities via Reverse Time Martingales,Room 5,stat.CO
6180,"Concentration inequalities of the cross-validation estimate for stable
  predictors",Room 1,stat.ML
6181,On variance stabilisation by double Rao-Blackwellisation,Room 1,stat.CO
6182,On Lehner's `free' noncommutative analogue of De Finetti's theorem,Room 5,math.OA
6183,"Applying an XML Warehouse to Social Network Analysis, Lessons from the
  WebStand Project",Room 1,cs.DB
6184,"Some perfect cards shuffles (French title: Quelques m\'elanges parfaits
  de cartes)",Room 7,math.HO
6185,"A SAEM Algorithm for Fused Lasso Penalized Non Linear Mixed Effect
  Models: Application to Group Comparison in Pharmacokinetic",Room 1,stat.CO
6186,"Surveying the Social, Smart and Converged TV Landscape: Where is
  Television Research Headed?",Room 10,cs.MM
6187,Parsimonious Shifted Asymmetric Laplace Mixtures,Room 1,stat.ME
6188,An electromagnetic model for biological tissue,Room 11,q-bio.TO
6189,Nonlinear Impulse Response Functions and Local Projections,Room 1,econ.EM
6190,Multiple Treatments with Strategic Interaction,Room 4,econ.EM
6191,"Actually, There is No Rotational Indeterminacy in the Approximate Factor
  Model",Room 1,econ.EM
6192,Energies of B_s meson excited states - a lattice study,Room 12,hep-lat
6193,Random Indexing K-tree,Room 2,cs.IR
6194,Music Generation with Temporal Structure Augmentation,Room 2,eess.AS
6195,Econophysics: A new discipline,Room 3,q-fin.GN
6196,Nonparametric Identification and Estimation of Spatial Treatment Effect Boundaries: Evidence from 42 Million Pollution Observations,Room 1,econ.EM
6197,A remark on utility streams,Room 4,math.LO
6198,"A novel method for the evaluation of uncertainty in dose volume
  histogram computation",Room 1,physics.med-ph
6199,Generic Regular Decompositions for Parametric Polynomial Systems,Room 5,cs.SC
6200,"Intimal Growth in Cylindrical Arteries: Impact of Anisotropic Growth on
  Glagov Remodeling",Room 2,q-bio.TO
6201,Mukai duality for gerbes with connection,Room 7,math.QA
6202,Feigenbaum graphs: a complex network perspective of chaos,Room 8,nlin.CD
6203,On the Pettis Integral Approach to Large Population Games,Room 1,econ.TH
6204,Spectral Condition-Number Estimation of Large Sparse Matrices,Room 2,cs.NA
6205,"A Deep Deterministic Policy Gradient-based Strategy for Stocks Portfolio
  Management",Room 3,q-fin.PM
6206,Guidelines for the next 10 years of proteomics,Room 6,q-bio.GN
6207,"k2U: A General Framework from k-Point Effective Schedulability Analysis
  to Utilization-Based Tests",Room 10,cs.OS
6208,Smoothing quantile regressions,Room 1,econ.EM
6209,An algorithm for finding the Independence Number of a graph,Room 4,cs.DM
6210,"Artificial Intelligence-Based Techniques for Emerging Robotics
  Communication: A Survey and Future Perspectives",Room 10,eess.SP
6211,"Measurements and analysis of the upper critical field $H_{c2}$ on an
  underdoped and overdoped $La_{2-x}Sr_xCuO_4$ compounds",Room 8,cond-mat.supr-con
6212,Sparse and Non-Negative BSS for Noisy Data,Room 2,stat.ML
6213,Neutrality and Many-Valued Logics,Room 12,cs.LO
6214,An online repository of Swift/XRT light curves of GRBs,Room 11,astro-ph
6215,"Integrable discretization of the vector/matrix nonlinear Schr\""odinger
  equation and the associated Yang-Baxter map",Room 5,nlin.SI
6216,"Energy Efficiency: The New Holy Grail of Data Management Systems
  Research",Room 10,cs.DB
6217,Revealed Information,Room 4,econ.TH
6218,Geometry of invariant domains in complex semi-simple Lie groups,Room 7,math.CV
6219,"The Kernel Interaction Trick: Fast Bayesian Discovery of Pairwise
  Interactions in High Dimensions",Room 1,stat.CO
6220,"Stochastic optimization and sparse statistical recovery: An optimal
  algorithm for high dimensions",Room 2,stat.ML
6221,Photon orbital angular momentum in a plasma vortex,Room 11,physics.plasm-ph
6222,Scaling metagenome sequence assembly with probabilistic de Bruijn graphs,Room 2,q-bio.GN
6223,Efficient Dealiased Convolutions without Padding,Room 2,cs.CE
6224,"A Fast Converging Distributed Solver for Linear Systems with Generalised
  Diagonal Dominance",Room 10,eess.SP
6225,"The forcing partial order on a family of braids forced by pseudo-Anosov
  3-braids",Room 5,math.GT
6226,Towards classification of quasi-local symmetries of evolution equations,Room 5,nlin.SI
6227,Variable-range Projection Model for Turbulence-driven Collisions,Room 8,physics.flu-dyn
6228,Efficient computation of Sobol' indices for stochastic models,Room 1,stat.CO
6229,"Challenges and open problems in computational prediction of protein
  complexes: the case of membrane complexes",Room 6,q-bio.MN
6230,On the Security of Liaw et al.'s Scheme,Room 10,cs.CR
6231,Critical Telomerase Activity for Uncontrolled Cell Growth,Room 6,q-bio.MN
6232,"Compression of High Dynamic Range Video Using the HEVC and H.264/AVC
  Standards",Room 2,eess.IV
6233,"Highly-complex optical signal generation using electro-optical systems
  with non-linear, non-invertible transmission functions",Room 8,nlin.CD
6234,Support of Non-separable Multivariate Scaling Function,Room 1,math.CA
6235,"Autoencoders for Unsupervised Anomaly Segmentation in Brain MR Images: A
  Comparative Study",Room 2,eess.IV
6236,"Une Structure Uniforme sur un Espace F(E,F)",Room 7,math.GN
6237,"SICLE: A high-throughput tool for extracting evolutionary relationships
  from phylogenetic trees",Room 6,q-bio.GN
6238,Equivariant Filter Design for Kinematic Systems on Lie Groups,Room 10,eess.SY
6239,"Revisiting an equivalence between maximum parsimony and maximum
  likelihood methods in phylogenetics",Room 6,q-bio.PE
6240,Shell model study of neutron rich oxygen isotopes,Room 8,nucl-th
6241,An empirical study of the tails of mutual fund size,Room 3,q-fin.GN
6242,Generalizations of the Kovalevskaya case and quaternions,Room 5,nlin.SI
6243,"Microscopic properties of vortex state in YB6 probed by muon spin
  rotation",Room 8,cond-mat.supr-con
6244,"The COST IRACON Geometry-based Stochastic Channel Model for
  Vehicle-to-Vehicle Communication in Intersections",Room 10,eess.SP
6245,"Stochastic lumping analysis for linear kinetics and its application to
  the fluctuation relations between hierarchical kinetic networks",Room 6,q-bio.MN
6246,"From Mundane to Meaningful: AI's Influence on Work Dynamics -- evidence
  from ChatGPT and Stack Overflow",Room 4,econ.GN
6247,"Real Computation with Least Discrete Advice: A Complexity Theory of
  Nonuniform Computability",Room 5,cs.CC
6248,Negative normal restitution coefficient for nanocluster collisions,Room 8,physics.atm-clus
6249,Successors of Singular Cardinals and Coloring Theorems II,Room 7,math.LO
6250,"SPULTRA: Low-Dose CT Image Reconstruction with Joint Statistical and
  Learned Image Models",Room 2,eess.SP
6251,"Automatic Generation of the Axial Lines of Urban Environments to Capture
  What We Perceive",Room 1,cs.CG
6252,"Precision Oncology: Targeting Genomic Alterations and Cancer Signaling with Integrative Multi-Omics, Deep Learning and Network Biology in Medical Oncology",Room 2,q-bio.OT
6253,"Incomplete Lineage Sorting: Consistent Phylogeny Estimation From
  Multiple Loci",Room 6,q-bio.PE
6254,Tensor Ensemble Learning for Multidimensional Data,Room 1,eess.SP
6255,"Volatility forecasts and the at-the-money implied volatility: a
  multi-components ARCH approach and its relation with market models",Room 1,q-fin.PR
6256,"Risk- and ambiguity-averse portfolio optimization with quasiconcave
  utility functionals",Room 4,q-fin.PM
6257,"Pseudoprocesses governed by higher-order fractional differential
  equations",Room 5,math.PR
6258,"Asynchronous Distributed Averaging: A Switched System Framework for
  Average Error Analysis",Room 10,eess.SY
6259,A Conversation with Pranab Kumar Sen,Room 11,stat.ME
6260,On Stress Driven Diffusion in Bone -- An Experimental Study,Room 11,q-bio.TO
6261,"Regular polynomial interpolation and approximation of global solutions
  of linear partial differential equations",Room 5,math.NA
6262,Theoretical and empirical analysis of trading activity,Room 4,q-fin.TR
6263,"Low Speed Control of an Autonomous Vehicle Using a Hybrid Fractional
  Order Controller",Room 5,nlin.AO
6264,The conjunction fallacy and interference effects,Room 8,physics.gen-ph
6265,"Nonlinear behavior of the Chinese SSEC index with a unit root: Evidence
  from threshold unit root tests",Room 3,q-fin.ST
6266,Instabilities and mixing in two-dimensional Kolmogorov flow,Room 12,nlin.CD
6267,"On the infinity of infinities of orders of the infinitely large and
  infinitely small",Room 7,math.HO
6268,Stochastic single-molecule dynamics of synaptic membrane protein domains,Room 6,q-bio.SC
6269,"Determinants of Lending to Small and Medium Enterprises by Commercial
  Banks in Kenya",Room 3,q-fin.GN
6270,"Echo Planar Time-Resolved Imaging (EPTI) with Subspace Reconstruction
  and Optimized Spatiotemporal Encoding",Room 2,eess.IV
6271,High-speed measurement of rifle primer blast waves,Room 11,physics.pop-ph
6272,Completions of quantum coordinate rings,Room 7,math.RA
6273,"Estimation of the Impact of COVID-19 Pandemic Lockdowns on Breast Cancer
  Deaths and Costs in Poland using Markovian Monte Carlo Simulation",Room 1,stat.OT
6274,Adelic theory of stock market,Room 4,q-fin.GN
6275,"Origin of the numerals, Al biruni testimony",Room 5,math.HO
6276,Group actions and rational ideals,Room 7,math.RA
6277,"Power systems with high renewable energy sources: A review of inertia
  and frequency control strategies over time",Room 10,eess.SY
6278,Improved lower bound for deterministic broadcasting in radio networks,Room 10,cs.DM
6279,Motor proteins traffic regulation by supply-demand balance of resources,Room 8,q-bio.SC
6280,"Steps of the meta-structures project to model general processes of
  emergence (1)",Room 6,nlin.AO
6281,"Trees, linear orders and G\^ateaux smooth norms",Room 7,math.FA
6282,"A complex net of intertwined complements: Measuring interdimensional
  dependence among the poor",Room 4,econ.GN
6283,Topological Hochschild homology of l and ko,Room 7,math.AT
6284,Commuting linear operators and algebraic decompositions,Room 5,math.OA
6285,"Matching on-the-fly in Sequential Experiments for Higher Power and
  Efficiency",Room 1,stat.ME
6286,A mathematical study of CD8+ T cell responses calibrated with human data,Room 1,q-bio.CB
6287,"Convex Optimization Learning of Faithful Euclidean Distance
  Representations in Nonlinear Dimensionality Reduction",Room 1,stat.ML
6288,Critical values in Bak-Sneppen type models,Room 6,nlin.AO
6289,Sch\'emas en groupes et poids de Diamond-Serre,Room 7,math.NT
6290,"Smooth blockwise iterative thresholding: a smooth fixed point estimator
  based on the likelihood's block gradient",Room 2,stat.ME
6291,"Error Bounds for FDD Massive MIMO Channel Covariance Conversion with
  Set-Theoretic Methods",Room 10,eess.SP
6292,"Long tails on thermonuclear X-ray bursts from neutron stars: a signature
  of inward heating?",Room 11,astro-ph.HE
6293,"Convergence conditions for iterative methods seeking multi-component
  solitary waves with prescribed quadratic conserved quantities",Room 5,nlin.PS
6294,"Holonomy representations which are a diagonal direct sum of two faithful
  representations",Room 7,math.RT
6295,Inference on panel data models with a generalized factor structure,Room 4,econ.EM
6296,"Intelligent User Association for Symbiotic Radio Networks using Deep
  Reinforcement Learning",Room 10,eess.SP
6297,A note on global Markov properties for mixed graphs,Room 4,stat.ME
6298,The Kuramoto model with distributed shear,Room 8,nlin.AO
6299,Robust Pricing for Quality Disclosure,Room 4,econ.TH
6300,Cantilever-Based Biosensors in CMOS Technology,Room 11,cs.AR
6301,"Nonlinear interfacial waves in a constant-vorticity planar flow over
  variable depth",Room 5,physics.ao-ph
6302,Spherical characters: the supercuspidal case,Room 7,math.RT
6303,"Fractal-driven distortion of resting state functional networks in fMRI:
  a simulation study",Room 6,stat.AP
6304,"MetaTrader: An Reinforcement Learning Approach Integrating Diverse
  Policies for Portfolio Optimization",Room 3,q-fin.CP
6305,Prediction with expert advice for the Brier game,Room 1,cs.LG
6306,"Membrane morphologies induced by mixtures of arc-shaped particles with
  opposite curvature",Room 6,q-bio.SC
6307,"Nodeless d-wave superconducting pairing due to residual
  antiferromagnetism in underdoped Pr$_{2-x}$Ce$_x$CuO$_{4-\delta}$",Room 8,cond-mat.supr-con
6308,Effective Motion of a Virus Trafficking Inside a Biological Cell,Room 8,q-bio.QM
6309,On restrictions of balanced 2-interval graphs,Room 7,cs.DM
6310,"How creative versus technical constraints affect individual learning in
  an online innovation community",Room 4,econ.GN
6311,"The silencing of neuronal activity by noise and the phenomenon of
  inverse stochastic resonance",Room 6,q-bio.NC
6312,Reduction of behavior of additive cellular automata on groups,Room 5,nlin.CG
6313,The Structure of a Bernoulli Process Variation of the Fibonacci Sequence,Room 6,math.HO
6314,A primer on computational group homology and cohomology,Room 7,math.GR
6315,Asymptotic Behavior of Bayesian Learners with Misspecified Models,Room 4,econ.TH
6316,"An Affinity Propagation Based method for Vector Quantization Codebook
  Design",Room 2,cs.CV
6317,"Reconstructing the world trade multiplex: the role of intensive and
  extensive biases",Room 3,q-fin.GN
6318,"Characterizing Public Debt Cycles: Don't Ignore the Impact of Financial
  Cycles",Room 3,econ.GN
6319,Futility Analysis in the Cross-Validation of Machine Learning Models,Room 1,stat.ML
6320,"Exciting and Harvesting Vibrational States in Harmonically Driven
  Granular Chains",Room 8,nlin.PS
6321,Asset Pricing under uncertainty,Room 12,q-fin.PR
6322,retina-VAE: Variationally Decoding the Spectrum of Macular Disease,Room 2,eess.IV
6323,"Stable two-dimensional solitons supported by radially inhomogeneous
  self-focusing nonlinearity",Room 8,nlin.PS
6324,Improving control over unobservables with network data,Room 1,econ.EM
6325,"Bayesian Post-Processor and other Enhancements of Subset Simulation for
  Estimating Failure Probabilities in High Dimensions",Room 1,stat.CO
6326,A Time Series Data Analysis of Indian Commercial Dynamism,Room 3,q-fin.TR
6327,"Rapid production of $^{87}$Rb BECs in a combined magnetic and optical
  potential",Room 8,cond-mat.quant-gas
6328,Diversity under variability and extreme variability of environments,Room 6,physics.bio-ph
6329,A Limit on the Polarized Anomalous Microwave Emission of Lynds 1622,Room 11,astro-ph.GA
6330,Randomization Tests for Equality in Dependence Structure,Room 3,econ.EM
6331,"Low-energy Dipole Excitations in Nuclei at the N=50,82 and Z=50 Shell
  Closures as Signatures for a Neutron Skin",Room 8,nucl-th
6332,"Economic Complexity and Growth: Can value-added exports better explain
  the link?",Room 3,econ.GN
6333,"Type-IV DCT, DST, and MDCT algorithms with reduced numbers of arithmetic
  operations",Room 2,cs.DS
6334,"The fundamental Gray 3-groupoid of a smooth manifold and local
  3-dimensional holonomy based on a 2-crossed module",Room 7,math.CT
6335,"Infinite Edge Partition Models for Overlapping Community Detection and
  Link Prediction",Room 1,stat.ML
6336,Wave turbulent statistics in non-weak wave turbulence,Room 12,nlin.CD
6337,Optimum thresholding using mean and conditional mean square error,Room 3,q-fin.ST
6338,"On the (non)vanishing of some ""derived"" categories of curved dg algebras",Room 7,math.KT
6339,"Attention based convolutional neural network for predicting RNA-protein
  binding sites",Room 2,q-bio.GN
6340,"Property of Inverse Covariance Matrix-based Financial Adjacency Matrix
  for Detecting Local Groups",Room 3,econ.EM
6341,"A general approach to statistical modeling of physical laws:
  nonparametric regression",Room 2,physics.data-an
6342,"Marital Sorting, Household Inequality and Selection",Room 1,econ.EM
6343,"How students blend conceptual and formal mathematical reasoning in
  solving physics problems",Room 11,physics.ed-ph
6344,The unified method for the three-wave equation on the half-line,Room 5,nlin.SI
6345,Rejoinder: Fisher Lecture: Dimension Reduction in Regression,Room 1,stat.ME
6346,Towards Functional Flows for Hierarchical Models,Room 5,hep-th
6347,Lattice operations for the stable set in many-to-many markets via re-equilibration dynamics,Room 4,econ.TH
6348,"Nonconvex Nonsmooth Low-Rank Minimization for Generalized Image
  Compressed Sensing via Group Sparse Representation",Room 2,eess.IV
6349,Simpler Proofs for Approximate Factor Models of Large Dimensions,Room 1,econ.EM
6350,Exact Vacuum Solutions to the Einstein Equation,Room 11,physics.gen-ph
6351,"Scanning Microwave Microscopy of Aluminum CMOS Interconnect Lines Buried
  in Oxide and Water",Room 11,physics.app-ph
6352,Editing a Woman's Voice,Room 1,econ.GN
6353,"Reduced Forms: Feasibility, Extremality, Optimality",Room 4,econ.TH
6354,On theories of random variables,Room 5,math.LO
6355,"Optimal Estimation of Capacity and Location of Wind, Solar and Fuel Cell
  Sources in Distribution Systems Considering Load Changes by Lightning Search
  Algorithm",Room 10,eess.SY
6356,Is Human Atrial Fibrillation Stochastic or Deterministic?,Room 6,q-bio.TO
6357,"Spontaneous motion of localized structures induced by parity symmetry
  transition",Room 5,nlin.PS
6358,Chiral violations from one-loop domain wall fermions,Room 5,hep-lat
6359,"Time-reversal focusing of an expanding soliton gas in disordered
  replicas",Room 5,nlin.PS
6360,"The Effects of Vacant Lot Greening and the Impact of Land Use and
  Business Presence on Crime",Room 3,stat.OT
6361,"Resolution of singularities, asymptotic expansions of oscillatory
  integrals, and related phenomena",Room 5,math.CA
6362,"A Pyramidal Evolutionary Algorithm with Different Inter-Agent Partnering
  Strategies for Scheduling Problems",Room 10,cs.NE
6363,"R$^3$SGM: Real-time Raster-Respecting Semi-Global Matching for
  Power-Constrained Systems",Room 2,eess.IV
6364,A biased view of symplectic cohomology,Room 7,math.SG
6365,"Transcriptional profiling reveals fundamental differences in iPS-derived
  progenitors of endothelial cells (PECs) versus adult circulating EPCs",Room 6,q-bio.CB
6366,"Auxiliary Likelihood-Based Approximate Bayesian Computation in State
  Space Models",Room 1,stat.CO
6367,Breaking the Limits of Redundancy Systems Analysis,Room 10,eess.SY
6368,Inference for a Class of Partially Observed Point Process Models,Room 3,stat.ME
6369,Perbandingan Shell Unix,Room 4,cs.OS
6370,Optimizing Bone Scaffold Porosity Distributions,Room 11,q-bio.TO
6371,Rational Bubbles Attached to Real Assets,Room 4,econ.TH
6372,Model comparison with missing data using MCMC and importance sampling,Room 1,stat.CO
6373,Remembering Leo Breiman,Room 11,stat.AP
6374,Why are prices proportional to embodied energies?,Room 4,econ.TH
6375,Content Base Image Retrieval Using Phong Shading,Room 2,cs.MM
6376,"Encoding complex fields by using a phase-only optical element:
  mitigation of pixel crosstalk effects",Room 2,eess.IV
6377,Sample Average Approximation for Portfolio Optimization under CVaR constraint in an (re)insurance context,Room 4,q-fin.PM
6378,"The process of coevolutionary competitive exclusion: speciation,
  multifractality and power-laws in correlation",Room 6,physics.data-an
6379,"Statistical and Algorithmic Perspectives on Randomized Sketching for
  Ordinary Least-Squares -- ICML",Room 1,stat.ML
6380,"Multi-Resolution 3D CNN for MRI Brain Tumor Segmentation and Survival
  Prediction",Room 2,eess.IV
6381,IceCube: A Cubic Kilometer Radiation Detector,Room 11,physics.ins-det
6382,Nuclear matter in the crust of neutron stars,Room 5,nucl-th
6383,"Feedback effect between Volatility of capital flows and financial
  stability: evidence from Democratic Republic of Congo",Room 3,q-fin.CP
6384,"Transformation Method for Solving Hamilton-Jacobi-Bellman Equation for
  Constrained Dynamic Stochastic Optimal Allocation Problem",Room 4,q-fin.PM
6385,"Quantized representation for Kadomtsev-Petviashvili equation on the
  soliton sector",Room 5,nlin.SI
6386,Bifurcation in cell cycle dynamics regulated by p53,Room 6,q-bio.MN
6387,"Bound State Calculations of the Three-Dimensional Yakubovsky Equations
  with the inclusion of Three-Body Forces",Room 5,nucl-th
6388,"Bernoulli free-boundary problems in strip-like domains and a property of
  permanent waves in water of finite depth",Room 5,math.CV
6389,Validation of machine learning based scenario generators,Room 2,q-fin.RM
6390,"What is the best risk measure in practice? A comparison of standard
  measures",Room 3,q-fin.RM
6391,Optical Rankine Vortex,Room 11,physics.optics
6392,Quadratic Sinusoidal Analysis of Neurons in Voltage Clamp,Room 11,q-bio.NC
6393,"Asymmetric RF/FSO Relaying with HPA non-Linearities and Feedback Delay
  Constraints",Room 10,eess.SP
6394,Electronical Health Record's Systems. Interoperability,Room 1,cs.DB
6395,"A Systematic Literature Review of Undergraduate Data Science Education
  Research",Room 12,stat.OT
6396,"A Closed-Form Method for LRU Replacement under Generalized Power-Law
  Demand",Room 1,cs.DS
6397,Machine-Learning-Based Diagnostics of EEG Pathology,Room 2,eess.IV
6398,"Diffusion covariation and co-jumps in bidimensional asset price
  processes with stochastic volatility and infinite activity Levy jumps",Room 3,math.PR
6399,Conservative Updating,Room 1,econ.TH
6400,The Accuracy Smoothness Dilemma in Prediction: a Novel Multivariate M-SSA Forecast Approach,Room 2,econ.EM
6401,Singing voice conversion with non-parallel data,Room 2,eess.AS
6402,"Guaranteed Conditional Performance of Control Charts via Bootstrap
  Methods",Room 1,stat.ME
6403,Taylor Series for Adomian Decomposition Method,Room 12,nlin.SI
6404,Local versus Global Biological Network Alignment,Room 6,q-bio.MN
6405,The two envelopes paradox in non-Bayesian and Bayesian statistics,Room 8,stat.OT
6406,"Reengineering multi tiered enterprise business applications for
  performance enhancement and reciprocal or rectangular hyperbolic relation of
  variation of data transportation time with row pre-fetch size of relational
  database drivers",Room 10,cs.PF
6407,TDOA Source-Localization Technique Robust to Timing Attacks,Room 10,eess.SY
6408,"Incorporating Views on Marginal Distributions in the Calibration of Risk
  Models",Room 3,q-fin.ST
6409,"The direct and indirect effect of CAP support on farm income
  enhancement:a farm-based econometric analysis",Room 3,econ.GN
6410,Simulation-efficient shortest probability intervals,Room 1,stat.CO
6411,Tuplemax Loss for Language Identification,Room 2,eess.AS
6412,Gene ranking and biomarker discovery under correlation,Room 2,stat.AP
6413,"Quasi-Score Matching Estimation for Spatial Autoregressive Model with
  Random Weights Matrix and Regressors",Room 3,econ.EM
6414,Self-similar solutions of the Burgers hierarchy,Room 5,nlin.SI
6415,The potential approach in practice,Room 3,q-fin.CP
6416,Z-Net: an Anisotropic 3D DCNN for Medical CT Volume Segmentation,Room 2,eess.IV
6417,Interacting Ions in Biophysics: Real is not Ideal,Room 8,q-bio.BM
6418,Difference-in-Differences Designs: A Practitioner's Guide,Room 1,econ.EM
6419,"Multi-state stochastic hotchpotch model gives rise to the observed
  mesoscopic behaviour in the non-stirred Belousov--Zhabotinsky reaction",Room 8,nlin.CG
6420,Random effects compound Poisson model to represent data with extra zeros,Room 1,stat.AP
6421,"Complex Dynamics and Synchronization of Delayed-Feedback Nonlinear
  Oscillators",Room 8,nlin.CD
6422,"Dynamic Clustering in Object-Oriented Databases: An Advocacy for
  Simplicity",Room 10,cs.DB
6423,"Initial-boundary value problems associated with the Ablowitz-Ladik
  system",Room 5,nlin.SI
6424,Designing Neural Speaker Embeddings with Meta Learning,Room 2,eess.AS
6425,E.C.G. Stueckelberg: a forerunner of modern physics II,Room 5,physics.hist-ph
6426,"Inversion model validation of ground emissivity. Contribution to the
  development of SMOS algorithm",Room 11,physics.geo-ph
6427,"Lyapunov Stability of a Nonlinear Bio-inspired System for the Control of
  Humanoid Balance",Room 10,eess.SY
6428,"Shaped angular dependence of the spin transfer torque and microwave
  generation without magnetic field",Room 8,cond-mat.mtrl-sci
6429,Multi-Agent System Interaction in Integrated SCM,Room 4,cs.MA
6430,$L_p$ regularized portfolio optimization,Room 3,q-fin.PM
6431,"How nanochannel confinement affects the DNA melting transition within
  the Poland-Scheraga model",Room 8,q-bio.BM
6432,"A Unified Framework for Information Coding: Oscillations, Memory, and
  Zombie Modes",Room 6,q-bio.NC
6433,Fast TTC Computation,Room 3,econ.EM
6434,On the American swaption in the linear-rational framework,Room 3,q-fin.PR
6435,An adiabatic mode time-dependent parabolic equation,Room 5,physics.ao-ph
6436,Rubbling and Optimal Rubbling of Graphs,Room 4,math.CO
6437,"Extended 1D Method for Coherent Synchrotron Radiation including
  Shielding",Room 11,physics.acc-ph
6438,"Derivative pricing for a multi-curve extension of the Gaussian,
  exponentially quadratic short rate model",Room 3,q-fin.PR
6439,Twisted mass lattice QCD,Room 12,hep-lat
6440,Considerations upon the Machine Learning Technologies,Room 1,cs.LG
6441,"A dictionary learning and source recovery based approach to classify
  diverse audio sources",Room 2,cs.SD
6442,"Design of Intelligent Agents Based System for Commodity Market
  Simulation with JADE",Room 4,cs.MA
6443,A two-state mixed hidden Markov model for risky teenage driving behavior,Room 1,stat.AP
6444,"Handling Packet Dropouts and Random Delays for Unstable Delayed
  Processes in NCS by Optimal Tuning of PI{\lambda}D{\mu} Controllers with
  Evolutionary Algorithms",Room 5,cs.SY
6445,How Transit Countries Become Refugee Destinations: Insights from Central and Eastern Europe,Room 4,econ.GN
6446,Holographic Electroweak Symmetry Breaking from D-branes,Room 11,hep-th
6447,"Narrative Bridging - a specification of a modelling method for game
  design",Room 12,cs.HC
6448,"Beyond Low Earth Orbit: Biomonitoring, Artificial Intelligence, and
  Precision Space Health",Room 2,q-bio.OT
6449,On the classification of fifth-order integrable systems,Room 7,nlin.SI
6450,"Throughput Optimized Non-Contiguous Wideband Spectrum Sensing via Online
  Learning and Sub-Nyquist Sampling",Room 1,eess.SP
6451,"Inference in Gaussian models with missing data using Equalisation
  Maximisation",Room 1,stat.CO
6452,"Affine term structure models : a time-changed approach with perfect fit
  to market curves",Room 3,q-fin.MF
6453,Bottleneck of using single memristor as a synapse and its solution,Room 6,cs.NE
6454,"Measurement of the production of charged pions by protons on a tantalum
  target",Room 11,hep-ex
6455,The complex chemical Langevin equation,Room 5,q-bio.QM
6456,A Deep Learning Approach for Privacy Preservation in Assisted Living,Room 2,eess.SP
6457,"Contribution of nano-scale effects to the total efficiency of converters
  of thermal neutrons on the basis of gadolinium foils",Room 11,physics.ins-det
6458,"Aerodynamic Models for Hurricanes IV. On the hurricane genesis and
  maturing",Room 11,physics.ao-ph
6459,Non-Archimedean Ergodic Theory and Pseudorandom Generators,Room 5,math.DS
6460,Credit Portfolio Management in a Turning Rates Environment,Room 3,q-fin.PM
6461,Transfer entropy between communities in complex networks,Room 6,q-fin.ST
6462,A Count of Palm Trees from Satellite Image,Room 1,eess.IV
6463,"Evidences for pairing of nearly-free quasiparticles from
  paraconductivity in layered superconducting cuprates",Room 8,cond-mat.supr-con
6464,Rescaling of spatio-temporal sensing in eukaryotic chemotaxis,Room 6,q-bio.CB
6465,"Parkinson's Disease Recognition Using SPECT Image and Interpretable AI:
  A Tutorial",Room 2,eess.IV
6466,"Orientation selection of equiaxed dendritic growth by three-dimensional
  cellular automaton model",Room 6,nlin.CG
6467,Portfolio Optimisation Using the D-Wave Quantum Annealer,Room 8,q-fin.PM
6468,Conditional Likelihood Ratio Test with Many Weak Instruments,Room 1,econ.EM
6469,"Quantification of the underlying mechanisms and relationship among
  cancer, metastasis and differentiation/development",Room 6,q-bio.CB
6470,Metric spaces with unique pretangent spaces,Room 7,math.MG
6471,Parameter estimation for Boolean models of biological networks,Room 6,q-bio.MN
6472,"Existence and Uniqueness of a Steady State for an OTC Market with
  Several Assets",Room 3,q-fin.MF
6473,Normal and pathological dynamics of platelets in humans,Room 6,q-bio.TO
6474,Population size estimation based upon ratios of recapture probabilities,Room 1,stat.AP
6475,"On Disturbance State-Space Models and the Particle Marginal
  Metropolis-Hastings Sampler",Room 1,stat.CO
6476,"Query Evaluation in P2P Systems of Taxonomy-based Sources: Algorithms,
  Complexity, and Optimizations",Room 1,cs.DB
6477,"Stock market microstructure inference via multi-agent reinforcement
  learning",Room 3,q-fin.TR
6478,Error Bound for Compound Wishart Matrices,Room 1,stat.AP
6479,"Nearest-neigbor spacing distributions of the beta-Hermite ensemble of
  random matrices",Room 5,cond-mat.stat-mech
6480,"Advanced Computer Algebra Algorithms for the Expansion of Feynman
  Integrals",Room 5,cs.SC
6481,"Likelihood Consensus and Its Application to Distributed Particle
  Filtering",Room 10,stat.AP
6482,Ebb: A DSL for Physical Simulation on CPUs and GPUs,Room 10,cs.GR
6483,"Computing the Cumulative Distribution Function and Quantiles of the
  limit of the Two-sided Kolmogorov-Smirnov Statistic",Room 1,stat.CO
6484,Coupled criticality analysis of inflation and unemployment,Room 5,q-fin.ST
6485,"Instantaneous PSD Estimation for Speech Enhancement based on Generalized
  Principal Components",Room 2,eess.AS
6486,"Convergence of utility indifference prices to the superreplication price
  in a multiple-priors framework",Room 3,q-fin.MF
6487,"Global Solutions of Shock Reflection by Large-Angle Wedges for Potential
  Flow",Room 5,math.AP
6488,Noncommutative independence from the braid group $B_\infty$,Room 7,math.OA
6489,Causal Bounds and Instruments,Room 4,stat.ME
6490,Translating biomarkers between multi-way time-series experiments,Room 1,stat.ML
6491,Learning to Predict Combinatorial Structures,Room 1,cs.LG
6492,Multidimensional fluid motions with planar waves,Room 5,physics.flu-dyn
6493,Reconstruction of Gene Regulatory Networks usingMultiple Datasets,Room 2,q-bio.GN
6494,"Towards a Symbolic-Numeric Method to Compute Puiseux Series: The Modular
  Part",Room 10,cs.SC
6495,"Learning hidden influences in large-scale dynamical social networks: A
  data-driven sparsity-based approach",Room 1,eess.SY
6496,Impact of Epistasis and Pleiotropy on Evolutionary Adaptation,Room 6,q-bio.PE
6497,"COVID-19 spreading in financial networks: A semiparametric matrix
  regression model",Room 3,econ.EM
6498,Operator Theory and Complex Geometry,Room 7,math.FA
6499,"Deep-Learning for Tidemark Segmentation in Human Osteochondral Tissues
  Imaged with Micro-computed Tomography",Room 2,eess.IV
6500,Insurance valuation: A two-step generalised regression approach,Room 3,q-fin.RM
6501,"The Domain of RSD Characterization by Efficiency, Symmetry, and Strategy-Proofness",Room 4,econ.TH
6502,"Between Synchrony and Turbulence: Intricate Hierarchies of Coexistence
  Patterns",Room 8,nlin.AO
6503,Complex dynamics in adaptive phase oscillator networks,Room 6,nlin.AO
6504,An axiomatic theory for anonymized risk sharing,Room 4,econ.TH
6505,Demonetization and Its Impact on Employment in India,Room 1,q-fin.EC
6506,"Flexible combination of multiple diagnostic biomarkers to improve
  diagnostic accuracy",Room 1,stat.AP
6507,"The Effect of Sensory Blind Zones on Milling Behavior in a Dynamic
  Self-Propelled Particle Model",Room 8,q-bio.PE
6508,"Emergence of mutationally robust proteins in a microscopic model of
  evolution",Room 6,q-bio.BM
6509,"Sparse Estimators and the Oracle Property, or the Return of Hodges'
  Estimator",Room 1,math.ST
6510,"Binary Nonlinearization of the Super Akns System Under an Implicit
  Symmetry Constraint",Room 5,nlin.SI
6511,Properties of cellular classes of chain complexes,Room 7,math.AT
6512,Risk-dependent centrality in economic and financial networks,Room 4,q-fin.MF
6513,Vortices in brain waves,Room 6,q-bio.NC
6514,"Contact intervals, survival analysis of epidemic data, and estimation of
  R_0",Room 12,stat.AP
6515,Multiresolution topological simplification,Room 1,q-bio.BM
6516,Accent Recognition with Hybrid Phonetic Features,Room 12,eess.AS
6517,"Clusters and Maps of Science Journals Based on Bi-connected Graphs in
  the Journal Citation Reports",Room 12,cs.DL
6518,"Iterative Approximate Solutions of Kinetic Equations for Reversible
  Enzyme Reactions",Room 6,q-bio.QM
6519,Innovation and Strategic Network Formation,Room 4,econ.TH
6520,Exchange Reactions with Dick Dalitz,Room 5,physics.hist-ph
6521,Speeding up disease extinction with a limited amount of vaccine,Room 6,q-bio.PE
6522,Neighborhood Selection for Thresholding-based Subspace Clustering,Room 2,stat.ML
6523,Virtual images and billiards,Room 11,physics.ed-ph
6524,"Universal computation with limited resources: Belousov-Zhabotinsky and
  Physarum computers",Room 10,nlin.PS
6525,SmartDCA superiority,Room 1,q-fin.PM
6526,"Optimizing Beams and Bits: A Novel Approach for Massive MIMO
  Base-Station Design",Room 10,eess.SP
6527,Indirect inference through prediction,Room 1,econ.EM
6528,Principal agent mean field games in REC markets,Room 4,q-fin.MF
6529,"Investigation of Genomic Effect of Zirconium Oxide Nanoparticles in
  Escherichia coli Bacteria",Room 11,q-bio.OT
6530,Syntactic Complexity of Ideal and Closed Languages,Room 12,cs.FL
6531,Recovering metric from full ordinal information,Room 7,stat.ML
6532,"Chaos suppression of Lorenz Systems by means on the average of rounding
  modes",Room 12,eess.SP
6533,Nash Equilibrium between Brokers and Traders,Room 3,q-fin.TR
6534,"Extrasolar planet population synthesis I: Method, formation tracks and
  mass-distance distribution",Room 11,astro-ph.EP
6535,"An inverse iteration method for eigenvalue problems with eigenvector
  nonlinearities",Room 5,cs.NA
6536,Cutting Cakes Correctly,Room 4,math.GM
6537,"Column Generation Algorithms for Nonparametric Analysis of Random
  Utility Models",Room 1,econ.EM
6538,Information and Learning in Economic Theory,Room 1,econ.TH
6539,"Variable Neighborhood Search for the University Lecturer-Student
  Assignment Problem",Room 4,cs.AI
6540,A Hierarchical Model for Aggregated Functional Data,Room 2,stat.ME
6541,Constrained Joint Bit and Power Allocation for Multicarrier Systems,Room 10,eess.SP
6542,"Dimension reduction of open-high-low-close data in candlestick chart
  based on pseudo-PCA",Room 3,econ.EM
6543,"Geometrically Engineering the Standard Model: Locally Unfolding Three
  Families out of E8",Room 11,hep-th
6544,Superhedging and Dynamic Risk Measures under Volatility Uncertainty,Room 4,q-fin.RM
6545,Calculation of orthant probabilities by the holonomic gradient method,Room 1,cs.NA
6546,Unary finite automata vs. arithmetic progressions,Room 12,cs.CC
6547,"Computing and deflating eigenvalues while solving multiple right hand
  side linear systems in Quantum Chromodynamics",Room 5,hep-lat
6548,Double Kelvin Wave Cascade in Superfluid Helium,Room 8,nlin.CD
6549,Acoustic Modeling for Automatic Lyrics-to-Audio Alignment,Room 2,eess.AS
6550,Coinductive Proof Principles for Stochastic Processes,Room 3,cs.LO
6551,"A model for the integration of conflicting exogenous and endogenous
  signals by dendritic cells",Room 6,q-bio.MN
6552,Automated Image Analysis of Hodgkin lymphoma,Room 2,q-bio.TO
6553,"On Game-Theoretic Risk Management (Part One) -- Towards a Theory of
  Games with Payoffs that are Probability-Distributions",Room 4,econ.GN
6554,"Duality, thermodynamics, and the linear programming problem in
  constraint-based models of metabolism",Room 4,q-bio.SC
6555,Can complexity decrease in Congestive Heart failure?,Room 6,q-bio.TO
6556,Systemic Risk of Optioned Portfolios: Controllability and Optimization,Room 3,q-fin.PM
6557,"Pricing variance swaps with stochastic volatility and stochastic
  interest rate under full correlation structure",Room 3,q-fin.PR
6558,"An Implementation of List Successive Cancellation Decoder with Large
  List Size for Polar Codes",Room 10,eess.SP
6559,"Ethical considerations when planning, implementing and releasing health
  economic model software: a new proposal",Room 1,econ.GN
6560,A Neural Network Classifier of Volume Datasets,Room 2,cs.GR
6561,"Necessary and sufficient conditions for solvability of the
  Hartman-Wintner problem for difference equations",Room 5,math.CA
6562,EmoCat: Language-agnostic Emotional Voice Conversion,Room 2,eess.AS
6563,Equilibrium Blocking Model of Isometric Tension,Room 8,q-bio.BM
6564,The Integral (orbifold) Chow Ring of Toric Deligne-Mumford Stacks,Room 7,math.AG
6565,"Unsupervised Deep Learning for MR Angiography with Flexible Temporal
  Resolution",Room 2,eess.IV
6566,General Equilibrium and Recession Phenomenon,Room 3,q-fin.EC
6567,Raking for estimation and inference in panel models with nonignorable attrition and refreshment,Room 4,econ.EM
6568,"Numerical analysis of a nonlocal parabolic problem resulting from
  thermistor problem",Room 5,math.AP
6569,"Utility Maximization in a Binomial Model with transaction costs: a
  Duality Approach Based on the Shadow Price Process",Room 4,q-fin.PM
6570,"Residues of Intertwining Operators for Classical Groups with an Appendix
  ""$L$-Functions and Poles of Intertwining Operators""",Room 7,math.RT
6571,Sequential Synthetic Difference in Differences,Room 1,econ.EM
6572,"ExKaldi-RT: A Real-Time Automatic Speech Recognition Extension Toolkit
  of Kaldi",Room 12,eess.AS
6573,Dissecting Individual Ligand-Receptor Bonds with a Laminar Flow Chamber,Room 8,physics.bio-ph
6574,"Statistical relationships between the surface air temperature anomalies
  and the solar and geomagnetic activity indices",Room 11,physics.ao-ph
6575,"Unsupervised Pattern Discovery from Thematic Speech Archives Based on
  Multilingual Bottleneck Features",Room 12,eess.AS
6576,"High-Resolution Structure and Intermolecular Interactions between L-type
  Straight Flagellar Filaments",Room 8,q-bio.BM
6577,"Synchronization Engineering: Theoretical Framework and Application to
  Dynamical Clustering",Room 8,nlin.AO
6578,Relevance of Wrong-Way Risk in Funding Valuation Adjustments,Room 3,q-fin.CP
6579,"Handling Overload Conditions In High Performance Trustworthy Information
  Retrieval Systems",Room 10,cs.IR
6580,Positive definite collections of disks,Room 5,math.CV
6581,"A Two Factor Forward Curve Model with Stochastic Volatility for
  Commodity Prices",Room 3,q-fin.PR
6582,"Rethinking Data Augmentation for Image Super-resolution: A Comprehensive
  Analysis and a New Strategy",Room 2,eess.IV
6583,"Multicore Dynamic Kernel Modules Attachment Technique for Kernel
  Performance Enhancement",Room 10,cs.OS
6584,"Nonlinear excitations match correlated motions unveiled by NMR in
  proteins: a new perspective on allosteric cross-talk",Room 8,q-bio.BM
6585,"Diagonalization of infinite transfer matrix of boundary
  $U_{q,p}(A_{N-1}^{(1)})$ face model",Room 5,nlin.SI
6586,MI image registration using prior knowledge,Room 1,cs.CV
6587,A Fast Iterative Method for Removing Impulsive Noise from Sparse Signals,Room 1,eess.SP
6588,"The General Structure of Optimal Investment and Consumption with Small
  Transaction Costs",Room 3,q-fin.PM
6589,"Insurance, Reinsurance and Dividend Payment",Room 4,q-fin.PR
6590,"A study of size-dependent properties of MoS2 monolayer nanoflakes using
  density-functional theory",Room 8,physics.app-ph
6591,Estimating and backtesting risk under heavy tails,Room 3,q-fin.RM
6592,"Driven localized excitations in the acoustic spectrum of small nonlinear
  macroscopic and microscopic lattices",Room 8,nlin.PS
6593,"Cramer-Rao Bounds for Joint RSS/DoA-Based Primary-User Localization in
  Cognitive Radio Networks",Room 10,cs.PF
6594,Single molecule enzymology a la Michaelis-Menten,Room 6,q-bio.SC
6595,"Transit and lifespan in neutrophil production: implications for drug
  intervention",Room 6,q-bio.TO
6596,Cluster-tilted algebras and slices,Room 7,math.RT
6597,"Fast Inference of Interactions in Assemblies of Stochastic
  Integrate-and-Fire Neurons from Spike Recordings",Room 2,stat.ML
6598,"Multistage Portfolio Optimization: A Duality Result in Conic Market
  Models",Room 3,q-fin.PM
6599,Rijke tube: A nonlinear oscillator,Room 8,nlin.AO
6600,The issue of photons in dielectrics: Hamiltonian viewpoint,Room 11,gr-qc
6601,"Explicit solutions of quadratic FBSDEs arising from quadratic term
  structure models",Room 3,q-fin.MF
6602,Quantum-Inspired Tensor Neural Networks for Option Pricing,Room 3,q-fin.PR
6603,Non-linear waves in fluids near the critical point,Room 5,physics.flu-dyn
6604,Ergodic Properties of Fractional Brownian-Langevin Motion,Room 3,physics.data-an
6605,"Limiting distributions of curves under geodesic flow on hyperbolic
  manifolds",Room 7,math.DG
6606,"Instabilities at vicinal crystal surfaces - competition between the
  electromigration of the adatoms and the kinetic memory effect",Room 8,physics.chem-ph
6607,"Joint modeling of longitudinal drug using pattern and time to first
  relapse in cocaine dependence treatment data",Room 1,stat.AP
6608,"Sections, Selections and Prohorov's Theorem",Room 7,math.GN
6609,Random lasso,Room 2,stat.AP
6610,New Approach to Arakelov Geometry,Room 7,math.AG
6611,"Generalized genetic association study with samples of related
  individuals",Room 2,stat.AP
6612,A Projection Approach to Nonparametric Significance and Conditional Independence Testing,Room 1,econ.EM
6613,Faster algorithms for the square root and reciprocal of power series,Room 5,cs.SC
6614,A Receding Horizon Framework for Autonomy in Unmanned Vehicles,Room 10,eess.SY
6615,Mean Field Portfolio Games with Consumption,Room 4,q-fin.MF
6616,On the PRISMA Project,Room 4,astro-ph.IM
6617,Graphs of relations and Hilbert series,Room 7,math.RA
6618,"Data science for assessing possible tax income manipulation: The case of
  Italy",Room 1,q-fin.ST
6619,Rank and regularity for averages over submanifolds,Room 7,math.CA
6620,Binary Compressive Sensing via Smoothed $\ell_0$ Gradient Descent,Room 2,eess.SP
6621,"High-Fidelity Audio Generation and Representation Learning with Guided
  Adversarial Autoencoder",Room 2,eess.AS
6622,"Revisiting the Gaia Hypothesis: Maximum Entropy, Kauffman's 'Fourth Law'
  and Physiosemeiosis",Room 6,nlin.AO
6623,Dynamic portfolio selection without risk-free assets,Room 4,q-fin.PM
6624,Good Banach spaces for piecewise hyperbolic maps via interpolation,Room 5,math.DS
6625,"Ancilla-Quantum Cost Trade-off during Reversible Logic Synthesis using
  Exclusive Sum-of-Products",Room 10,cs.ET
6626,"Estimating animal densities and home range in regions with irregular
  boundaries and holes: a lattice-based alternative to the kernel density
  estimator",Room 2,stat.ME
6627,"Conductance of a junction between a normal metal and a Berezinskii
  superconductor",Room 8,cond-mat.supr-con
6628,An Abstraction Theory for Qualitative Models of Biological Systems,Room 6,cs.CE
6629,Efficient Image Transmission Through Analog Error Correction,Room 10,cs.MM
6630,"Bitcoin: Like a Satellite or Always Hardcore? A Core-Satellite
  Identification in the Cryptocurrency Market",Room 3,q-fin.PM
6631,Local torus actions modeled on the standard representation,Room 7,math.GT
6632,Nonnegatively and Positively curved manifolds,Room 7,math.DG
6633,The beam energy calibration system for the BEPC-II collider,Room 11,physics.acc-ph
6634,"A review of linear response theory for general differentiable dynamical
  systems",Room 8,nlin.CD
6635,"The Controller Generated from Noise Can Be Lyapunuov Stable: A
  Controller Stabilized Method",Room 10,eess.SY
6636,"A scalable computational framework for establishing long-term behavior
  of stochastic reaction networks",Room 6,q-bio.MN
6637,Games of Incomplete Information and Myopic Equilibria,Room 4,q-fin.EC
6638,"Towards a human eye behavior model by applying Data Mining Techniques on
  Gaze Information from IEC",Room 1,cs.HC
6639,Aircraft Proximity Maps Based on Data-Driven Flow Modeling,Room 1,cs.SY
6640,"Representation Theoretic Patterns in Multi-Frequency Class Averaging for
  Three-Dimensional Cryo-Electron Microscopy",Room 2,eess.IV
6641,On an integrable two-component Camassa-Holm shallow water system,Room 5,nlin.SI
6642,"Separating Controller Design from Closed-Loop Design: A New Perspective
  on System-Level Controller Synthesis",Room 10,eess.SY
6643,WMMSE resource allocation for FD-NOMA,Room 10,eess.SP
6644,From Sparse Signals to Sparse Residuals for Robust Sensing,Room 2,stat.ML
6645,"Thresholdless discrete surface solitons and stability switchings in
  periodically curved waveguides",Room 8,nlin.PS
6646,"Mining The Data From Distributed Database Using An Improved Mining
  Algorithm",Room 1,cs.DB
6647,"Price Regulation, Technology and Provider Redistribution: Insights from Parity Laws",Room 3,econ.GN
6648,"Improving the Entropy Estimate of Neuronal Firings of Modeled Cochlear
  Nucleus Neurons",Room 2,q-bio.NC
6649,USco1606-1935: An Unusually Wide Low-Mass Triple System?,Room 11,astro-ph
6650,"Residual-based localization and quantification of peaks in x-ray
  diffractograms",Room 1,stat.AP
6651,Measuring the lack of monotonicity in functions,Room 1,stat.AP
6652,Econometric modelling and forecasting of intraday electricity prices,Room 3,q-fin.ST
6653,A New Set of Financial Instruments,Room 3,q-fin.PR
6654,Using R for teaching and research,Room 12,stat.OT
6655,Bosonization of Supersymmetric KdV equation,Room 5,nlin.SI
6656,Discovering Heterogeneous Treatment Effects in Regression Discontinuity Designs,Room 1,econ.EM
6657,The DMM bound: multivariate (aggregate) separation bounds,Room 10,cs.SC
6658,"CopyCat: Many-to-Many Fine-Grained Prosody Transfer for Neural
  Text-to-Speech",Room 2,eess.AS
6659,Kinematics of A 3-PRP planar parallel robot,Room 12,cs.RO
6660,Managing Learning Structures,Room 4,econ.TH
6661,Filtering Algorithms for the Multiset Ordering Constraint,Room 1,cs.AI
6662,"Integrating alignment-based and alignment-free sequence similarity
  measures for biological sequence classification",Room 2,q-bio.GN
6663,Coarse Graining RNA Nanostructures for Molecular Dynamics Simulations,Room 6,q-bio.QM
6664,Experimental studies on vacancy induced ferromagnetism in undoped TiO2,Room 8,cond-mat.mtrl-sci
6665,Linear-Time Poisson-Disk Patterns,Room 1,cs.GR
6666,"Distinguished orbits and the L-S category of simply connected compact
  Lie groups",Room 7,math.GN
6667,The Social Welfare Implications of the Zenga Index,Room 4,econ.GN
6668,Persistence of stratification of normally expanded laminations,Room 7,math.DS
6669,"The DKU System for the Speaker Recognition Task of the 2019 VOiCES from
  a Distance Challenge",Room 2,eess.AS
6670,"High Throughput Computation of Reference Ranges of Biventricular Cardiac
  Function on the UK Biobank Population Cohort",Room 2,eess.IV
6671,"Multilingual Training and Cross-lingual Adaptation on CTC-based Acoustic
  Model",Room 12,eess.AS
6672,"On Identifying Total Effects in the Presence of Latent Variables and
  Selection bias",Room 1,stat.ME
6673,"Synchronization and Noise: A Mechanism for Regularization in Neural
  Systems",Room 6,q-bio.NC
6674,Community Detecting By Signaling on Complex Networks,Room 12,physics.soc-ph
6675,"Principal component analysis model for machine-part cell formation
  problem in group technology",Room 6,stat.AP
6676,"Recovery of the fetal electrocardiogram for morphological analysis from
  two trans-abdominal channels via optimal shrinkage",Room 2,eess.SP
6677,Landau-Khalatnikov problem in relativistic hydrodynamics,Room 8,nlin.PS
6678,"Assessing the Accuracy of a Wrist Motion Tracking Method for Counting
  Bites across Demographic and Food Variables",Room 12,eess.SP
6679,Spaces of quasi-exponentials and representations of gl_N,Room 7,math.QA
6680,The Stern Gerlach Experiment,Room 11,physics.hist-ph
6681,Partial Scanning Transmission Electron Microscopy with Deep Learning,Room 2,eess.IV
6682,"A Tropical ""NAT-like"" belt observed from space",Room 11,physics.ao-ph
6683,Structural transformation and environmental externalities,Room 4,econ.GN
6684,Cellular buckling in I-section struts,Room 11,nlin.PS
6685,"Minimal Number of Generators and Minimum Order of a Non-Abelian Group
  whose Elements Commute with Their Endomorphic Images",Room 7,math.GR
6686,Fast and Robust 3-D Sound Source Localization with DSVD-PHAT,Room 2,eess.AS
6687,Wealth distribution across communities of adaptive financial agents,Room 4,q-fin.GN
6688,Modeling Loosely Annotated Images with Imagined Annotations,Room 2,cs.IR
6689,Side-information Scalable Source Coding,Room 1,cs.IT
6690,"On lattice-free boosted MMI training of HMM and CTC-based full-context
  ASR models",Room 12,eess.AS
6691,The equations of medieval cosmology,Room 11,physics.hist-ph
6692,"Analysis of the impact degree distribution in metabolic networks using
  branching process approximation",Room 6,q-bio.MN
6693,"Bayesian variable selection for spatially dependent generalized linear
  models",Room 2,stat.ME
6694,Robustification of Elliott's on-line EM algorithm for HMMs,Room 3,stat.ME
6695,On RAF Sets and Autocatalytic Cycles in Random Reaction Networks,Room 6,nlin.AO
6696,Towards Control of Steady State Plasma on Tore Supra,Room 11,physics.plasm-ph
6697,Synchronization of endogenous business cycles,Room 3,econ.GN
6698,Ferrimagnetic organelles in multicellular organisms,Room 11,q-bio.TO
6699,"Automaton based detection of affected cells in three dimensional
  biological system",Room 6,cs.CE
6700,"Simulation Credibility Assessment Methodology with FPGA-based
  Hardware-in-the-loop Platform",Room 10,eess.SY
6701,Hochschild and ordinary cohomology rings of small categories,Room 7,math.AT
6702,Excitonic Mott transition in type-II quantum dots,Room 8,cond-mat.other
6703,Detect overlapping and hierarchical community structure in networks,Room 12,cs.CY
6704,"Optimal phenotypic plasticity in a stochastic environment minimizes the
  cost/benefit ratio",Room 6,q-bio.PE
6705,"A new approach to Cholesky-based covariance regularization in high
  dimensions",Room 2,stat.ME
6706,Use Cases of Quantum Optimization for Finance,Room 8,q-fin.GN
6707,"Taming of Modulation Instability by Spatio-Temporal Modulation of the
  Potential",Room 8,nlin.PS
6708,Extreme Measures in Continuous Time Conic Finace,Room 3,q-fin.RM
6709,"BigDataViewer: Interactive Visualization and Image Processing for
  Terabyte Data Sets",Room 2,q-bio.QM
6710,"A complete list of conservation laws for non-integrable compacton
  equations of $K(m,m)$ type",Room 5,nlin.SI
6711,"Immunomodulatory role of black tea in the mitigation of cancer induced
  by inorganic arsenic",Room 6,q-bio.TO
6712,Hidden breakpoints in genome alignments,Room 6,q-bio.GN
6713,"Validation of spallation neutron production and propagation within
  Geant4",Room 11,nucl-ex
6714,Use of a $d$-Constraint During LDPC Decoding in a Bliss Scheme,Room 10,cs.IT
6715,"Clades, clans and reciprocal monophyly under neutral evolutionary models",Room 6,q-bio.PE
6716,"End-to-end Recurrent Denoising Autoencoder Embeddings for Speaker
  Identification",Room 2,eess.AS
6717,"Comparison of SCIPUFF Plume Prediction with Particle Filter Assimilated
  Prediction for Dipole Pride 26 Data",Room 1,stat.AP
6718,Estimation of Reliability in the Two-Parameter Geometric Distribution,Room 1,stat.AP
6719,"Automated Quantification of the Impact of the Wood-decay fungus
  Physisporinus vitreus on the Cell Wall Structure of Norway spruce by
  Tomographic Microscopy",Room 11,q-bio.QM
6720,"UNet++: Redesigning Skip Connections to Exploit Multiscale Features in
  Image Segmentation",Room 2,eess.IV
6721,On the square root of the centre of the Hecke algebra of type A,Room 7,math.RT
6722,"Approximate Equilibrium Computation for Discrete-Time Linear-Quadratic
  Mean-Field Games",Room 4,eess.SY
6723,Chaos Pass Filter: Linear Response of Synchronized Chaotic Systems,Room 12,nlin.CD
6724,"Understand Waiting Time in Transaction Fee Mechanism: An
  Interdisciplinary Perspective",Room 4,econ.GN
6725,"The characterization of the Carleson measures for analytic Besov spaces:
  a simple proof",Room 7,math.CV
6726,Biogenic magnetic nanoparticles in plants,Room 11,q-bio.OT
6727,Feature selection for high-dimensional integrated data,Room 1,stat.AP
6728,Zero-bias autoencoders and the benefits of co-adapting features,Room 2,stat.ML
6729,Additivity and Relative Kodaira Dimensions,Room 7,math.SG
6730,"A stochastic model of B cell affinity maturation and a network model of
  immune memory",Room 1,q-bio.MN
6731,"Steady coexistence of the subjects of the market representing the
  private and state capital",Room 3,q-fin.GN
6732,"Volume Growth and Curvature Decay of Complete Positively Curved
  K\""{a}hler Manifolds",Room 7,math.MG
6733,Variational Bayes inference and Dirichlet process priors,Room 1,stat.CO
6734,"Paths to Influence: How Coordinated Influence Operations Affect the
  Prominence of Ideas",Room 4,econ.GN
6735,On the Minimum Spanning Tree for Directed Graphs with Potential Weights,Room 4,cs.DM
6736,"Enhancement of Noisy Speech exploiting a Gaussian Modeling based
  Threshold and a PDF Dependent Thresholding Function",Room 1,eess.AS
6737,The Self-Financing Equation in High Frequency Markets,Room 3,q-fin.TR
6738,"Voting power of political parties in the Senate of Chile during the
  whole binomial system period: 1990-2017",Room 4,econ.GN
6739,"A toolbox for fitting complex spatial point process models using
  integrated nested Laplace approximation (INLA)",Room 2,stat.AP
6740,"Computational methods to simultaneously compare the predictive values of
  two diagnostic tests with missing data: EM-SEM algorithms and multiple
  imputation",Room 1,stat.OT
6741,"First passage times in homogeneous nucleation: dependence on the total
  number of particles",Room 8,q-bio.BM
6742,"GenHap: A Novel Computational Method Based on Genetic Algorithms for
  Haplotype Assembly",Room 2,q-bio.GN
6743,On (Omega-)Regular Model Checking,Room 12,cs.LO
6744,Sparse essential interactions in model networks of gene regulation,Room 6,q-bio.MN
6745,Homological flat dimensions,Room 7,math.AC
6746,"Coupled Painlev\'e VI systems in dimension four with affine Weyl group
  symmetry of type $D_6^{(1)}$, II",Room 5,math.AG
6747,"Optimal Consensus for Uncertain High-order Multi-agent Systems by Output
  Feedback",Room 10,eess.SY
6748,"Variational principle for non-linear wave propagation in dissipative
  systems",Room 8,nlin.PS
6749,Existence of Fair Resolute Voting Rules,Room 4,econ.TH
6750,Expert Elicitation for Reliable System Design,Room 1,stat.ME
6751,"Mapping markets to the statistical mechanics: the derivatives act
  against the self-regulation of stock market",Room 4,q-fin.GN
6752,TOA Positioning for a TDMA Localization System,Room 10,eess.SP
6753,"Granger Causality Stock Market Networks: Temporal Proximity and
  Preferential Attachment",Room 3,q-fin.GN
6754,"Critical values and level sets of distance functions in Riemannian,
  Alexandrov and Minkowski spaces",Room 7,math.MG
6755,Nonlinear-damped Duffing oscillators having finite time dynamics,Room 8,nlin.CD
6756,The exit velocity of a compressed air cannon,Room 11,physics.pop-ph
6757,Water confined in nanopores: spontaneous formation of microcavities,Room 8,cond-mat.soft
6758,"Differences between normal and shuffled texts: structural properties of
  weighted networks",Room 6,physics.data-an
6759,"Minimizing Electricity Cost through Smart Lighting Control for Indoor
  Plant Factories",Room 10,eess.SY
6760,Linear impurity modes in an electrical lattice: Theory and Experiment,Room 8,nlin.PS
6761,U-Net Training with Instance-Layer Normalization,Room 2,eess.IV
6762,Alpha decay chains from element 113,Room 11,nucl-th
6763,Business Process Modeling Notation - An Overview,Room 1,cs.SE
6764,"No-Arbitrage Prices of Cash Flows and Forward Contracts as Choquet
  Representations",Room 3,q-fin.MF
6765,Structural Extrapolation in Regression Discontinuity Designs with an Application to School Expenditure Referenda,Room 4,econ.EM
6766,"Expressive Power and Approximation Errors of Restricted Boltzmann
  Machines",Room 2,stat.ML
6767,Breaking One-Round Key-Agreement Protocols in the Random Oracle Model,Room 10,cs.CC
6768,"Experimental Researches of Cutaneous Melanoma Immunotherapy by Antitumor
  Cell-Whole GM-CSF-Producing Vaccines",Room 11,q-bio.OT
6769,Order-Degree Curves for Hypergeometric Creative Telescoping,Room 7,cs.SC
6770,"Generalized rotational hamiltonians from nonlinear angular momentum
  algebras",Room 7,nucl-th
6771,"Divide and Conquer: An Incremental Sparsity Promoting Compressive
  Sampling Approach for Polynomial Chaos Expansions",Room 1,stat.CO
6772,Protein folding tames chaos,Room 6,q-bio.BM
6773,"Aggregation of Models, Choices, Beliefs, and Preferences",Room 4,econ.TH
6774,"Reservoir Computing for Macroeconomic Forecasting with Mixed Frequency
  Data",Room 2,econ.EM
6775,Identification of Chimera using Machine Learning,Room 2,nlin.AO
6776,"Periodic Ground States in the Neutral Falicov-Kimball Model in Two
  Dimensions",Room 5,cond-mat
6777,"S\'eparation des Solutions aux Mod\`eles G\'eom\'etriques Direct et
  Inverse pour les Manipulateurs Pleinement Parall\`eles",Room 12,cs.RO
6778,Long Wavelength Coherency in Well Connected Electric Power Networks,Room 5,nlin.AO
6779,Poresizes in random line networks,Room 6,q-bio.QM
6780,On two examples by Iyama and Yoshino,Room 7,math.AC
6781,Space use by foragers consuming renewable resources,Room 6,nlin.AO
6782,Capping off open books and the Ozsvath-Szabo contact invariant,Room 7,math.SG
6783,"David George Kendall, a biographical account",Room 11,math.HO
6784,An Application of Deep Reinforcement Learning to Algorithmic Trading,Room 3,q-fin.TR
6785,Finding a Feasible Flow in a Strongly Connected Network,Room 6,cs.DS
6786,A Mechanistic Dynamic Emulator,Room 1,stat.ME
6787,"Bright and dark solitons in a quasi 1D Bose-Einstein condensates
  modelled by 1D Gross-Pitaevskii equation with time-dependent parameters",Room 8,nlin.PS
6788,Holomorphic curves in exploded manifolds: regularity,Room 7,math.SG
6789,"Nonlinear Langevin equations for wandering patterns in stochastic neural
  fields",Room 5,q-bio.NC
6790,"Open data, open review and open dialogue in making social sciences
  plausible",Room 1,stat.OT
6791,"Estimation of Angles of Arrival Through Superresolution -- A Soft
  Recovery Approach for General Antenna Geometries",Room 1,eess.SP
6792,"Improved Upper Bounds for the Information Rates of the Secret Sharing
  Schemes Induced by the Vamos Matroid",Room 10,cs.CR
6793,"Pressure sensor-based tongue-placed electrotactile biofeedback for
  balance improvement - Biomedical application to prevent pressure sores
  formation and falls",Room 11,physics.med-ph
6794,The Critical Exponent is Computable for Automatic Sequences,Room 5,cs.FL
6795,Trapping and cooling of rf-dressed atoms in a quadrupole magnetic field,Room 8,physics.atom-ph
6796,"A Levy-driven Ornstein-Uhlenbeck process for the valuation of credit
  index swaptions",Room 3,q-fin.PR
6797,"Some notes on biasedness and unbiasedness of two-sample
  Kolmogorov-Smirnov test",Room 1,stat.OT
6798,Automorphisms of higher-dimensional right-angled Artin groups,Room 7,math.GR
6799,"Uncovering latent singularities from multifractal scaling laws in mixed
  asymptotic regime. Application to turbulence",Room 5,physics.data-an
6800,"The non autonomous YdKN equation and generalized symmetries of Boll
  equations",Room 5,nlin.SI
6801,"The state of the art in kidney and kidney tumor segmentation in
  contrast-enhanced CT imaging: Results of the KiTS19 Challenge",Room 2,eess.IV
6802,A simple method for estimating the Lorenz curve,Room 4,econ.GN
6803,Finding the sources of missing heritability in a yeast cross,Room 2,q-bio.GN
6804,Adiabatic orientation of rotating dipole molecules in an external field,Room 8,physics.atm-clus
6805,"Coincidence measurement of residues and light particles in the reaction
  56Fe+p at 1 GeV per nucleon with SPALADIN",Room 11,nucl-ex
6806,Visualising a Fuse,Room 11,physics.pop-ph
6807,"The loss optimisation of loan recovery decision times using forecast
  cash flows",Room 3,q-fin.RM
6808,"On the conditions of topological equivalence of pseudoharmonic functions
  defined on disk",Room 7,math.GN
6809,"Molecular geometry of alkaloids present in seeds of mexican prickly
  poppy",Room 6,q-bio.OT
6810,"Real-time Mobile Sensor Management Framework for city-scale
  environmental monitoring",Room 10,eess.SY
6811,A wide diversity of 3D surfaces Generator using a new implicit function,Room 5,cs.GR
6812,"An introduction to how chi-square and classical exact tests often wildly
  misreport significance and how the remedy lies in computers",Room 1,stat.ME
6813,End-to-end DNN Based Speaker Recognition Inspired by i-vector and PLDA,Room 2,eess.AS
6814,About the logarithm function over the matrices,Room 5,math.RA
6815,"SUSY-GUTs, SUSY-Seesaw and the Neutralino Dark Matter",Room 7,hep-ph
6816,Online End-to-End Neural Diarization with Speaker-Tracing Buffer,Room 2,eess.AS
6817,"A survey of time consistency of dynamic risk measures and dynamic
  performance measures in discrete time: LM-measure perspective",Room 3,q-fin.MF
6818,The Selberg trace formula for non-unitary representations of the lattice,Room 7,math.SP
6819,Simultaneous Swift and REM monitoring of the blazar PKS0537-441 in 2005,Room 11,astro-ph
6820,"The Impact of the Pharmaceutical Industry on the Innovation Performance
  of European Countries",Room 3,econ.GN
6821,Agent-Based Modeling of Intracellular Transport,Room 6,q-bio.SC
6822,"Observability and Controllability of Nonlinear Networks: The Role of
  Symmetry",Room 10,q-bio.NC
6823,"Exploiting the Passive Dynamics of a Compliant Leg to Develop Gait
  Transitions",Room 1,cs.RO
6824,A critical theory of quantum entanglement for the Hydrogen molecule,Room 5,quant-ph
6825,"A-Optimal Sampling and Robust Reconstruction for Graph Signals via
  Truncated Neumann Series",Room 2,eess.SP
6826,"Computational Efficiency in Multivariate Adversarial Risk Analysis
  Models",Room 4,econ.GN
6827,"Potential evolutionary advantage of a dissociative search mechanism in
  DNA mismatch repair",Room 6,q-bio.SC
6828,Linear Risk Sharing on Networks,Room 4,econ.TH
6829,"A shrinkage probability hypothesis density filter for multitarget
  tracking",Room 1,stat.AP
6830,"On the Peirce's ""balancing reasons rule"" failure in his ""large bag of
  beans"" example",Room 4,math.HO
6831,Communication of Statistics and Evidence in Times of Crisis,Room 1,stat.OT
6832,Dynamics of Rotator Chain with Dissipative Boundary,Room 5,nlin.CD
6833,"Doctors and Nurses Social Media Ads Reduced Holiday Travel and COVID-19
  infections: A cluster randomized controlled trial in 13 States",Room 1,econ.GN
6834,High level architecture evolved modular federation object model,Room 10,cs.SE
6835,"COVID-ResNet: A Deep Learning Framework for Screening of COVID19 from
  Radiographs",Room 2,eess.IV
6836,"Segmentation analysis on a multivariate time series of the foreign
  exchange rates",Room 3,q-fin.ST
6837,"An Efficient, Distributable, Risk Neutral Framework for CVA Calculation",Room 3,q-fin.CP
6838,"Lab-in-a-phone: Smartphone-based Portable Fluorometer for pH Field
  Measurements of Environmental Water",Room 11,q-bio.QM
6839,"Dynamic Noise Embedding: Noise Aware Training and Adaptation for Speech
  Enhancement",Room 2,eess.AS
6840,"Heterogeneous Susceptibles-Infectives model: Mechanistic derivation of
  the power law transmission function",Room 12,q-bio.PE
6841,Exponential Structure of Income Inequality: Evidence from 67 Countries,Room 4,q-fin.EC
6842,Some group theory problems,Room 7,math.GR
6843,"Information Content of Financial Youtube Channel: Case Study of 3PROTV
  and Korean Stock Market",Room 3,q-fin.PM
6844,Optimal Investment and Equilibrium Pricing under Ambiguity,Room 4,econ.GN
6845,Susceptibility of power grids to input fluctuations,Room 10,nlin.AO
6846,"Speech Enhancement Based on Non-stationary Noise-driven Geometric
  Spectral Subtraction and Phase Spectrum Compensation",Room 2,eess.AS
6847,"Dynamics of oscillator populations globally coupled with distributed
  phase shifts",Room 8,nlin.AO
6848,"CeliacNet: Celiac Disease Severity Diagnosis on Duodenal
  Histopathological Images Using Deep Residual Networks",Room 2,eess.IV
6849,"Generative Adversarial Speaker Embedding Networks for Domain Robust
  End-to-End Speaker Verification",Room 2,eess.AS
6850,Algorithms for laying points optimally on a plane and a circle,Room 10,cs.CG
6851,"Categorisation of Spreadsheet Use within Organisations, Incorporating
  Risk: A Progress Report",Room 12,cs.CY
6852,"dEchorate: a Calibrated Room Impulse Response Database for Echo-aware
  Signal Processing",Room 2,eess.AS
6853,Nash equilibria of quasisupermodular games,Room 4,econ.TH
6854,Bifurcation patterns of market regime transition,Room 3,q-fin.ST
6855,Hybrid simulation scheme for volatility modulated moving average fields,Room 5,stat.CO
6856,"Deciding Regularity of the Set of Instances of a Set of Terms with
  Regular Constraints is EXPTIME-Complete",Room 12,cs.SC
6857,Langevin Thermostat for Rigid Body Dynamics,Room 8,physics.comp-ph
6858,"Efficiently Secure Broadcasting in 5G Wireless Fog-Based-Fronthaul
  Networks",Room 10,eess.SP
6859,Relative Arbitrage Opportunities with Interactions among $N$ Investors,Room 4,q-fin.MF
6860,On the Behavior of the Residual in Conjugate Gradient Method,Room 5,cs.NA
6861,"An application of principal stratification to control for
  institutionalization at follow-up in studies of substance abuse treatment
  programs",Room 1,stat.AP
6862,Equation-free implementation of statistical moment closures,Room 1,cond-mat.stat-mech
6863,Valuations and dynamic convex risk measures,Room 3,q-fin.RM
6864,"Model for Constructing an Options Portfolio with a Certain Payoff
  Function",Room 3,q-fin.PR
6865,Incentivizing Resilience in Financial Networks,Room 3,q-fin.EC
6866,"Spin Effects in Quantum Chromodynamics and Recurrence Lattices with
  Multi-Site Exchanges",Room 8,cond-mat.stat-mech
6867,"Symmetry and Numerical Solutions for Systems of Non-linear Reaction
  Diffusion Equations",Room 12,math-ph
6868,"Dualheap Selection Algorithm: Efficient, Inherently Parallel and
  Somewhat Mysterious",Room 10,cs.DS
6869,"Mirror symmetry breaking and restoration: the role of noise and chiral
  bias",Room 8,q-bio.PE
6870,Auctions with Tokens: Monetary Policy as a Mechanism Design Choice,Room 4,econ.TH
6871,Sampling Colourings of the Triangular Lattice,Room 5,math-ph
6872,On the Marginal Distributions of Stationary AR(1) Sequences,Room 4,math.PR
6873,"Spatial Structure of Stationary Nonequilibrium States in the
  Thermostatted Periodic Lorentz Gas",Room 8,nlin.CD
6874,Human capital in the sustainable economic development of the energy sector,Room 3,econ.GN
6875,"Indifference Pricing of American Option Underlying Illiquid Stock under
  Exponential Forward Performance",Room 4,q-fin.PR
6876,Greedy Gossip with Eavesdropping,Room 10,cs.DC
6877,A Review of Kernel Density Estimation with Applications to Econometrics,Room 1,stat.ME
6878,"Control-Scheduling Codesign: A Perspective on Integrating Control and
  Computing",Room 10,cs.OH
6879,AOSO-LogitBoost: Adaptive One-Vs-One LogitBoost for Multi-Class Problem,Room 2,stat.ML
6880,"Explicit tracking of uncertainty increases the power of quantitative
  rule-of-thumb reasoning in cell biology",Room 1,q-bio.QM
6881,A New Image Steganography Based On First Component Alteration Technique,Room 2,cs.MM
6882,Ito calculus without probability in idealized financial markets,Room 3,q-fin.TR
6883,"Bounding the eigenvalues of the Laplace-Beltrami operator on compact
  submanifolds",Room 7,math.MG
6884,Cross Validation Based Model Selection via Generalized Method of Moments,Room 1,econ.EM
6885,Neural Lyapunov Redesign,Room 4,eess.SY
6886,A Review of Volatility and Option Pricing,Room 12,q-fin.PR
6887,Spatial and Spatiotemporal Volatility Models: A Review,Room 3,econ.EM
6888,"Electricity Price Forecasting using Sale and Purchase Curves: The
  X-Model",Room 3,q-fin.TR
6889,"Uncovering the Dynamics of Correlation Structures Relative to the
  Collective Market Motion",Room 4,q-fin.ST
6890,"Characterizing the infection-induced transcriptome of Nasonia
  vitripennis reveals a preponderance of taxonomically-restricted immune genes",Room 6,q-bio.GN
6891,"Measurement and Application of Entropy Production Rate in Human Subject
  Social Interaction Systems",Room 1,stat.ME
6892,Competitive ride-sourcing market with a third-party integrator,Room 4,econ.GN
6893,Backlund transformation and L2-stability of NLS solitons,Room 5,nlin.SI
6894,"Comparative performance analysis of multi dynamic time quantum Round
  Robin(MDTQRR) algorithm with arrival time",Room 10,cs.OS
6895,"Coordinating charging request allocation between self-interested
  navigation service platforms",Room 4,econ.TH
6896,The Simplicity of Optimal Dynamic Mechanisms,Room 4,econ.TH
6897,"How to create Alice string (half-quantum vortex) in a vector
  Bose-Einstein condensate",Room 8,cond-mat
6898,Information in stock prices and some consequences: A model-free approach,Room 3,q-fin.GN
6899,The structure of the climate debate,Room 4,q-fin.EC
6900,Backward Reachability for Polynomial Systems on A Finite Horizon,Room 10,eess.SY
6901,Contracting against Non-contractible Outsider,Room 4,econ.TH
6902,Creation of Quark-gluon Plasma in Celestial Laboratories,Room 11,physics.gen-ph
6903,Communication Efficiency in Self-stabilizing Silent Protocols,Room 10,cs.DS
6904,"Quantifying Limits to Detection of Early Warning for Critical
  Transitions",Room 1,q-bio.OT
6905,Stable and Unstable Vortex Knots in Excitable Media,Room 8,nlin.PS
6906,"Sequential decomposition of discrete memoryless channel with noisy
  feedback",Room 4,eess.SY
6907,Location Update Accuracy in Human Tracking system using Zigbee modules,Room 12,cs.HC
6908,Onset of sliding friction in incommensurate systems,Room 8,cond-mat
6909,"Genotype networks, innovation, and robustness in sulfur metabolism",Room 6,q-bio.MN
6910,"Synchronization transitions in ensembles of noisy oscillators with
  bi-harmonic coupling",Room 8,nlin.AO
6911,"Fingerprints of exceptional points in the survival probability of
  resonances in atomic spectra",Room 5,nlin.CD
6912,Instant Ghost Imaging: Algorithm and On-chip Implementation,Room 2,eess.IV
6913,Discrete symmetries of chaotic strings,Room 5,nlin.CD
6914,"Electromagnetic Casimir densities for a wedge with a coaxial cylindrical
  shell",Room 5,hep-th
6915,"Confidence Collapse in a Multi-Household, Self-Reflexive DSGE Model",Room 4,q-fin.GN
6916,"Sparse estimation of large covariance matrices via a nested Lasso
  penalty",Room 2,stat.AP
6917,Ramsey numbers and the size of graphs,Room 5,math.CO
6918,"Maze Solving Automatons for Self-Healing of Open Interconnects: Modular
  Add-on for Circuit Boards",Room 10,cs.ET
6919,"Geometric Complexity Theory VIII: On canonical bases for the nonstandard
  quantum groups",Room 7,cs.CC
6920,"Ghosts of bump attractors in stochastic neural fields: Bottlenecks and
  extinction",Room 8,nlin.PS
6921,Pairs of commuting Hamiltonians quadratic in momenta,Room 5,nlin.SI
6922,Unification modulo a partial theory of exponentiation,Room 12,cs.SC
6923,Factor Models for Alpha Streams,Room 3,q-fin.PM
6924,Zipf's law and criticality in multivariate data without fine-tuning,Room 2,q-bio.NC
6925,Labeled Random Finite Sets and the Bayes Multi-Target Tracking Filter,Room 1,stat.CO
6926,"Welfare Effects of Labor Income Tax Changes on Married Couples: A
  Sufficient Statistics Approach",Room 1,econ.GN
6927,Human brain distinctiveness based on EEG spectral coherence connectivity,Room 2,q-bio.NC
6928,Unified Single-Image and Video Super-Resolution via Denoising Algorithms,Room 2,eess.IV
6929,A metric on the space of weighted graphs,Room 10,math.MG
6930,$q$-Breathers in finite lattices: nonlinearity and weak disorder,Room 8,nlin.PS
6931,The role of sex separation in neutral speciation,Room 6,q-bio.PE
6932,"Mixing, entropy and competition",Room 5,nlin.AO
6933,"Solutions of Polynomial Systems Derived from the Steady Cavity Flow
  Problem",Room 5,math.NA
6934,"Stable-Range Approach to the Equation of Nonstationary Transonic Gas
  Flows",Room 5,physics.flu-dyn
6935,On the non-local hydrodynamic-type system and its soliton-like solution,Room 8,nlin.PS
6936,"TellTable Spreadsheet Audit: from Technical Possibility to Operating
  Prototype",Room 12,cs.SE
6937,"A generalized risk approach to path inference based on hidden Markov
  models",Room 1,stat.ML
6938,Optimal estimation for regression discontinuity design with binary outcomes,Room 1,econ.EM
6939,Forecasting dynamic return distributions based on ordered binary choice,Room 3,q-fin.ST
6940,"Some Comments around The Examples against The Generalized Jacobian
  Conjecture",Room 5,math.AC
6941,Joint multifractal analysis based on wavelet leaders,Room 3,q-fin.ST
6942,Extensions of McCoy Rings,Room 7,math.RA
6943,"3D modelling of the colliding winds in Eta Carinae - evidence for
  radiative inhibition",Room 11,astro-ph.HE
6944,"Constrained geometric dynamics of the Fenna-Matthews-Olson complex: The
  role of correlated motion in reducing uncertainty in excitation energy
  transfer",Room 8,q-bio.BM
6945,"KARMA: Kalman-based autoregressive moving average modeling and inference
  for formant and antiformant tracking",Room 2,stat.AP
6946,"Application of Structural Similarity Analysis of Visually Salient Areas
  and Hierarchical Clustering in the Screening of Similar Wireless Capsule
  Endoscopic Images",Room 2,eess.IV
6947,A Risk Comparison of Ordinary Least Squares vs Ridge Regression,Room 2,stat.ML
6948,"An Impedance Sensing Platform for Monitoring Heterogeneous Connectivity
  and Diagnostics in Lab-on-a-Chip Systems",Room 2,eess.SY
6949,Analysis of vibration impact on stability of dewetting thin liquid film,Room 8,physics.flu-dyn
6950,Stochastic adaptation of importance sampler,Room 1,stat.ME
6951,"Maximum likelihood estimation of a log-concave density and its
  distribution function: Basic properties and uniform consistency",Room 1,math.ST
6952,Dynamical coupling during collective animal motion,Room 6,q-bio.QM
6953,"Equilibrium and absolute minimal states of Mumford-Shah functionals and
  brittle fracture propagation",Room 8,math.AP
6954,"Informational Content of Factor Structures in Simultaneous Binary
  Response Models",Room 1,econ.EM
6955,Causal Discovery of Macroeconomic State-Space Models,Room 1,econ.TH
6956,"A Semi-parametric Realized Joint Value-at-Risk and Expected Shortfall
  Regression Framework",Room 3,q-fin.RM
6957,"Phase Transitions, Chaos and Joint Action in the Life Space Foam",Room 6,q-bio.NC
6958,Strict localization of eigenvectors and eigenvalues,Room 5,cs.NA
6959,"Noise and information transmission in promoters with multiple internal
  states",Room 6,q-bio.MN
6960,"Speculative Trading, Prospect Theory and Transaction Costs",Room 3,q-fin.MF
6961,Complete Reducibility and Separability,Room 7,math.GR
6962,"A functional analysis of speed profiles: smoothing using derivative
  information, curve registration, and functional boxplot",Room 1,stat.AP
6963,Facial Gesture Recognition Using Correlation And Mahalanobis Distance,Room 2,cs.CV
6964,"Two-step Estimation of Network Formation Models with Unobserved
  Heterogeneities and Strategic Interactions",Room 1,econ.EM
6965,On fundamental groups related to the Hirzebruch surface F_1,Room 7,math.AG
6966,Geometric Weil representation: local field case,Room 7,math.RT
6967,Optimal Subgroups and Applications to Nilpotent Elements,Room 7,math.GR
6968,"Value-at-Risk Diversification of $\alpha$-stable Risks: The
  Tail-Dependence Puzzle",Room 3,q-fin.RM
6969,"Spinopelvic Anatomic Parameters Prediction Model of NSLBP based on data
  mining",Room 11,q-bio.TO
6970,SETI Detection Strategies for Single Dish Radio Telescopes,Room 11,eess.SP
6971,"Virus genome sequence classification using features based on
  nucleotides, words and compression",Room 2,q-bio.GN
6972,"Distributed Detection/Isolation Procedures for Quickest Event Detection
  in Large Extent Wireless Sensor Networks",Room 10,stat.AP
6973,"Exact epidemic dynamics for generally clustered, complex networks",Room 4,q-bio.PE
6974,"Transient Stability of Droop-Controlled Inverter Networks with Operating
  Constraints",Room 10,eess.SY
6975,"Conceptual Closure: How Memories are Woven into an Interconnected
  Worldview",Room 6,nlin.AO
6976,"Train your classifier first: Cascade Neural Networks Training from upper
  layers to lower layers",Room 12,eess.AS
6977,DNest4: Diffusive Nested Sampling in C++ and Python,Room 1,stat.CO
6978,Implicitly Modeling Frequency Control within Power Flow,Room 10,eess.SY
6979,"Gated Recurrent Context: Softmax-free Attention for Online
  Encoder-Decoder Speech Recognition",Room 2,eess.AS
6980,Regularized Harmonic Surface Deformation,Room 1,cs.GR
6981,Multilingual lexicon design tool and database management system for MT,Room 12,cs.CL
6982,"Queue Imbalance as a One-Tick-Ahead Price Predictor in a Limit Order
  Book",Room 3,q-fin.TR
6983,Local Identification in Instrumental Variable Multivariate Quantile Regression Models,Room 1,econ.EM
6984,"Collective Alignment of Cells in Planar Cell Polarity: Insights from a
  Spin Model",Room 6,nlin.AO
6985,Finite-Time Stability Under Denial of Service,Room 10,eess.SY
6986,Automated Detection of Regions of Interest for Brain Perfusion MR Images,Room 2,eess.IV
6987,Incomplete noise-induced synchronization of spatially extended systems,Room 5,nlin.CD
6988,The Age-Specific Force of Natural Selection and Walls of Death,Room 6,q-bio.PE
6989,A Finite Horizon Optimal Multiple Switching Problem,Room 4,math.PR
6990,Chaos at Fifty Four in 2013,Room 5,nlin.CD
6991,Identifying Activity,Room 5,math.OC
6992,"Synchronization of two coupled multimode oscillators with time-delayed
  feedback",Room 12,nlin.CD
6993,"Loan maturity aggregation in interbank lending networks obscures
  mesoscale structure and economic functions",Room 3,q-fin.GN
6994,On the Complexity of Binary Samples,Room 5,cs.DM
6995,Photonic crystal laser-driven accelerator structures,Room 11,physics.acc-ph
6996,"Proof of the Feldman-Karlin Conjecture on the Maximum Number of
  Equilibria in an Evolutionary System",Room 6,q-bio.PE
6997,"A Novel Combined Term Suggestion Service for Domain-Specific Digital
  Libraries",Room 12,cs.DL
6998,"Adaptive Gaussian process approximation for Bayesian inference with
  expensive likelihood functions",Room 1,stat.CO
6999,"On a correspondence principle between discrete differential forms, graph
  structure and multi-vector calculus on symmetric lattices",Room 5,math.CV
7000,Iterative Regularization for Learning with Convex Loss Functions,Room 1,stat.ML
7001,"Sr2CrOsO6: Endpoint of a spin polarized metal-insulator transition by 5d
  band filling",Room 8,cond-mat.str-el
7002,"Fortran 90 implementation of the Hartree-Fock approach within the CNDO/2
  and INDO models",Room 5,physics.atm-clus
7003,"Explainable Deep Reinforcement Learning for Portfolio Management: An
  Empirical Approach",Room 3,q-fin.PM
7004,"Early stopping and non-parametric regression: An optimal data-dependent
  stopping rule",Room 1,stat.ML
7005,Symmetric M-tree,Room 7,cs.DB
7006,Immunity to Plasmodium knowlesi H strain malaria in olive baboons,Room 6,q-bio.CB
7007,Kinetic models for the trading of goods,Room 3,q-fin.GN
7008,"Spreading speeds and traveling waves for a model of epidermal wound
  healing",Room 5,q-bio.QM
7009,Open-flow mixing: Experimental evidence for strange eigenmodes,Room 5,nlin.CD
7010,"A Comparison of Label-Synchronous and Frame-Synchronous End-to-End
  Models for Speech Recognition",Room 12,eess.AS
7011,"Localization of Energy Harvesting Empowered Underwater Optical Wireless
  Sensor Networks",Room 10,eess.SP
7012,"Accurate reconstruction of insertion-deletion histories by statistical
  phylogenetics",Room 6,q-bio.PE
7013,Trading via Selective Classification,Room 3,q-fin.TR
7014,On the quantization of conjugacy classes,Room 7,math.DG
7015,"On Magnetic Interlayer Coupling and Proximity Effect in a
  La$_{0.67}$Ca$_{0.33}$MnO$_3$(10 nm)/YBa$_2$Cu$_3$O$_7$(10 nm) Superlattice",Room 8,cond-mat.str-el
7016,"Understanding the functional impact of copy number alterations in breast
  cancer using a network modeling approach",Room 2,q-bio.MN
7017,Efficient adaptive MCMC through precision estimation,Room 1,stat.CO
7018,Towards Nominal Formal Languages,Room 12,cs.FL
7019,"Interaction of a Hydrogen Refueling Station Network for Heavy-Duty
  Vehicles and the Power System in Germany for 2050",Room 4,econ.GN
7020,On bi-Hamiltonian formulation of the perturbed Kepler problem,Room 5,nlin.SI
7021,Causal Matrix Completion,Room 2,econ.EM
7022,A programmable clock generator for automatic Quality Assurance of LOCx2,Room 11,eess.SP
7023,"How volatilities nonlocal in time affect the price dynamics in complex
  financial systems",Room 4,q-fin.GN
7024,The Lifshitz-Slyozov-Wagner equation for reaction-controlled kinetics,Room 8,math.AP
7025,"The use of primary energy factors and CO2 intensities -- reviewing the
  state of play in academic literature",Room 4,econ.GN
7026,Field of View Extension in Computed Tomography Using Deep Learning Prior,Room 2,eess.IV
7027,"Enhancing power grid synchronization and stability through time delayed
  feedback control",Room 10,nlin.AO
7028,Modeling Accretion Disk X-ray Continuum of Black Hole Candidates,Room 11,astro-ph
7029,"ASN-Minimax double sampling plans by variables for two-sided
  specification limits when {\sigma} is unknown",Room 1,stat.ME
7030,Analysis Paralysis: when to stop?,Room 4,cs.SE
7031,From Micro- to Macro-scales in the Heliosphere and Magnetospheres,Room 11,physics.space-ph
7032,Theta Series Associated with the Weil-Schroedinger Representation,Room 7,math.NT
7033,Two switching multiple disorder problems for Brownian motions,Room 4,stat.AP
7034,Peer effect analysis with latent processes,Room 1,econ.EM
7035,"Embarrassingly Parallel Sequential Markov-chain Monte Carlo for Large
  Sets of Time Series",Room 3,stat.CO
7036,"Ionic Coulomb blockade and anomalous mole fraction effect in NaChBac
  bacterial ion channels",Room 8,q-bio.SC
7037,Feasible Conditional Belief Distributions,Room 4,econ.TH
7038,Alternatives for Testing Total Dual Integrality,Room 7,math.OC
7039,Universality and scaling limit of weakly-bound tetramers,Room 8,physics.atm-clus
7040,"Log-Normal continuous cascades: aggregation properties and estimation.
  Application to financial time-series",Room 5,q-fin.ST
7041,"Do shared e-scooter services cause traffic accidents? Evidence from six
  European countries",Room 1,econ.EM
7042,Branching integrals and Casselman phenomenon,Room 7,math.RT
7043,"Formation of Common Investment Networks by Project Establishment between
  Agents",Room 4,cs.SI
7044,"Fast Intrinsic Mode Decomposition of Time Series Data with Sawtooth
  Transform",Room 5,cs.NA
7045,Illiquidity and Derivative Valuation,Room 4,q-fin.TR
7046,The two-parameter Poisson--Dirichlet point process,Room 1,math.PR
7047,Variational inference for count response semiparametric regression,Room 1,stat.ME
7048,"Selective metamorphosis for growth modelling with applications to
  landmarks",Room 2,eess.IV
7049,"Deep-water waves: On the nonlinear Schr{\""o}dinger equation and its
  solutions",Room 5,nlin.SI
7050,A 2-generated 2-related group with no non-trivial finite factors,Room 7,math.GR
7051,"Optimization of Lyapunov Invariants in Verification of Software Systems
  (Extended Version)",Room 5,cs.SY
7052,Projective bases of division algebras and groups of central type II,Room 7,math.RA
7053,Mechanized semantics,Room 12,cs.PL
7054,An extension of Heston's SV model to Stochastic Interest Rates,Room 12,q-fin.CP
7055,Learning Graph Matching,Room 1,cs.CV
7056,"Material decomposition mechanisms in femtosecond laser interactions with
  metals",Room 8,physics.comp-ph
7057,"Summing a polynomial function over integral points of a polygon. User's
  guide",Room 10,cs.CG
7058,Pinhole induced efficiency variation in perovskite solar cells,Room 8,physics.app-ph
7059,Notes on the SWIFT method based on Shannon Wavelets for Option Pricing,Room 1,q-fin.CP
7060,"The Cost of Lunar Landing Pads with a Trade Study of Construction
  Methods",Room 4,econ.GN
7061,AIM 2019 Challenge on Image Demoireing: Methods and Results,Room 2,eess.IV
7062,"Alexey Vasilyevich Pogorelov, the mathematician of an incredible power",Room 5,math.HO
7063,Equalization Methods for NLIN Mitigation,Room 2,eess.SP
7064,"The Importance of Being Earnest: Performance of Modulation
  Classification for Real RF Signals",Room 2,eess.SP
7065,"Relation between Insertion Sequences and Genome Rearrangements in
  Pseudomonas aeruginosa",Room 6,q-bio.GN
7066,A new approach to position reconstruction in TOFPET,Room 2,physics.med-ph
7067,"Equivariant Birch-Swinnerton-Dyer conjecture for the base change of
  elliptic curves: An example",Room 7,math.NT
7068,"Safe Reinforcement Learning via Projection on a Safe Set: How to Achieve
  Optimality?",Room 4,eess.SY
7069,Hierarchical DCC-HEAVY Model for High-Dimensional Covariance Matrices,Room 1,econ.EM
7070,"Using an Online Learning Environment to Teach an Undergraduate
  Statistics Course: the tutor-web",Room 12,stat.OT
7071,Topological structures in the equities market network,Room 4,q-fin.PR
7072,"Some case example exact solutions for quadratically nonlinear optical
  media with $\mathcal{PT}$-symmetric potentials",Room 8,nlin.PS
7073,"Phonon instability and structural phase transition in Vanadium under
  high pressure",Room 8,cond-mat.mtrl-sci
7074,"A mixed relaxed singular maximum principle for linear SDEs with random
  coefficients",Room 4,math.OC
7075,Using reservoir computers to distinguish chaotic signals,Room 6,nlin.AO
7076,Lyapunov Coefficients for Degenerate Hopf Bifurcations,Room 8,math.DS
7077,"The Eilenberg-Moore category and a Beck-type theorem for a Morita
  context",Room 7,math.CT
7078,"Semi-Parallel Deep Neural Networks (SPDNN), Convergence and
  Generalization",Room 12,eess.IV
7079,Spherically symmetric spacetimes in f(R) gravity theories,Room 11,gr-qc
7080,How Market Ecology Explains Market Malfunction,Room 4,q-fin.GN
7081,"GuiLiner: A Configurable and Extensible Graphical User Interface for
  Scientific Analysis and Simulation Software",Room 11,cs.HC
7082,Volatility and Economic Growth in the Twentieth Century,Room 3,q-fin.GN
7083,"Charge and spin density response functions of the clean two-dimensional
  electron gas with Rashba spin-orbit coupling at finite momenta and
  frequencies",Room 8,cond-mat.mes-hall
7084,"Pricing Life Insurance under Stochastic Mortality via the Instantaneous
  Sharpe Ratio: Theorems and Proofs",Room 4,q-fin.PR
7085,"Collective phase dynamics of globally coupled oscillators: Noise-induced
  anti-phase synchronization",Room 8,nlin.AO
7086,Zigzag Persistence,Room 1,cs.CG
7087,"On the protection of extrasolar Earth-like planets around K/M stars
  against galactic cosmic rays",Room 11,astro-ph.EP
7088,Electric fields in plasmas under pulsed currents,Room 11,physics.plasm-ph
7089,"Analyzing Volleyball Data on a Compositional Regression Model Approach:
  An Application to the Brazilian Men's Volleyball Super League 2011/2012 Data",Room 4,stat.AP
7090,"Wmixnet: Software for Clustering the Nodes of Binary and Valued Graphs
  using the Stochastic Block Model",Room 1,stat.CO
7091,New versions of Schur-Weyl duality,Room 7,math.RT
7092,"Minimal surfaces in sub-Riemannian manifolds and structure of their
  singular sets in the (2,3) case",Room 7,math.AP
7093,"Does energy efficiency affect ambient PM2.5? The moderating role of
  energy investment",Room 4,econ.GN
7094,"Motor driven microtubule shape fluctuations - force from within the
  lattice",Room 8,cond-mat.soft
7095,"Localization in Coupled Finite Vibro-Impact Chains: Discrete Breathers
  and Multibreathers",Room 5,nlin.PS
7096,"Topoisomer Differentiation of Molecular Knots by FTICR MS: Lessons from
  Class II Lasso Peptides",Room 6,q-bio.BM
7097,The homotopy analysis method and the Lienard equation,Room 8,nlin.PS
7098,"The Impact of Digital Financial Services on Firm's Performance: a
  Literature Review",Room 3,q-fin.GN
7099,On $W_{1+\infty}$ 3-algebra and integrable system,Room 5,nlin.SI
7100,Intersection of subgroups in free groups and homotopy groups,Room 7,math.GR
7101,Impact of Cognitive Radio on Future Management of Spectrum,Room 10,cs.AI
7102,Recovery guarantees for exemplar-based clustering,Room 2,stat.ML
7103,"Goos-Haenchen shift and localization of optical modes in deformed
  microcavities",Room 5,nlin.CD
7104,"Throughput reduction on an air-ground transport system by the
  simultaneous effect of multiple traveling routes equipped with parking sites",Room 10,nlin.CG
7105,"Relaxation and noise-driven oscillations in a model of mitotic spindle
  dynamics",Room 6,q-bio.SC
7106,"Information -sharing, adaptive epigenetics and human longevity",Room 6,q-bio.OT
7107,"Comparing effects of price limit and circuit breaker in stock exchanges
  by an agent-based model",Room 3,q-fin.CP
7108,"Pseudo-random number generator based on asymptotic deterministic
  randomness",Room 5,nlin.CD
7109,A Short Note on some open problems in the geometry of operator ideals,Room 7,math.FA
7110,"Characterisation of a three-dimensional Brownian motor in optical
  lattices",Room 8,physics.atom-ph
7111,Turing instabilities from a limit cycle,Room 8,nlin.PS
7112,Persuasion and Welfare,Room 4,econ.TH
7113,Keldysh Ginzburg-Landau action of fluctuating superconductors,Room 8,cond-mat.supr-con
7114,Theory of Cryptocurrency Interest Rates,Room 3,q-fin.MF
7115,Asymptotic Behaviour and Ratios of Complexity in Cellular Automata,Room 5,nlin.CG
7116,Three-dimensional compact manifolds and the Poincare conjecture,Room 7,math.GM
7117,"Non-parametric kernel estimation for symmetric Hawkes processes.
  Application to high frequency financial data",Room 3,q-fin.TR
7118,Shapley Value Methods for Attribution Modeling in Online Advertising,Room 4,econ.EM
7119,BLOGRANK: Ranking Weblogs Based On Connectivity And Similarity Features,Room 1,cs.IR
7120,Introduction to the R package TDA,Room 1,cs.MS
7121,On the Black's equation for the risk tolerance function,Room 4,q-fin.PM
7122,"The integrals in Gradshteyn and Rhyzik. Part 2: Elementary logarithmic
  integrals",Room 5,math.CA
7123,L-infinity Algebras and Deformations of Holomorphic Maps,Room 7,math.AG
7124,"Nonparametric ""rich covariates"" without saturation",Room 1,econ.EM
7125,"Spontaneous symmetry breaking in nonlinear systems: An overview and a
  simple model",Room 8,nlin.PS
7126,Linear quadrilateral lattice equations and multidimensional consistency,Room 5,nlin.SI
7127,Geometric Linearization of Ordinary Differential Equations,Room 7,math.CA
7128,"Backward stochastic differential equations with random stopping time and
  singular final condition",Room 5,math.PR
7129,A New Embedded Measurement Structure for eDRAM Capacitor,Room 10,cs.AR
7130,A wavelet-based tool for studying non-periodicity,Room 5,nlin.CD
7131,Data-driven Algorithms for Dimension Reduction in Causal Inference,Room 4,stat.ME
7132,"Precise option pricing by the COS method--How to choose the truncation
  range",Room 12,q-fin.CP
7133,"Analysis of Nonlinear Noisy Integrate\&Fire Neuron Models: blow-up and
  steady states",Room 2,q-bio.NC
7134,Asian Option Pricing under Uncertain Volatility Model,Room 12,q-fin.PR
7135,Model selection criteria in beta regression with varying dispersion,Room 1,stat.CO
7136,"Dominant folding pathways of a peptide chain, from ab-initio
  quantum-mechanical simulations",Room 8,q-bio.BM
7137,"An adaptively weighted statistic for detecting differential gene
  expression when combining multiple transcriptomic studies",Room 2,stat.AP
7138,Equity in auction design with unit-demand agents and non-quasilinear preferences,Room 4,econ.TH
7139,"Self-Adaptive Soft Voice Activity Detection using Deep Neural Networks
  for Robust Speaker Verification",Room 12,eess.AS
7140,"Calibration of the Particle Density in Cellular-Automaton Models for
  Traffic Flow",Room 10,nlin.CG
7141,First order operators and boundary triples,Room 7,math.SP
7142,Hyperspectral Image Classification Based on Adaptive Sparse Deep Network,Room 2,eess.IV
7143,"Predictive intraday correlations in stable and volatile market
  environments: Evidence from deep learning",Room 3,q-fin.CP
7144,Evolving localizations in reaction-diffusion cellular automata,Room 6,cs.AI
7145,Probabilistic analysis of the upwind scheme for transport,Room 12,math.NA
7146,"Turbulent dynamics of pipe flow captured in a reduced model: puff
  relaminarisation and localised `edge' states",Room 8,physics.flu-dyn
7147,Automatic Unsupervised Tensor Mining with Quality Assessment,Room 1,stat.ML
7148,Sampling Logit Equilibrium and Endogenous Payoff Distortion,Room 4,econ.TH
7149,"Device-spectroscopy of magnetic field effects in a polyfluorene organic
  light-emitting diode",Room 8,cond-mat.soft
7150,"Phenomenon of irreducible genetic markers for TATAAA motifs in human
  chromosome 1",Room 6,q-bio.GN
7151,Sheaves and $K$-theory for $\mathbb{F}_1$-schemes,Room 7,math.KT
7152,Darwinian Evolution of Taste,Room 6,q-bio.OT
7153,Monitoring Networked Applications With Incremental Quantile Estimation,Room 10,stat.ME
7154,"Homogeneity tests for Michaelis-Menten curves with application to
  fluorescence resonance energy transfer data",Room 6,q-bio.BM
7155,"On the boundary-value problems and the validity of the Post constraint
  in modern electromagnetism",Room 8,physics.class-ph
7156,"Comments on ""Particle Markov Chain Monte Carlo"" by C. Andrieu, A. Doucet
  and R. Hollenstein",Room 1,stat.ME
7157,"Electromagnetic Pulse Propagation over Nonuniform Earth Surface:
  Numerical Simulation",Room 5,math.NA
7158,A quick guide for student-driven community genome annotation,Room 2,q-bio.GN
7159,"Estimation And Selection Via Absolute Penalized Convex Minimization And
  Its Multistage Adaptive Applications",Room 2,stat.ML
7160,"Delving into Youth Perspectives on In-game Gambling-like Elements: A
  Proof-of-Concept Study Utilising Large Language Models for Analysing
  User-Generated Text Data",Room 2,econ.GN
7161,On the Analytic Wavelet Transform,Room 1,math.ST
7162,"Interactions Between Solitons and Other Nonlinear Schr\""odinger Waves",Room 5,nlin.SI
7163,"Robust Dynamic State Estimation of Synchronous Machines with Asymptotic
  State Estimation Error Performance Guarantees",Room 10,eess.SY
7164,"Investigation of relaxation phenomena in high-temperature
  superconductors HoBa2Cu3O7-d at the action of pulsed magnetic fields",Room 8,cond-mat.soft
7165,"Computational aspects and applications of a new transform for solving
  the complex exponentials approximation problem",Room 5,math.NA
7166,Agentic Economic Modeling,Room 4,econ.EM
7167,"Oscillation arrest in the mouse somitogenesis clock presumably takes
  place via an infinite period bifurcation",Room 6,q-bio.CB
7168,Two-dimensional models of type theory,Room 7,math.LO
7169,Designing Scientific Grants,Room 11,econ.GN
7170,"Verification of Java Bytecode using Analysis and Transformation of Logic
  Programs",Room 10,cs.PL
7171,"Optimal investment and consumption in a Black--Scholes market with
  L\'evy-driven stochastic coefficients",Room 3,q-fin.PR
7172,A Generalization of A Leibniz Geometrical Theorem,Room 7,math.GM
7173,Eine empirische Analyse der Skalierung von Value-at-Risk Schaetzungen,Room 3,q-fin.RM
7174,Multidimensional Online Robot Motion,Room 10,cs.CG
7175,Graph Algorithms for Improving Type-Logical Proof Search,Room 12,cs.CL
7176,Specification Test Compaction for Analog Circuits and MEMS,Room 10,cs.AR
7177,"Additional Constants of Motion for a Discretization of the
  Calogero--Moser Model",Room 5,nlin.SI
7178,"Decay estimates of a tangential derivative to the light cone for the
  wave equation and their application",Room 5,math.AP
7179,On Poincare Polynomials of Hyperbolic Lie Algebras,Room 7,math-ph
7180,Ultra Low-Power System for Remote ECG Monitoring,Room 2,eess.SP
7181,Properties of the Discrete Pulse Transform for Multi-Dimensional Arrays,Room 5,cs.CV
7182,Parallel multi-objective algorithms for the molecular docking problem,Room 6,q-bio.QM
7183,Moduli spaces of rational tropical curves,Room 7,math.AG
7184,"Challenges and opportunities for statistics and statistical education:
  looking back, looking forward",Room 12,stat.OT
7185,"Analytical calculation of slip flow in lattice Boltzmann models with
  kinetic boundary conditions",Room 8,nlin.CG
7186,"The structure and energetics of $^3$He and $^4$He nanodroplets doped
  with alkaline earth atoms",Room 8,cond-mat.soft
7187,Where are Bottlenecks in NK Fitness Landscapes?,Room 6,cs.NE
7188,More on Tie-points and homeomorphism in N^*,Room 7,math.LO
7189,Winners and losers of immigration,Room 4,econ.GN
7190,Consistance d'un estimateur de minimum de variance \'etendue,Room 2,math.ST
7191,"Recollement of Deformed Preprojective Algebras and the Calogero-Moser
  Correspondence",Room 7,math.RT
7192,d-wave superconductivity from electron-phonon interactions,Room 8,cond-mat.supr-con
7193,"The DKU-Duke-Lenovo System Description for the Third DIHARD Speech
  Diarization Challenge",Room 2,eess.AS
7194,"Dynamics of Rogue Wave Excitation Pattern on Stripe Phase Backgrounds in
  a Two-component Bose-Einstein Condensate",Room 8,nlin.PS
7195,"A conditional compression distance that unveils insights of the genomic
  evolution",Room 6,q-bio.GN
7196,On the temperature of the moving rod,Room 5,physics.gen-ph
7197,"Large-Scale Mixed-Bandwidth Deep Neural Network Acoustic Modeling for
  Automatic Speech Recognition",Room 12,eess.AS
7198,"Practical Skills Demand Forecasting via Representation Learning of
  Temporal Dynamics",Room 1,econ.GN
7199,"Daily Data Assimilation of a Hydrologic Model Using the Ensemble Kalman
  Filter",Room 1,eess.SY
7200,On Selection of Cross-Section Averages in Non-stationary Environments,Room 1,econ.EM
7201,"BMW algebra, quantized coordinate algebra and type C Schur--Weyl duality",Room 7,math.QA
7202,"How log-normal is your country? An analysis of the statistical
  distribution of the exported volumes of products",Room 3,q-fin.EC
7203,"MarlinTPC: A Marlin based common TPC software framework for the LC-TPC
  collaboration",Room 10,physics.ins-det
7204,Collaborative Training in Sensor Networks: A graphical model approach,Room 10,cs.DC
7205,"Distribution of periodic torus orbits and Duke's theorem for cubic
  fields",Room 7,math.NT
7206,On the Representation of Finite Automata,Room 5,cs.FL
7207,The Trade-off Between Minimal Instability and Larger Improvements over Deferred Acceptance,Room 4,econ.TH
7208,"A dynamic approach merging network theory and credit risk techniques to
  assess systemic risk in financial networks",Room 3,q-fin.CP
7209,Meridional Almost Normal Surfaces in Knot Complements,Room 7,math.GT
7210,Discovery of cancer common and specific driver gene sets,Room 2,q-bio.GN
7211,"A new chaotic attractor in a basic multi-strain epidemiological model
  with temporary cross-immunity",Room 6,nlin.CD
7212,g factor of Li-like ions with nonzero nuclear spin,Room 8,physics.atom-ph
7213,"Residual Attention U-Net for Automated Multi-Class Segmentation of
  COVID-19 Chest CT Images",Room 2,eess.IV
7214,"Community structure in real-world networks from a non-parametrical
  synchronization-based dynamical approach",Room 8,nlin.CD
7215,Deep Reinforcement Learning for Asset Allocation in US Equities,Room 3,q-fin.PM
7216,"Quantitative analysis of the potential role of basal cell hyperplasia in
  the relationship between clonal expansion and radon concentration",Room 6,q-bio.TO
7217,"The Gerber-Shiu Expected Discounted Penalty Function: An Application to
  Poverty Trapping",Room 4,econ.GN
7218,Bar constructions and Quillen homology of modules over operads,Room 7,math.AT
7219,"Improving noise robustness of automatic speech recognition via parallel
  data and teacher-student learning",Room 12,eess.AS
7220,"Cointegration and ARDL specification between the Dubai crude oil and the
  US natural gas market",Room 3,econ.EM
7221,"Quadratic pencil of difference equations: Jost solutions, spectrum, and
  principal vectors",Room 5,math.SP
7222,Deep Learning Stock Volatility with Google Domestic Trends,Room 3,q-fin.CP
7223,Design of a Ballistically-Launched Foldable Multirotor,Room 1,eess.SY
7224,Numerical Simulations of Magnetized Winds of Solar-Like Stars,Room 11,astro-ph.SR
7225,Conductance Spectroscopy of Spin-triplet Superconductors,Room 8,cond-mat.supr-con
7226,Computer-assisted access to the kidney,Room 2,physics.med-ph
7227,Nonlinear ring waves in a two-layer fluid,Room 5,nlin.PS
7228,"Effect of realistic interatomic interactions and two-body correlation on
  the heat capacity of a trapped BEC",Room 8,cond-mat.quant-gas
7229,Simple Model of the Transduction of Cell-Penetrating Peptides,Room 8,q-bio.BM
7230,Vortices in self-gravitating gaseous discs,Room 11,astro-ph.EP
7231,Effects of the anomaly on the two-flavor QCD chiral phase transition,Room 12,hep-lat
7232,A Conversation with David Findley,Room 11,stat.ME
7233,Second Order Risk,Room 3,q-fin.PM
7234,Why Optimal States Recruit Fewer Reactions in Metabolic Networks,Room 6,q-bio.MN
7235,"Controllable List-wise Ranking for Universal No-reference Image Quality
  Assessment",Room 2,eess.IV
7236,"Variational Inducing Kernels for Sparse Convolved Multiple Output
  Gaussian Processes",Room 2,stat.ML
7237,Intrinsic limits of timekeeping precision in gene regulatory cascades,Room 6,q-bio.OT
7238,Iterative Neural Autoregressive Distribution Estimator (NADE-k),Room 2,stat.ML
7239,Better Bounds for Frequency Moments in Random-Order Streams,Room 2,cs.DS
7240,Upper bounds of Hilbert coefficients and Hilbert functions,Room 7,math.AC
7241,"Renewal convergence rates and correlation decay for homogeneous pinning
  models",Room 8,math.PR
7242,Fractal Weyl law for quantum fractal eigenstates,Room 5,cond-mat.dis-nn
7243,"Gradient-based adaptive interpolation in super-resolution image
  restoration",Room 2,cs.MM
7244,How to Center Binary Deep Boltzmann Machines,Room 2,stat.ML
7245,"The Cost Function of a Two-Level Inventory System with identical
  retailers benefitting from Information Sharing",Room 4,econ.GN
7246,"Prediction and control of spatiotemporal chaos by learning conjugate
  tubular neighborhoods",Room 6,nlin.AO
7247,The Economics of Blockchain Governance: Evaluate Liquid Democracy on the Internet Computer,Room 4,econ.GN
7248,Many-Body Theory of Synchronization by Long-Range Interactions,Room 12,nlin.AO
7249,Rupture by damage accumulation in rocks,Room 8,physics.geo-ph
7250,Practical wavelet design on the sphere,Room 11,math.NA
7251,"Analysis of Collectivism and Egoism Phenomena within the Context of
  Social Welfare",Room 4,cs.MA
7252,Early Stopping is Nonparametric Variational Inference,Room 2,stat.ML
7253,Quivers and the Euclidean group,Room 7,math.RT
7254,Optimal investment and price dependence in a semi-static market,Room 3,q-fin.PM
7255,"Analysis of P-time Event Graphs in (Max,+) and (Min,+) Algebras",Room 7,eess.SY
7256,"A generative adversarial network approach to calibration of local
  stochastic volatility models",Room 3,q-fin.CP
7257,"Does Visual Self-Supervision Improve Learning of Speech Representations
  for Emotion Recognition?",Room 2,eess.AS
7258,"Gender politics, environmental behaviours, and local territories:
  Evidence from Italian municipalities",Room 4,econ.GN
7259,"Re-examining the social impact of silver monetization in the Ming
  Dynasty from the perspective of supply and demand",Room 3,econ.GN
7260,A Cubic Equation of State for Amyloid Plaque Formation,Room 6,q-bio.BM
7261,"Feedback Scheduling for Energy-Efficient Real-Time Homogeneous
  Multiprocessor Systems",Room 10,cs.OS
7262,Concentration of maps and group action,Room 7,math.MG
7263,Relative-Error CUR Matrix Decompositions,Room 2,cs.DS
7264,On the complexity of computing with zero-dimensional triangular sets,Room 10,cs.SC
7265,"Generating functional analysis of minority games with inner product
  strategy definitions",Room 3,physics.soc-ph
7266,Morse theory in path space,Room 7,math-ph
7267,Machine learning and control engineering: The model-free case,Room 1,eess.SY
7268,"Asymptotic Mean Time To Failure and Higher Moments for Large, Recursive
  Networks",Room 1,cs.PF
7269,Effect of Blast Exposure on Gene-Gene Interactions,Room 2,q-bio.GN
7270,"Asymptotics for the Generalized Autoregressive Conditional Duration
  Model",Room 4,econ.EM
7271,Eigen mode selection in human subject game experiment,Room 4,econ.TH
7272,Deep Time-Delay Reservoir Computing: Dynamics and Memory Capacity,Room 6,nlin.AO
7273,"Sales Prediction Model Using Classification Decision Tree Approach For
  Small Medium Enterprise Based on Indonesian E-Commerce Data",Room 1,econ.GN
7274,"Inferring the contiguity matrix for spatial autoregressive analysis with
  applications to house price prediction",Room 3,q-fin.EC
7275,The Learning Crisis: Three Years After COVID-19,Room 4,econ.GN
7276,"Bayesian sparse graphical models and their mixtures using lasso
  selection priors",Room 1,stat.ME
7277,"Pseudoconvex regions of finite D'Angelo type in four dimensional almost
  complex manifolds",Room 7,math.CV
7278,On the 3-wave Equations with Constant Boundary Conditions,Room 5,nlin.SI
7279,"Optimality and uniqueness of the (4,10,1/6) spherical code",Room 10,math.MG
7280,A Streamlined Encoder/Decoder Architecture for Melody Extraction,Room 2,eess.AS
7281,A Symplectic Isotopy of a Dehn Twist on CP^n x CP^{n+1},Room 7,math.SG
7282,"Statistical Investigation of Connected Structures of Stock Networks in
  Financial Time Series",Room 3,q-fin.ST
7283,"Phase Diagram of Bosons in Two-Color Superlattices from Experimental
  Parameters",Room 8,cond-mat.quant-gas
7284,"Evolution of the Chinese Guarantee Network under Financial Crisis and
  Stimulus Program",Room 3,q-fin.RM
7285,On the regularity of geodesic rays associated to test configurations,Room 7,math.DG
7286,Fractality feature in oil price fluctuations,Room 5,q-fin.ST
7287,"Activized Learning: Transforming Passive to Active with Improved Label
  Complexity",Room 1,stat.ML
7288,"3-Generator Groups whose Elements Commute with Their Endomorphic Images
  Are Abelian",Room 7,math.GR
7289,Transport on river networks: A dynamical approach,Room 6,physics.geo-ph
7290,Semiparametric Bayesian Inference for a Conditional Moment Equality Model,Room 1,econ.EM
7291,"A Calculation Model for Estimating Effect of COVID-19 Contact-Confirming
  Application (COCOA) on Decreasing Infectors",Room 4,q-bio.OT
7292,"The Home Office in Times of COVID-19 Pandemic and its impact in the
  Labor Supply",Room 4,econ.GN
7293,"High-dimensional learning of linear causal networks via inverse
  covariance estimation",Room 1,stat.ML
7294,A Proximal-Projection Method for Finding Zeros of Set-Valued Operators,Room 5,nlin.SI
7295,Algebraic string bracket as a Poisson bracket,Room 7,math.AT
7296,Rayleigh fading suppression in one-dimension optical scatters,Room 11,eess.SP
7297,"Dynamic Contract Design for Systemic Cyber Risk Management of
  Interdependent Enterprise Networks",Room 10,eess.SY
7298,Network embeddedness indicates the innovation potential of firms,Room 3,econ.GN
7299,NP by means of lifts and shadows,Room 7,cs.CC
7300,Controlled collisions of two ultracold atoms in separate harmonic traps,Room 8,cond-mat.quant-gas
7301,"The Impact of Employment Web Sites' Traffic on Unemployment: A Cross
  Country Comparison",Room 1,stat.AP
7302,"The Installation Costs of a Satellite and Space Shuttle Launch Complex
  as a Public Expenditure Project",Room 11,q-fin.EC
7303,"Simple Algorithmic Principles of Discovery, Subjective Beauty, Selective
  Attention, Curiosity & Creativity",Room 1,cs.AI
7304,A Galois-theoretic approach to Kanev's correspondence,Room 7,math.AG
7305,Multi-center clinical trials: Randomization and ancillary statistics,Room 1,stat.AP
7306,"Measuring the Time-Varying Market Efficiency in the Prewar and Wartime
  Japanese Stock Market, 1924-1943",Room 3,q-fin.ST
7307,Nonsmoothable group actions on elliptic surfaces,Room 7,math.GT
7308,"Cooperative Multi-Agent Reinforcement Learning for Low-Level Wireless
  Communication",Room 10,eess.SP
7309,"Maximum approximate entropy and r threshold: A new approach for
  regularity changes detection",Room 2,nlin.CD
7310,Role of Diversification Risk in Financial Bubbles,Room 3,q-fin.GN
7311,"Bounded Mean-Delay Throughput and Non-Starvation Conditions in Aloha
  Network",Room 10,cs.NI
7312,Feigenbaum graphs at the onset of chaos,Room 8,nlin.CD
7313,"Integrable properties of the differential-difference
  Kadomtsev-Petviashvili hierarchy and continuum limits",Room 5,nlin.SI
7314,"Quantum dynamics of N-methylacetamide studied by the vibrational
  configuration interaction method",Room 8,q-bio.BM
7315,Semi-Supervised First-Person Activity Recognition in Body-Worn Video,Room 2,eess.IV
7316,Multi-colour random fields with polygonal realisations,Room 2,stat.ME
7317,A Note on the Multi-Agent Contracts in Continuous Time,Room 4,econ.EM
7318,"Bayesian variable selection regression for genome-wide association
  studies and other large-scale problems",Room 1,stat.AP
7319,"Upswing in Industrial Activity and Infant Mortality during Late 19th
  Century US",Room 4,econ.GN
7320,The Bouncing Jet: A Newtonian Liquid Rebounding off a Free Surface,Room 8,physics.flu-dyn
7321,Optimal Experimental Design Using A Consistent Bayesian Approach,Room 1,stat.CO
7322,Decision making under uncertainty in energy systems: state of the art,Room 1,eess.SY
7323,Estimation of Dynamic Panel Threshold Model using Stata,Room 4,econ.EM
7324,Coalescence of particles by differential sedimentation,Room 8,cond-mat.stat-mech
7325,"Developing Knowledge States: Technology and the Enhancement of National
  Statistical Capacity",Room 3,q-fin.GN
7326,Every weakly initially m-compact topological space is mpcap,Room 7,math.GN
7327,Marine Microplastics and Infant Health,Room 4,econ.GN
7328,"Interest-Based vs. Social Person-Recommenders in Social Networking
  Platforms",Room 1,cs.SI
7329,"Gauss-Newton Filtering incorporating Levenberg-Marquardt Methods for
  Radar Tracking",Room 1,nlin.AO
7330,"A penalized likelihood approach for robust estimation of isoform
  expression",Room 2,stat.ME
7331,"Inverse problems associated with integrable equations of Camassa-Holm
  type; explicit formulas on the real axis, I",Room 5,nlin.SI
7332,"Building Toffoli Network for Reversible Logic Synthesis Based on
  Swapping Bit Strings",Room 10,cs.AR
7333,"The Research on the Stagnant Development of Shantou Special Economic
  Zone Under Reform and Opening-Up Policy",Room 3,econ.EM
7334,Nowcasting Madagascar's real GDP using machine learning algorithms,Room 2,econ.GN
7335,Quantitative Games on Probabilistic Timed Automata,Room 4,cs.GT
7336,Almost solutions of equations in permutations,Room 5,math.GR
7337,"Do we listen to what we are told? An empirical study on human behaviour
  during the COVID-19 pandemic: neural networks vs. regression analysis",Room 1,econ.GN
7338,"Novel ion-doped mesoporous glasses for bone tissue engineering: Study of
  their strctural characteristics influenced by the presence of phosphorous
  oxide",Room 11,q-bio.TO
7339,"Advanced bridge instrument for the measurement of the phase noise and of
  the short-term frequency stability of ultra-stable quartz resonators",Room 11,physics.ins-det
7340,Real and complex zeros of Riemannian random waves,Room 5,math.SP
7341,"Influence Of Climate Change On The Corn Yield In Ontario And Its Impact
  On Corn Farms Income At The 2068 Horizon",Room 1,econ.GN
7342,Optimal investment with inside information and parameter uncertainty,Room 7,q-fin.PM
7343,$k$th price auctions and Catalan numbers,Room 7,econ.TH
7344,Computing the Oja Median in R: The Package OjaNP,Room 1,stat.CO
7345,"Joint scaling laws in functional and evolutionary categories in
  prokaryotic genomes",Room 6,q-bio.GN
7346,Traces on operator ideals and arithmetic means,Room 7,math.FA
7347,"Decision-Making in Driver-Automation Shared Control: A Review and
  Perspectives",Room 1,eess.SY
7348,Low Dimensional Embedding of fMRI datasets,Room 2,stat.ML
7349,Cortical Factor Feedback Model for Cellular Locomotion and Cytofission,Room 6,q-bio.CB
7350,The Poisson Kernel for Hardy Algebras,Room 7,math.OA
7351,"Advanced Deep Learning Methodologies for Skin Cancer Classification in
  Prodromal Stages",Room 2,eess.IV
7352,Vocal wow in an adapted reflex resonance model,Room 2,nlin.AO
7353,Testing for Coefficient Randomness in Local-to-Unity Autoregressions,Room 3,econ.EM
7354,"Reduced model for female endocrine dynamics: Validation and functional
  variations",Room 6,q-bio.TO
7355,(Debiased) Inference for Fixed Effects Estimators with Three-Dimensional Panel and Network Data,Room 4,econ.EM
7356,On real moduli spaces over M-curves,Room 7,math.SG
7357,"The Value Added of Machine Learning to Causal Inference: Evidence from
  Revisited Studies",Room 1,econ.GN
7358,"Hyperbolicity of exact hydrodynamics for three-dimensional linearized
  Grad's equations",Room 8,cond-mat.stat-mech
7359,Affine Models,Room 3,q-fin.PR
7360,"Speaker-invariant Affective Representation Learning via Adversarial
  Training",Room 2,eess.AS
7361,Fault prediction in aircraft engines using Self-Organizing Maps,Room 1,stat.AP
7362,Simulation of LiCAS Error Propagation,Room 11,physics.ins-det
7363,Estimating nonlinearities in twophase flow in porous media,Room 5,cs.NA
7364,Multi-Step Knowledge-Aided Iterative ESPRIT for Direction Finding,Room 2,eess.SP
7365,"Torus bifurcations of large-scale swarms having range dependent
  communication delay",Room 8,nlin.AO
7366,Zone and double zone diagrams in abstract spaces,Room 4,math.MG
7367,"The Human Group Optimizer (HGO): Mimicking the collective intelligence
  of human groups as an optimization tool for combinatorial problems",Room 10,nlin.AO
7368,R0 and the elimination of HIV in Africa: Will 90-90-90 be sufficient?,Room 12,q-bio.QM
7369,"The Minimum Wage as an Anchor: Effects on Determinations of Fairness by
  Humans and AI",Room 4,econ.GN
7370,The decay of magnetohydrodynamic turbulence in a confined domain,Room 8,physics.class-ph
7371,How and Why Did Probability Theory Come About?,Room 1,stat.OT
7372,Voice Pathology Detection Using Deep Learning: a Preliminary Study,Room 12,eess.AS
7373,"Analytic classification of singularities in the generalized Kowalevski
  case",Room 5,nlin.SI
7374,"Learned Video Compression via Joint Spatial-Temporal Correlation
  Exploration",Room 2,eess.IV
7375,"A basic macroeconomic agent-based model for analyzing monetary regime
  shifts",Room 3,econ.GN
7376,"Deep Learning-based Denoising of Mammographic Images using
  Physics-driven Data Augmentation",Room 2,eess.IV
7377,Optimal translational-rotational invariant dictionaries for images,Room 2,eess.IV
7378,High-Dimensional Screening Using Multiple Grouping of Variables,Room 2,stat.ML
7379,Computing Hulls And Centerpoints In Positive Definite Space,Room 2,cs.CG
7380,Small Area Shrinkage Estimation,Room 1,stat.ME
7381,"High order relaxed schemes for nonlinear reaction diffusion problems in
  nonconservative form",Room 5,math.NA
7382,"TEASING: a fast and accurate approximation for the low multipole
  likelihood of the Cosmic Microwave Background temperature",Room 11,astro-ph.CO
7383,"Synaptic balance due to homeostatically self-organized quasicritical
  dynamics",Room 6,nlin.AO
7384,"Surrogate-based Ensemble Grouping Strategies for Embedded Sampling-based
  Uncertainty Quantification",Room 5,stat.CO
7385,The topology of card transaction money flows,Room 6,q-fin.GN
7386,Optimal Taxation under Imperfect Trust,Room 4,econ.TH
7387,"Sex, lies and self-reported counts: Bayesian mixture models for heaping
  in longitudinal count data via birth-death processes",Room 1,stat.AP
7388,"Inference of Sparse Networks with Unobserved Variables. Application to
  Gene Regulatory Networks",Room 1,stat.ML
7389,Observer-based boundary control of distributed port-Hamiltonian systems,Room 12,eess.SY
7390,"Universal character and q-difference Painlev\'e equations with affine
  Weyl groups",Room 5,nlin.SI
7391,Object-Relational Database Representations for Text Indexing,Room 2,cs.IR
7392,The Approach to the Thermodynamic Limit in Lattice QCD at \mu\neq0,Room 12,hep-lat
7393,A dynamic ordered logit model with fixed effects,Room 1,econ.EM
7394,Prospects for making polar molecules with microwave fields,Room 8,quant-ph
7395,A closed-form formula for pricing bonds between coupon payments,Room 3,q-fin.PR
7396,"Untersuchungen zur Modellierung und Schaltungsrealisierung von
  synaptischer Plastizitaet",Room 6,q-bio.NC
7397,"PT-symmetric lattices with spatially extended gain/loss are generically
  unstable",Room 8,nlin.SI
7398,"Sinc Approximation of the Heat Distribution on the Boundary of a
  Two-Dimensional Finite Slab",Room 5,math.AP
7399,"Conditionally Gaussian Random Sequences for an Integrated Variance
  Estimator with Correlation between Noise and Returns",Room 3,stat.CO
7400,"Demonstrating an in-situ topological band transition in cylindrical
  granular chains",Room 5,nlin.PS
7401,"InversionNet: A Real-Time and Accurate Full Waveform Inversion with CNNs
  and continuous CRFs",Room 2,eess.SP
7402,"Kaluza-Klein Induced Supersymmetry Breaking for Braneworlds in Type IIB
  Supergravity",Room 11,hep-th
7403,"The Lefever-Lejeune nonlinear lattice: convergence dynamics and the
  structure of equilibrium states",Room 5,nlin.PS
7404,"U-net Based Direct-path Dominance Test for Robust Direction-of-arrival
  Estimation",Room 2,eess.AS
7405,An M-QAM Signal Modulation Recognition Algorithm in AWGN Channel,Room 2,eess.SP
7406,Resilient Finite Time Consensus: A Discontinuous Systems Perspective,Room 10,eess.SY
7407,Tracing the temporal evolution of clusters in a financial stock market,Room 3,cs.CE
7408,"A Scalable Port-Hamiltonian Approach to Plug-and-Play Voltage
  Stabilization in DC Microgrids",Room 10,eess.SY
7409,Reconstructing phase dynamics of oscillator networks,Room 6,nlin.CD
7410,"Learning-rate dependent clustering and self-development in a network of
  coupled phase oscillators",Room 6,nlin.AO
7411,Ground state of the time-independent Gross-Pitaevskii equation,Room 5,physics.comp-ph
7412,Landen transformations and the integration of rational functions,Room 5,math.CA
7413,On the number of young stellar discs in the Galactic Centre,Room 11,astro-ph.GA
7414,Inferring clonal composition from multiple tumor biopsies,Room 6,q-bio.GN
7415,On an identity for the volume integral of the square of a vector field,Room 5,physics.class-ph
7416,"Emergence of one- and two-cluster states in populations of globally
  pulse-coupled oscillators",Room 8,nlin.AO
7417,Pharmacovigilance Analysis of Drug-Induced Rhabdomyolysis Based on the FDA Adverse Event Reporting System (FAERS),Room 1,q-bio.OT
7418,"Comments on the Unified approach to the construction of Classical
  confidence intervals",Room 1,physics.data-an
7419,Dynamic index selection in data warehouses,Room 10,cs.DB
7420,"Comparing composite likelihood methods based on pairs for spatial
  Gaussian random fieldsM",Room 1,stat.ME
7421,"$H_{\infty}$ Optimal Control of Jump Systems Over Multiple Lossy
  Communication Channels",Room 4,eess.SY
7422,The Full Pythagorean Theorem,Room 5,math.HO
7423,Feature-rich bifurcations in a simple electronic circuit,Room 8,nlin.AO
7424,"On large automorphism groups of algebraic curves in positive
  characteristic",Room 7,math.AG
7425,On the Infinitude of Some Special Kinds of Primes,Room 7,math.GM
7426,Synchronization of Coupled Boolean Phase Oscillators,Room 12,nlin.AO
7427,"JSI-GAN: GAN-Based Joint Super-Resolution and Inverse Tone-Mapping with
  Pixel-Wise Task-Specific Filters for UHD HDR Video",Room 2,eess.IV
7428,"Self-similar and self-affine sets; measure of the intersection of two
  copies",Room 7,math.GM
7429,Bounds on the mixing enhancement for a stirred binary fluid,Room 5,physics.flu-dyn
7430,"Least squares Monte Carlo methods in stochastic Volterra rough
  volatility models",Room 3,q-fin.PR
7431,"Distribution-free cumulative sum control charts using bootstrap-based
  control limits",Room 1,stat.AP
7432,"Review of isolation enhancement with the help of Theory of
  characteristic modes",Room 11,eess.SP
7433,"Impactos da Navega\c{c}\~ao Baseada em Performance nos Tempos de Voo da
  Avia\c{c}\~ao Comercial",Room 1,econ.GN
7434,"Decentralized, Adaptive, Look-Ahead Particle Filtering",Room 1,stat.ML
7435,Bit Error Rate Prediction of Coded MIMO-OFDM Systems,Room 10,cs.NI
7436,Nonlinear SDEs driven by L\'evy processes and related PDEs,Room 5,math.PR
7437,"Nobeyama Millimeter Interferometric HCN(1-0) and HCO+(1-0) Observations
  of Further Luminous Infrared Galaxies",Room 12,astro-ph.GA
7438,"The Impact of Parenthood on Labour Market Outcomes of Women and Men in
  Poland",Room 1,econ.GN
7439,"Robust and accurate data enrichment statistics via distribution function
  of sum of weights",Room 2,q-bio.QM
7440,Rapid micro-immunohistochemistry,Room 6,q-bio.TO
7441,Crypto Inverse-Power Options and Fractional Stochastic Volatility,Room 3,q-fin.PR
7442,Inference from Selectively Disclosed Data,Room 4,econ.TH
7443,"FLAIR: A Metric for Liquidity Provider Competitiveness in Automated
  Market Makers",Room 3,q-fin.PM
7444,"Quantum Properties of Double Kicked Systems with Classical Translational
  Invariance in Momentum",Room 5,nlin.CD
7445,"Limit theorems for conditioned multitype Dawson-Watanabe processes and
  Feller diffusions",Room 8,math.PR
7446,Text-Conditioned Transformer for Automatic Pronunciation Error Detection,Room 12,eess.AS
7447,Descriptor system techniques and software tools,Room 10,eess.SY
7448,"Overcoming Limitations in Artificial Intelligence-based Prostate Cancer
  Detection through Better Datasets and a Bayesian Approach to Aggregate Panel
  Predictions",Room 2,q-bio.TO
7449,"Distributed Stability Conditions for Power Systems with Heterogeneous
  Nonlinear Bus Dynamics",Room 10,eess.SY
7450,"Novel Josephson Effects in d-wave Superconductor Junctions with
  Antiferromagnetic Interlayers",Room 8,cond-mat.supr-con
7451,An extension of Davis and Lo's contagion model,Room 3,q-fin.RM
7452,An effective many-body theory for strongly interacting polar molecules,Room 8,cond-mat.other
7453,"Perron-Frobenius theorem for nonnegative multilinear forms and
  extensions",Room 5,math.SP
7454,Estimating Nonseparable Selection Models: A Functional Contraction Approach,Room 1,econ.EM
7455,An Empirical Analysis of Scam Tokens on Ethereum Blockchain,Room 4,q-fin.TR
7456,Adapting the ABC distance function,Room 1,stat.CO
7457,"Are the Spatial Concentrations of Core-City and Suburban Poverty
  Converging in the Rust Belt?",Room 4,econ.GN
7458,"A look into the future of the COVID-19 pandemic in Europe: an expert
  consultation",Room 4,q-bio.OT
7459,Computational Solutions for Bayesian Inference in Mixture Models,Room 1,stat.CO
7460,A Folk Theorem for Indefinitely Repeated Network Games,Room 4,econ.TH
7461,On the Pricing of Storable Commodities,Room 4,q-fin.PR
7462,Bayesian Persuasion under Bias Management,Room 4,econ.TH
7463,Reduced form modeling of limit order markets,Room 3,q-fin.TR
7464,Regular and Completely Regular Differential Operators,Room 7,math.SP
7465,On Mechanism Underlying Algorithmic Collusion,Room 4,econ.TH
7466,Black Box Variational Inference,Room 2,stat.ML
7467,The Identifiability of Covarion Models in Phylogenetics,Room 6,q-bio.PE
7468,"Steepest Descent Multimodulus Algorithm for Blind Signal Retrieval in
  QAM Systems",Room 2,eess.SP
7469,"Context tree selection and linguistic rhythm retrieval from written
  texts",Room 2,stat.ML
7470,"Quality Control and Validation Boundaries in a Triple Helix of
  University-Industry-Government: 'Mode 2' and the Future of University
  Research",Room 11,cs.CY
7471,QCD Explorer Based ea and gamma-a Colliders,Room 11,physics.acc-ph
7472,"Discussion of ""Feature Matching in Time Series Modeling"" by Y. Xia and
  H. Tong",Room 1,stat.ME
7473,Kernel methods on spike train space for neuroscience: a tutorial,Room 2,q-bio.NC
7474,Spread of infectious diseases through clustered populations,Room 4,q-bio.QM
7475,"Optical probing of the intrinsic spin Hall effect in a high mobility
  GaAs p-doped quantum well",Room 8,physics.app-ph
7476,"On the Range of Cosine Transform of Distributions for Torus-Invariant
  Complex Minkowski Spaces",Room 7,math.MG
7477,"""Market making"" behaviour in an order book model and its impact on the
  bid-ask spread",Room 3,q-fin.TR
7478,Optimal Transport: Fast Probabilistic Approximation with Exact Solvers,Room 2,stat.CO
7479,"Neuronal Coding of pacemaker neurons - A random dynamical systems
  approach",Room 8,q-bio.NC
7480,"Estimation of Stability Regions of Droop Control Slopes for MMC-based
  MTDC Systems",Room 10,eess.SY
7481,"Multi-task additive models with shared transfer functions based on
  dictionary learning",Room 1,stat.ML
7482,"Pretty Fast Analysis: An embarrassingly parallel algorithm for
  biological simulation analysis",Room 11,physics.comp-ph
7483,"Comparison between high-energy proton and charged pion induced damage in
  Lead Tungstate calorimeter crystals",Room 11,physics.ins-det
7484,Insensitivity-induced potential non-uniqueness in system identification of Bouc-Wen models,Room 11,stat.OT
7485,"English Accent Accuracy Analysis in a State-of-the-Art Automatic Speech
  Recognition System",Room 12,eess.AS
7486,"Dyadic groups, dyadic trees and symmetries in long nucleotide sequences",Room 6,q-bio.OT
7487,"Optimal Control of an Energy Storage Facility Under a Changing Economic
  Environment and Partial Information",Room 4,q-fin.MF
7488,"How much information about a dynamical system do its recurrences
  contain?",Room 7,math.DS
7489,"On the integrability conditions for a family of the Li\'enard-type
  equations",Room 5,nlin.SI
7490,Is Bayes Posterior just Quick and Dirty Confidence?,Room 1,stat.ME
7491,A state equation for the Schelling's segregation model,Room 5,nlin.AO
7492,Minimal Model of Directed Cell Motility on Patterned Substrates,Room 6,q-bio.CB
7493,"Resolving a Clearing Member's Default, A Radner Equilibrium Approach",Room 3,q-fin.RM
7494,"New noise-induced statistically steady state in the spatially extended
  competition model",Room 6,nlin.PS
7495,"Neural coordination can be enhanced by occasional interruption of normal
  firing patterns: A self-optimizing spiking neural network model",Room 6,nlin.AO
7496,Hessian corrections to Hybrid Monte Carlo,Room 1,stat.CO
7497,Visualizing dimensionality reduction of systems biology data,Room 1,q-bio.QM
7498,"SOAPdenovo-Trans: De novo transcriptome assembly with short RNA-Seq
  reads",Room 2,q-bio.GN
7499,Optimal Chemotactic Responses in Stochastic Environments,Room 6,q-bio.CB
7500,Quantile-based classifiers,Room 2,stat.ME
7501,Generalized cable theory for neurons in complex and heterogeneous media,Room 8,q-bio.NC
7502,URLLC Services in 5G - Low Latency Enhancements for LTE,Room 10,eess.SP
7503,"Waveform generation for text-to-speech synthesis using pitch-synchronous
  multi-scale generative adversarial networks",Room 2,eess.AS
7504,Multivariate risk measures: a constructive approach based on selections,Room 3,q-fin.RM
7505,A Practical Attack on the MIFARE Classic,Room 10,cs.CR
7506,"GNU-Octave Como Alternativa de Simulaci\'on de Sistemas Din\'amicos No
  Lineales en la Ense\~nanza de la Ingenier\'ia",Room 10,eess.SY
7507,"Pricing multi-asset contingent claims in a multi-dimensional binomial
  market",Room 4,q-fin.MF
7508,The Structure of Scenarios,Room 1,econ.GN
7509,"Positive-Entropy Integrable Systems and the Toda Lattice, II",Room 7,nlin.SI
7510,A first course in Local arithmetic,Room 7,math.HO
7511,"Representation, simplification and display of fractional powers of
  rational numbers in computer algebra",Room 10,cs.SC
7512,"Protectionism and economic growth: Causal evidence from the first era of
  globalization",Room 3,econ.GN
7513,The Relative Symplectic Cone and T^2-Fibrations,Room 7,math.SG
7514,"New copulas based on general partitions-of-unity and their applications
  to risk management (part II)",Room 3,q-fin.RM
7515,Exploring the formation of spheroidal galaxies out to z~1.5 in GOODS,Room 12,astro-ph.GA
7516,"Comment on ""Convergence towards asymptotic state in 1-D mappings: A
  scaling investigation""",Room 8,nlin.AO
7517,"Pan-Cancer Diagnostic Consensus Through Searching Archival
  Histopathology Images Using Artificial Intelligence",Room 2,eess.IV
7518,Ultra LI-ideals in lattice implication algebras and MTL-algebras,Room 7,math.LO
7519,"Matrix genetics, part 5: genetic projection operators and direct sums",Room 6,q-bio.OT
7520,"Dependence Maximizing Temporal Alignment via Squared-Loss Mutual
  Information",Room 2,stat.ML
7521,Le Cam meets LeCun: Deficiency and Generic Feature Learning,Room 2,stat.ML
7522,Direct observation of the strange b baryon Xi_b^{-},Room 11,hep-ex
7523,"The network level reproduction number for infectious diseases with both
  vertical and horizontal transmission",Room 12,q-bio.PE
7524,Bayesian inference and the parametric bootstrap,Room 1,stat.AP
7525,"Distribution of Entropy Production for a Colloidal Particle in a
  Nonequilibrium Steady State",Room 8,cond-mat.stat-mech
7526,Mapping radii of metric spaces,Room 7,math.MG
7527,Operator theory of electrical resistance networks,Room 7,math.OA
7528,Artificial Intelligence Techniques for Steam Generator Modelling,Room 10,cs.AI
7529,A Fast Method for Array Response Adjustment with Phase-Only Constraint,Room 1,eess.SP
7530,"LSTM and GPT-2 Synthetic Speech Transfer Learning for Speaker
  Recognition to Overcome Data Scarcity",Room 12,eess.AS
7531,Commuting Families in Temperley-Lieb Algebras,Room 7,math.RT
7532,"Deep Neural Network for Respiratory Sound Classification in Wearable
  Devices Enabled by Patient Specific Model Tuning",Room 2,eess.AS
7533,Invasive Computing - Common Terms and Granularity of Invasion,Room 10,cs.OS
7534,"CorrGAN: Sampling Realistic Financial Correlation Matrices Using
  Generative Adversarial Networks",Room 2,q-fin.ST
7535,"The effective potential and resummation procedure to multidimensional
  complex cubic potentials for weak and strong-coupling",Room 5,math-ph
7536,Algebraic Bethe ansatz for the sl(2) Gaudin model with boundary,Room 5,nlin.SI
7537,Inference of higher order substitution dynamics by Markov chain lumping,Room 1,q-bio.QM
7538,"Timing is everything: on the stochastic origins of cell-to-cell
  variability in cancer cell death decisions",Room 6,q-bio.CB
7539,Equity Pay In Networked Teams,Room 4,econ.TH
7540,"The Foundations of Genodynamics: The Development of Metrics for
  Genomic-Environmental Interactions",Room 6,q-bio.GN
7541,"Deep Learning Meets Queue-Reactive: A Framework for Realistic Limit
  Order Book Simulation",Room 3,q-fin.TR
7542,Failure mechanisms of load sharing complex systems,Room 1,nlin.AO
7543,"Two-dimensional ring-like vortex and multisoliton nonlinear structures
  at the upper-hybrid resonance",Room 5,physics.plasm-ph
7544,G-quadruplexes and mRNA localization,Room 6,q-bio.OT
7545,Multidimensional matching,Room 4,q-fin.EC
7546,Model-free prediction of multistability using echo state network,Room 6,nlin.AO
7547,"Sashimi plots: Quantitative visualization of RNA sequencing read
  alignments",Room 1,q-bio.GN
7548,Scintillation yield of liquid xenon at room temperature,Room 11,physics.ins-det
7549,"W2S: Microscopy Data with Joint Denoising and Super-Resolution for
  Widefield to SIM Mapping",Room 2,eess.IV
7550,"Integrating Frequency Translational Invariance in TDNNs and Frequency
  Positional Information in 2D ResNets to Enhance Speaker Verification",Room 12,eess.AS
7551,"Are Bitcoin Bubbles Predictable? Combining a Generalized Metcalfe's Law
  and the LPPLS Model",Room 3,econ.EM
7552,Distribution of Cognitive Load in Web Search,Room 1,cs.HC
7553,Multiscale principal component analysis,Room 2,stat.ME
7554,Defaultable term structures driven by semimartingales,Room 3,q-fin.MF
7555,On Tensor Completion via Nuclear Norm Minimization,Room 1,stat.ML
7556,"A note on optimal expected utility of dividend payments with
  proportional reinsurance",Room 4,q-fin.PM
7557,Formal Abstraction of Linear Systems via Polyhedral Lyapunov Functions,Room 10,cs.SY
7558,Formulas of F-thresholds and F-jumping coefficients on toric rings,Room 7,math.AC
7559,On Duplication in Mathematical Repositories,Room 7,cs.DL
7560,$\sigma$-continuity and related forcings,Room 7,math.LO
7561,Search for B0->phiK+pi- Decays with Large K+pi- Invariant Mass,Room 11,hep-ex
7562,"DeepUnifiedMom: Unified Time-series Momentum Portfolio Construction via
  Multi-Task Learning with Multi-Gate Mixture of Experts",Room 2,q-fin.CP
7563,Darwin et la socialit\'e : entre anthropomorphisme et gradualisme,Room 6,q-bio.PE
7564,Hedging problems for Asian options with transactions costs,Room 3,q-fin.MF
7565,Network of two-Chinese-character compound words in Japanese language,Room 2,cs.CL
7566,"Reduction of Mathematical Models of Nuclear Receptor Binding to Promoter
  Regions",Room 6,q-bio.QM
7567,"Preferential Detachment During Human Brain Development: Age- and
  Sex-Specific Structural Connectivity in Diffusion Tensor Imaging (DTI) Data",Room 2,q-bio.NC
7568,"Single Layer PCB Broadband Circular Polarisation Millimetre Wave Massive
  MIMO Array",Room 11,eess.SP
7569,Bispectrality of multivariable Racah-Wilson polynomials,Room 5,math.CA
7570,Signal focusing through active transport,Room 6,q-bio.SC
7571,Albert Einstein - a Pious Atheist,Room 11,physics.hist-ph
7572,Dimension-Reduced Cosine Expansions via Tensor Decomposition: Methodology and Applications to Credit Exposure Quantification,Room 3,q-fin.CP
7573,Contests with sequential moves: An experimental study,Room 4,econ.GN
7574,A flexible matrix Libor model with smiles,Room 3,q-fin.PR
7575,"The RWTH ASR System for TED-LIUM Release 2: Improving Hybrid HMM with
  SpecAugment",Room 12,eess.AS
7576,"Statistical Behavior of Embeddedness and Communities of Overlapping
  Cliques in Online Social Networks",Room 1,cs.SI
7577,The Compass for Statistical Researchers,Room 7,stat.OT
7578,Testing the identification of causal effects in observational data,Room 4,econ.EM
7579,"Bayesian Nonparametric Variable Selection as an Exploratory Tool for
  Finding Genes that Matter",Room 1,stat.ME
7580,Distance-weighted Support Vector Machine,Room 2,stat.ML
7581,"Opportunities and challenges of mRNA technologies in development of
  Dengue Virus Vaccine",Room 11,q-bio.OT
7582,A Schottky decomposition theorem for complex projective structures,Room 7,math.GT
7583,"Effective tuning of exciton polarization splitting in coupled quantum
  dots",Room 8,cond-mat.mes-hall
7584,Algebraic Distributed Space-Time Codes with Low ML Decoding Complexity,Room 2,cs.IT
7585,"Effective symbolic dynamics, random points, statistical behavior,
  complexity and entropy",Room 5,math.DS
7586,Fast TeV variability in blazars: jets in a jet,Room 11,astro-ph.HE
7587,Black-Scholes-Merton Option Pricing Revisited: Did we Find a Fatal Flaw?,Room 3,q-fin.PR
7588,"Implementation of an Innovative Bio Inspired GA and PSO Algorithm for
  Controller design considering Steam GT Dynamics",Room 10,cs.NE
7589,Symmetries and periodic orbits in simple hybrid Routhian systems,Room 5,eess.SY
7590,"Tellipsoid: Exploiting inter-gene correlation for improved detection of
  differential gene expression",Room 2,stat.ME
7591,"Improving the Performance of PieceWise Linear Separation Incremental
  Algorithms for Practical Hardware Implementations",Room 1,cs.NE
7592,An evaluation of Bradfordizing effects,Room 12,cs.DL
7593,"Resilience of international oil trade networks under extreme event
  shock-recovery simulations",Room 3,econ.EM
7594,"Design and simulation of 1.28 Tbps dense wavelength division multiplex
  system suitable for long haul backbone",Room 11,eess.SP
7595,Traveling Waves in 2D Hexagonal Granular Crystal Lattices,Room 8,nlin.PS
7596,Spatial rogue waves in photorefractive SBN crystals,Room 11,nlin.PS
7597,Cartesian Bicategories II,Room 7,math.CT
7598,Mechanical Stress Inference for Two Dimensional Cell Arrays,Room 6,q-bio.CB
7599,Bregman distances and Chebyshev sets,Room 7,math.FA
7600,"Fully scalable online-preprocessing algorithm for short oligonucleotide
  microarray atlases",Room 2,q-bio.QM
7601,Attacking the combination generator,Room 10,cs.CR
7602,"Rational Choice Hypothesis as X-point of Utility Function and Norm
  Function",Room 4,econ.GN
7603,Eroding market stability by proliferation of financial instruments,Room 4,q-fin.TR
7604,Pansori: ASR Corpus Generation from Open Online Video Contents,Room 12,eess.AS
7605,Central Clearing Valuation Adjustment,Room 3,q-fin.RM
7606,Universally Utility-Maximizing Privacy Mechanisms,Room 4,cs.DB
7607,"Synchronization problems for unidirectional feedback coupled nonlinear
  systems",Room 5,math.CA
7608,Superconducting Through-Silicon Vias for Quantum Integrated Circuits,Room 8,physics.app-ph
7609,DCGANs for Realistic Breast Mass Augmentation in X-ray Mammography,Room 2,eess.IV
7610,Dynamics of generalized PT-symmetric dimers with time periodic gain-loss,Room 8,nlin.PS
7611,"Unresolved Classical Electromagnetic Aspects of the Aharonov-Bohm Phase
  Shift",Room 8,physics.atom-ph
7612,"High- and low-frequency phonon modes in dipolar quantum gases trapped in
  deep lattices",Room 8,nlin.PS
7613,Worst-Case Background Knowledge for Privacy-Preserving Data Publishing,Room 4,cs.DB
7614,"On the Necessary and Sufficient Condition of Greedy Routing Supporting
  Geographical Data Networks",Room 4,cs.CG
7615,Hamiltonian Formalism of Two-Dimensional Vlasov Kinetic Equation,Room 8,nlin.SI
7616,Text Modeling using Unsupervised Topic Models and Concept Hierarchies,Room 2,cs.AI
7617,"Voice Conversion Challenge 2020: Intra-lingual semi-parallel and
  cross-lingual voice conversion",Room 2,eess.AS
7618,"Investigation of enhanced Tacotron text-to-speech synthesis systems with
  self-attention for pitch accent language",Room 12,eess.AS
7619,Hiding Secret Information in Movie Clip: A Steganographic Approach,Room 2,cs.MM
7620,"A convergent finite difference method for a nonlinear variational wave
  equation",Room 5,math.AP
7621,"Experimental observation of structural crossover in binary mixtures of
  colloidal hard spheres",Room 8,cond-mat.soft
7622,Moduli of flat SU(3)-bundles over a Klein bottle,Room 7,math.SG
7623,"Detecting Emotion Primitives from Speech and their use in discerning
  Categorical Emotions",Room 2,eess.AS
7624,"The generalized periodic ultradiscrete KdV equation and its background
  solutions",Room 5,nlin.SI
7625,"Cell density controls signal propagation waves in a multicellular
  synthetic gene circuit",Room 6,q-bio.CB
7626,Non-commutative rational Yang-Baxter maps,Room 5,nlin.SI
7627,On Epidemic Spreading under Mobility on Networks,Room 6,eess.SY
7628,"Adapting a Formal Model Theory to Applications in Augmented Personalized
  Medicine",Room 1,q-bio.OT
7629,Sync and swarm: solvable model of non-identical swarmalators,Room 8,nlin.AO
7630,Real numbers as infinite decimals and irrationality of $\sqrt{2}$,Room 5,math.HO
7631,Power-Law Noises over General Spatial Domains and on Non-Standard Meshes,Room 5,stat.CO
7632,"On the length of attractors in boolean networks with an interaction
  graph by layers",Room 4,cs.DM
7633,"High-Dimensional Covariance Decomposition into Sparse Markov and
  Independence Models",Room 1,stat.ML
7634,"Vector-borne threats: Sustainable approaches to their diagnosis and
  treatment",Room 11,q-bio.OT
7635,Remarks about Hardy inequalities on metric trees,Room 7,math.SP
7636,"Testing for sparse idiosyncratic components in factor-augmented
  regression models",Room 3,econ.EM
7637,On the heterogeneous character of water's amorphous polymorphism,Room 8,cond-mat.dis-nn
7638,Correlated multi-asset portfolio optimisation with transaction cost,Room 4,q-fin.PM
7639,Two-sided Grassmann-Rayleigh quotient iteration,Room 5,math.NA
7640,Cryptanalysis of shifted conjugacy authentication protocol,Room 10,math.GR
7641,"Temperature Dependence of Spontaneous Switch-on and Switch-off of Laser
  Cavity Solitons in Vertical-Cavity Surface-Emitting Lasers with
  Frequency-Selective Feedback",Room 8,nlin.PS
7642,"Single-trial estimation of stimulus and spike-history effects on
  time-varying ensemble spiking activity of multiple neurons: a simulation
  study",Room 2,q-bio.NC
7643,Constrained flow around a magnetic obstacle,Room 11,physics.flu-dyn
7644,"Joint Estimation of Multiple Graphical Models from High Dimensional Time
  Series",Room 1,stat.ML
7645,Frozen Footprints,Room 12,cs.DL
7646,An Analysis of Bug Distribution in Object Oriented Systems,Room 12,cs.SE
7647,"Elliptic Flow and Jet Quenching of a Parton System after Relativistic
  Heavy Ion Collision",Room 11,nucl-th
7648,An Empirical Framework for Discrete Games with Costly Information Acquisition,Room 4,econ.EM
7649,"Riemannian and Lorentzian structures on the non symmetric space
  SO(2m)/Sp(m)",Room 7,math.DG
7650,Revealing networks from dynamics: an introduction,Room 6,nlin.AO
7651,Towards a Spreadsheet Engineering,Room 12,cs.CY
7652,"Notes on the Kazhdan-Lusztig theorem on equivalence of the Drinfeld
  category and the category of Uq(g)-modules",Room 7,math.QA
7653,"PMCE: efficient inference of expressive models of cancer evolution with
  high prognostic power",Room 2,stat.ML
7654,"Heart Rate Variability Analysis Using Threshold of Wavelet Package
  Coefficients",Room 2,cs.CV
7655,"Defect solitons in defective PT potentials with real part of
  dual-frequency lattices",Room 8,nlin.PS
7656,"Non-invasive imaging of Young's modulus and Poisson's ratio in cancers
  in vivo",Room 2,eess.IV
7657,An AI approach to measuring financial risk,Room 3,q-fin.RM
7658,Tailoring $\mathcal{PT}$-symmetric soliton switch,Room 8,nlin.PS
7659,"A robust but easily implementable remote control for quadrotors:
  Experimental acrobatic flight tests",Room 10,eess.SY
7660,"Why Pacing Frequency Affects the Production of Early
  Afterdepolarizations in Cardiomyocytes: An Explanation Revealed by Slow/Fast
  Analysis of a Minimal Model",Room 6,q-bio.TO
7661,First-Order Algorithms for Constrained Nonlinear Dynamic Games,Room 4,eess.SY
7662,"Transition from mode-locked periodic orbit to chaos in a 2D piecewise
  smooth non-invertible map",Room 12,nlin.CD
7663,Role of relaxation time scale in noisy signal transduction,Room 6,q-bio.MN
7664,"A Fixed-Flexible BESS Allocation Scheme for Transmission Networks
  Considering Uncertainties",Room 10,eess.SP
7665,"A Bell-Evans-Polanyi principle for molecular dynamics trajectories and
  its implications for global optimization",Room 8,physics.comp-ph
7666,"A Simplified and Numerically Stable Approach to the BG/NBD Churn
  Prediction model",Room 1,stat.OT
7667,Efficient Bayesian Learning in Social Networks with Gaussian Estimators,Room 4,stat.AP
7668,L-systems in Geometric Modeling,Room 5,cs.GR
7669,Some Uniform Limit Results in Additive Regression Model,Room 1,math.ST
7670,Guidelines for reporting single-cell RNA-Seq experiments,Room 2,q-bio.GN
7671,Bi-Hamiltonian ODEs with matrix variables,Room 7,nlin.SI
7672,rf Breakdown with and without External Magnetic Fields,Room 11,physics.acc-ph
7673,Feature Level Clustering of Large Biometric Database,Room 1,cs.CV
7674,Hidden Multiplicity in Multiway ANOVA: Prevalence and Remedies,Room 1,stat.AP
7675,"Bayesian Bilinear Neural Network for Predicting the Mid-price Dynamics
  in Limit-Order Book Markets",Room 2,econ.EM
7676,Distributed Discovery of Large Near-Cliques,Room 10,cs.DC
7677,"Reconstruction of Undersampled 3D Non-Cartesian Image-Based Navigators
  for Coronary MRA Using an Unrolled Deep Learning Model",Room 2,eess.IV
7678,Lambda-Free Logical Frameworks,Room 12,cs.LO
7679,Learned SIRT for Cone Beam Computed Tomography Reconstruction,Room 2,eess.IV
7680,Transparent Programming of Heterogeneous Smartphones for Sensing,Room 10,cs.OS
7681,"MicroRNAs Implicated in Dysregulation of Gene Expression Following Human
  Lung Transplantation",Room 6,q-bio.GN
7682,"Selection and identity rules for subductions of type A quantum
  Iwahori-Hecke algebras",Room 7,math-ph
7683,Neuronal synchrony during anaesthesia - A thalamocortical model,Room 6,q-bio.NC
7684,"Isometric action of SL(2,R) on homogeneous spaces",Room 7,math.MG
7685,Automated Generation of Layout and Control for Quantum Circuits,Room 8,quant-ph
7686,"Automatic detection and diagnosis of sacroiliitis in CT scans as
  incidental findings",Room 2,eess.IV
7687,Strategic Random Networks: Why Social Networking Technology Matters,Room 4,stat.AP
7688,"Orthogonal polynomials and partial differential equations on the unit
  ball",Room 5,math.CA
7689,On Categorical Theory-Building: Beyond the Formal,Room 7,math.HO
7690,The C-value enigma and timing of the Cambrian explosion,Room 6,q-bio.GN
7691,"Fuzzy Core Equivalence in Large Economies: A Role for the
  Infinite-Dimensional Lyapunov Theorem",Room 4,econ.TH
7692,Robust exponential binary pattern storage in Little-Hopfield networks,Room 2,q-bio.NC
7693,A characterization of round spheres in terms of blocking light,Room 7,math.GT
7694,Fuzzballs with internal excitations,Room 11,hep-th
7695,"Non-Uniform BCSK Modulation in Nutrient-Limited Relay-Assisted Molecular
  Communication System: Optimization and Performance Evaluation",Room 8,eess.SP
7696,"The restricted consistency property of leave-$n_v$-out cross-validation
  for high-dimensional variable selection",Room 1,stat.ME
7697,The energy representation of world GDP,Room 3,econ.GN
7698,A new estimator for the tail-dependence coefficient,Room 3,stat.AP
7699,"SInC: An accurate and fast error-model based simulator for SNPs, Indels
  and CNVs coupled with a read generator for short-read sequence data",Room 2,q-bio.QM
7700,Portfolio Choice with Market-Credit Risk Dependencies,Room 4,q-fin.MF
7701,Structure theorems for certain Gorenstein ideals,Room 7,math.AC
7702,"Modelagem de Sistemas Audiom\'etricos Usando T\'ecnicas de
  Computa\c{c}\~ao Flex\'ivel",Room 2,eess.SY
7703,"Elasticity of Spider dragline Silks Viewed as Nematics: Yielding Induced
  by Isotropic-Nematic Phase Transition",Room 8,physics.bio-ph
7704,On the Design and Analysis of Quaternary Serial and Parallel Adders,Room 10,cs.AR
7705,"A new strain energy function for the hyperelastic modelling of ligaments
  and tendons based on fascicle microstructure",Room 11,q-bio.TO
7706,"Information, complexity, brains and reality (Kolmogorov Manifesto)",Room 1,physics.gen-ph
7707,On the confidentiality of controller states under sensor attacks,Room 10,eess.SY
7708,Non-robustness of diffusion estimates on networks with measurement error,Room 1,econ.EM
7709,"Characterization of the matrix whose norm is determined by its action on
  decreasing sequences:The exceptional cases",Room 5,math.FA
7710,"Glutamate regulation of calcium and IP3 oscillating and pulsating
  dynamics in astrocytes",Room 8,q-bio.NC
7711,"A genetic algorithm for structure-activity relationships: software
  implementation",Room 2,cs.NE
7712,Connecting period-doubling cascades to chaos,Room 5,nlin.CD
7713,SRMR variants for improved blind room acoustics characterization,Room 2,cs.SD
7714,Dynamic Question Ordering in Online Surveys,Room 1,stat.OT
7715,"Raman-assisted crystallography reveals end-on peroxide intermediates in
  a nonheme iron enzyme",Room 6,q-bio.BM
7716,Network-Aware Strategies in Financial Systems,Room 3,q-fin.RM
7717,On a new version of the Ito's formula for the stochastic heat equation,Room 5,math.PR
7718,Speech Dereverberation Using Fully Convolutional Networks,Room 2,eess.AS
7719,The CCI30 Index,Room 3,q-fin.GN
7720,"The Scalable Brain Atlas: instant web-based access to public brain
  atlases and related content",Room 2,q-bio.NC
7721,"Cross-lingual Text-independent Speaker Verification using Unsupervised
  Adversarial Discriminative Domain Adaptation",Room 2,eess.AS
7722,How Market Structure Drives Commodity Prices,Room 3,q-fin.GN
7723,"Hairpins Participating in Folding of Human Telomeric Sequence
  Quadruplexes Studied by Standard and T-REMD Simulations",Room 6,q-bio.BM
7724,MRI Banding Removal via Adversarial Training,Room 2,eess.IV
7725,"A supersymmetric AKNS problem and its Darboux-B\""acklund transformations
  and discrete systems",Room 5,nlin.SI
7726,"Genetic Transferability of Anomalous Irradiation Alterations of
  Antibiotic Activity",Room 6,q-bio.BM
7727,Sensing viruses by mechanical tension of DNA in responsive hydrogels,Room 8,q-bio.BM
7728,Feature Level Fusion of Face and Fingerprint Biometrics,Room 1,cs.CV
7729,"Robustly segmenting quadriceps muscles of ultra-endurance athletes with
  weakly supervised U-Net",Room 2,eess.IV
7730,"Efficient MIMO-OFDM Schemes for Future Terrestrial Digital TV with
  Unequal Received Powers",Room 10,cs.NI
7731,"Crowding effects on the mechanical stability and unfolding pathways of
  Ubiquitin",Room 8,q-bio.BM
7732,"Nature and statistics of majority rankings in a dynamical model of
  preference aggregation",Room 4,physics.soc-ph
7733,Robust High Dimensional Sparse Regression and Matching Pursuit,Room 1,stat.ML
7734,When does Active Learning Work?,Room 1,stat.ML
7735,The Gauss-Dirichlet Orbit Number,Room 7,math.GM
7736,"Bilinearization and Special Solutions to the Discrete Schwarzian KdV
  Equation",Room 5,nlin.SI
7737,"Dynamic Predictions with Time-Dependent Covariates in Survival Analysis
  using Joint Modeling and Landmarking",Room 1,stat.AP
7738,Real-Time Stochastic Optimal Control for Multi-agent Quadrotor Systems,Room 10,eess.SY
7739,"Social Resource Allocation in a Mobility System with Connected and
  Automated Vehicles: A Mechanism Design Problem",Room 4,eess.SY
7740,A Modified Randomization Test for the Level of Clustering,Room 1,econ.EM
7741,"Impact of COVID-19 on Exchange rate volatility of Bangladesh: Evidence
  through GARCH model",Room 3,econ.GN
7742,"Free energy Sequential Monte Carlo, application to mixture modelling",Room 1,stat.CO
7743,Toward a closed-loop subcutaneous delivery of L-DOPA,Room 8,q-bio.TO
7744,"Magnetic hyperthermia enhances cell toxicity with respect to exogenous
  heating",Room 11,q-bio.TO
7745,"Boolean formulae, hypergraphs and combinatorial topology",Room 7,math.AT
7746,"Understanding Nucleic Acid Structural Changes by Comparing Wide-Angle
  X-ray Scattering (WAXS) Experiments to Molecular Dynamics Simulations",Room 6,q-bio.BM
7747,Line-Defect Patterns of Unstable Spiral Waves in Cardiac Tissue,Room 5,q-bio.TO
7748,"Aqueous Amino Acids and Proteins Near the Surface of Gold in Hydrophilic
  and Hydrophobic Force Fields",Room 8,q-bio.BM
7749,"Saturated absorption spectroscopy: elimination of crossover resonances
  by use of a nanocell",Room 8,physics.class-ph
7750,Perfusion Linearity and Its Applications,Room 2,cs.CE
7751,The Gardner method for symmetries,Room 5,nlin.SI
7752,Nonlinear Matroid Optimization and Experimental Design,Room 10,math.CO
7753,"Deterministic Sampling of Multivariate Densities based on Projected
  Cumulative Distributions",Room 2,eess.SY
7754,When Does Linear Stability Not Exclude Nonlinear Instability ?,Room 8,nlin.PS
7755,The Laguerre polynomials preserve real-rootedness,Room 5,math.HO
7756,Invariance of generalized wordlength patterns,Room 1,stat.ME
7757,Single cell data explosion: Deep learning to the rescue,Room 2,q-bio.OT
7758,"MS-UNIQUE: Multi-model and Sharpness-weighted Unsupervised Image Quality
  Estimation",Room 2,eess.IV
7759,"On smile properties of volatility derivatives and exotic products:
  understanding the VIX skew",Room 3,q-fin.MF
7760,"A Unified Approach for Drawdown (Drawup) of Time-Homogeneous Markov
  Processes",Room 4,q-fin.MF
7761,Artificial Intelligence in Glioma Imaging: Challenges and Advances,Room 2,eess.IV
7762,"LifeRaft: Data-Driven, Batch Processing for the Exploration of
  Scientific Databases",Room 10,cs.DB
7763,"Simulation of an Electrostatic Energy Harvester at Large Amplitude
  Narrow and Wide Band Vibrations",Room 8,cs.OH
7764,"SOAP Serialization Performance Enhancement, Design And Implementation Of
  A Middleware",Room 10,cs.SE
7765,PAC-Bayesian AUC classification and scoring,Room 1,stat.ML
7766,"Computational experiments successfully predict the emergence of
  autocorrelations in ultra-high-frequency stock returns",Room 4,q-fin.TR
7767,General scalar products in the arbitrary six-vertex model,Room 5,nlin.SI
7768,"Extreme control of impulse transmission by cylinder-based nonlinear
  phononic crystals",Room 8,nlin.PS
7769,"Towards 3D ultrasound image based soft tissue tracking: a transrectal
  ultrasound prostate image alignment system",Room 2,cs.OH
7770,"Recommendations for extending the GFF3 specification for improved
  interoperability of genomic data",Room 2,q-bio.OT
7771,Hedging under multiple risk constraints,Room 4,q-fin.RM
7772,Development of Tracking Detectors with industrially produced GEM Foils,Room 11,physics.ins-det
7773,Normalities and Commutators,Room 7,math.CT
7774,"Augmented Slepians: Bandlimited Functions that Counterbalance Energy in
  Selected Intervals",Room 1,eess.SP
7775,Two-Sample Inference in Highly Dispersed Negative Binomial Models,Room 1,stat.ME
7776,Modular functionals and perturbations of Nakano spaces,Room 7,math.LO
7777,On some permutation polynomials over F_q of the form x^r*h(x^((q-1)/d))),Room 7,math.NT
7778,The Potluck Problem,Room 4,cs.GT
7779,Double Multi-Head Attention for Speaker Verification,Room 2,eess.AS
7780,"Semi-supervised Development of ASR Systems for Multilingual
  Code-switched Speech in Under-resourced Languages",Room 12,eess.AS
7781,"A Pyramid Recurrent Network for Predicting Crowdsourced Speech-Quality
  Ratings of Real-World Signals",Room 2,eess.AS
7782,"Forecasting the Performance of US Stock Market Indices During COVID-19:
  RF vs LSTM",Room 2,econ.EM
7783,Protecting Spreadsheets Against Fraud,Room 12,cs.CY
7784,"The Finite Non-periodic Toda Lattice: A Geometric and Topological
  Viewpoint",Room 5,nlin.SI
7785,A Dominance Argument Against Incompleteness,Room 3,econ.TH
7786,The cohomology of lambda-rings and K-theory,Room 7,math.KT
7787,Selective Disclosure in Overlapping Generations,Room 4,econ.TH
7788,Fast and Robust Parametric Estimation of Jointly Sparse Channels,Room 1,cs.SY
7789,Spin dephasing due to a random Berry phase,Room 8,cond-mat.mes-hall
7790,Propagation Of Waves In Periodic-Heterogeneous Bistable Systems,Room 5,nlin.PS
7791,The Glider Equation for Asymptotic Lenia,Room 6,nlin.CG
7792,Lyapunov stable chain recurrent classes,Room 7,math.DS
7793,Can Agent-Based Models Probe Market Microstructure?,Room 4,q-fin.CP
7794,Comment on Miscalibration of the Honeybee Odometer,Room 1,q-bio.OT
7795,"Multivariate Subordination using Generalised Gamma Convolutions with
  Applications to V.G. Processes and Option Pricing",Room 3,q-fin.MF
7796,"Time Series Technical Analysis via New Fast Estimation Methods: A
  Preliminary Study in Mathematical Finance",Room 3,stat.AP
7797,"A new analysis of aftershock sequence statistics and fault geometry
  fingerprinting",Room 1,physics.geo-ph
7798,Minimum Distance Estimation of Quantile Panel Data Models,Room 4,econ.EM
7799,"Similarity Analysis in Automatic Performance Debugging of SPMD Parallel
  Programs",Room 10,cs.DC
7800,"Filamentation processes and dynamical excitation of light condensates in
  optical media with competing nonlinearities",Room 8,nlin.PS
7801,Phospholipid demixing and the birth of a lipid droplet,Room 6,q-bio.SC
7802,"Fast detection of nonlinearity and nonstationarity in short and noisy
  time series",Room 3,nlin.CD
7803,First principles study of magnetism in nanographenes,Room 8,physics.chem-ph
7804,"Coupled Oscillator Model of the Business Cycle with Fluctuating Goods
  Markets",Room 3,q-fin.ST
7805,DNA evolved to minimize frameshift mutations,Room 6,q-bio.OT
7806,Algorithmic Permutation of part of the Torah,Room 2,cs.CR
7807,Mean-Variance Portfolio Management with Functional Optimization,Room 3,q-fin.PM
7808,"Harmonic Mitigation Schemes for Wind Power Plants by Embedding Control
  in Wind Turbines",Room 10,eess.SY
7809,"A Robust Fuzzy Clustering Technique with Spatial Neighborhood
  Information for Effective Medical Image Segmentation",Room 2,cs.CV
7810,Deblurring for Spiral Real-Time MRI Using Convolutional Neural Networks,Room 2,eess.IV
7811,Testing the accuracy of the overlap criterion,Room 5,nlin.CD
7812,Costly Evidence and Discretionary Disclosure,Room 4,econ.TH
7813,"Focused Proofreading: Efficiently Extracting Connectomes from Segmented
  EM Images",Room 2,q-bio.QM
7814,"Portfolio Theory, Information Theory and Tsallis Statistics",Room 3,q-fin.ST
7815,"Monetary policy and the joint distribution of income and wealth: The
  heterogeneous case of the euro area",Room 4,econ.GN
7816,Out-of-equilibrium relaxation of the Edwards-Wilkinson elastic line,Room 8,cond-mat.stat-mech
7817,"Investigating the use of Software Agents to Reduce The Risk of
  Undetected Errors in Strategic Spreadsheet Applications",Room 12,cs.HC
7818,"Asymmetric latent semantic indexing for gene expression experiments
  visualization",Room 2,stat.AP
7819,Communication-optimal parallel and sequential QR and LU factorizations,Room 5,math.NA
7820,"Evidence for zinc ion sharing in metallothionein dimers provided by
  collision-induced dissociation",Room 6,q-bio.BM
7821,"Stochastic comparisons of the largest claim amounts from two sets of
  interdependent heterogeneous portfolios",Room 3,q-fin.RM
7822,"Waypoint Optimization Using Bayesian Optimization: A Case Study in
  Airborne Wind Energy Systems",Room 1,eess.SY
7823,"Biophysical Simulation Reveals the Mechanics of the Avian Lumbosacral
  Organ",Room 2,q-bio.TO
7824,Whispered and Lombard Neural Speech Synthesis,Room 2,eess.AS
7825,On the Peaking Phenomenon of the Lasso in Model Selection,Room 2,stat.ME
7826,"Non-asymptotic Error Bounds For Constant Stepsize Stochastic
  Approximation For Tracking Mobile Agents",Room 10,eess.SP
7827,"Apollo: A Sequencing-Technology-Independent, Scalable, and Accurate
  Assembly Polishing Algorithm",Room 2,q-bio.GN
7828,Renormgroup origin and analysis of Split Higgsino scenario,Room 7,hep-ph
7829,"PDCD5 interacts with p53 and functions as a regulator of p53 dynamics in
  the DNA damage response",Room 6,q-bio.MN
7830,A Non Parametric Model for the Forecasting of the Venezuelan Oil Prices,Room 3,cs.CE
7831,"Forecasting Electricity Spot Prices using Lasso: On Capturing the
  Autoregressive Intraday Structure",Room 3,q-fin.ST
7832,Option Pricing with State-dependent Pricing Kernel,Room 3,q-fin.PR
7833,Proper actions on topological groups: Applications to quotient spaces,Room 7,math.GN
7834,Morley sequences in dependent theories,Room 7,math.LO
7835,Simplifying products of fractional powers of powers,Room 10,cs.SC
7836,Detecting simultaneous variant intervals in aligned sequences,Room 1,stat.AP
7837,"An algorithmic complexity interpretation of Lin's third law of
  information theory",Room 5,cs.CC
7838,"Search for a Higgs boson produced in association with a Z boson in ppbar
  collisions",Room 11,hep-ex
7839,Blockchains and Distributed Ledgers in Retrospective and Perspective,Room 3,q-fin.MF
7840,Decision Theory for Treatment Choice Problems with Partial Identification,Room 1,econ.EM
7841,Integral degree of a ring and reduction numbers,Room 7,math.AC
7842,"Simulation-based optimisation of the timing of loan recovery across
  different portfolios",Room 3,q-fin.RM
7843,Michael Milken: The Junk Dealer,Room 4,q-fin.GN
7844,"Coherent Risk Measure on $L^0$: NA Condition, Pricing and Dual
  Representation",Room 4,q-fin.RM
7845,Adjusted Viterbi training for hidden Markov models,Room 1,math.ST
7846,Small-scale instabilities in dynamical systems with sliding,Room 12,nlin.CD
7847,Optimal Assembly for High Throughput Shotgun Sequencing,Room 2,q-bio.GN
7848,"Ending AIDS in South Africa: How long will it take? How much will it
  cost?",Room 12,q-bio.QM
7849,Statistical Clear Sky Fitting Algorithm,Room 11,eess.SY
7850,Supervised Classification Using Sparse Fisher's LDA,Room 1,stat.ML
7851,Richness Dependence of the Recent Evolution of Clusters of Galaxies,Room 12,astro-ph.CO
7852,Optimal Attention Management: A Tractable Framework,Room 4,econ.TH
7853,"Coronavirus SARS-CoV-2: Analysis of subgenomic mRNA transcription,
  3CLpro and PL2pro protease cleavage sites and protein synthesis",Room 11,q-bio.GN
7854,"Harmonic sections in sphere bundles, normal neighborhoods of reduction
  loci, and instanton moduli spaces on definite 4-manifolds",Room 7,math.GT
7855,Convergence Radii for Eigenvalues of Tri--diagonal Matrices,Room 5,math.SP
7856,On Bogomolny-Schmit conjecture,Room 5,nlin.CD
7857,"Approximate LSTMs for Time-Constrained Inference: Enabling Fast Reaction
  in Self-Driving Cars",Room 2,eess.SP
7858,"Heterogeneous Treatment Effect Bounds under Sample Selection with an
  Application to the Effects of Social Media on Political Polarization",Room 4,econ.EM
7859,"A 24-h forecast of ozone peaks and exceedance levels using neural
  classifiers and weather predictions",Room 1,stat.AP
7860,"Initiating Heavy-atom Based Phasing by Multi-Dimensional Molecular
  Replacement",Room 6,q-bio.BM
7861,Oncoprotein metastasis disjoined,Room 6,q-bio.SC
7862,Comparison of threshold-based algorithms for sparse signal recovery,Room 2,eess.SP
7863,"Bianchi Type-I Cosmological Models with Variable G and 4\Lambda$-Terms
  in General Relativity",Room 11,gr-qc
7864,Ultradiscretization of solvable one-dimensional chaotic maps,Room 7,nlin.CD
7865,"Submodular meets Spectral: Greedy Algorithms for Subset Selection,
  Sparse Approximation and Dictionary Selection",Room 1,stat.ML
7866,Nonlocal feedback in nonlinear systems,Room 8,nlin.PS
7867,Financial accumulation implies ever-increasing wealth inequality,Room 3,q-fin.GN
7868,"A Graph Theoretic Approach to Utilizing Protein Structure to Identify
  Non-Random Somatic Mutations",Room 2,q-bio.GN
7869,"Influence of oxygen partial pressure on structural, transport and
  magnetic properties of Co doped TiO2 films",Room 8,cond-mat.mtrl-sci
7870,Metastable String Vacua,Room 11,hep-th
7871,Compute and Storage Clouds Using Wide Area High Performance Networks,Room 10,cs.DC
7872,Accurate Detection of Wake Word Start and End Using a CNN,Room 12,eess.AS
7873,Cortical columns for quick brains,Room 6,q-bio.NC
7874,"The Nature of Quantum Hall States near the Charge Neutral Dirac Point in
  Graphene",Room 8,cond-mat.mes-hall
7875,"Actions of F_\infty whose II_1 factors and orbit equivalence relations
  have prescribed fundamental group",Room 7,math.OA
7876,A principal components method to impute missing values for mixed data,Room 1,stat.AP
7877,"Sensitivity, robustness and identifiability in stochastic chemical
  kinetics models",Room 6,stat.AP
7878,"Hope, Signals, and Silicon: A Game-Theoretic Model of the Pre-Doctoral Academic Labor Market in the Age of AI",Room 4,econ.TH
7879,"Spatio-temporal correlations can drastically change the response of a
  MAPK pathway",Room 6,q-bio.MN
7880,"Supervised functional classification: A theoretical remark and some
  comparisons",Room 2,stat.ML
7881,Collective gradient sensing with limited positional information,Room 6,q-bio.CB
7882,"No Questions Asked: Effects of Transparency on Stablecoin Liquidity
  During the Collapse of Silicon Valley Bank",Room 3,q-fin.TR
7883,"Optogenetic control of intracellular flows and cell migration: a
  comprehensive mathematical analysis with a minimal active gel model",Room 6,q-bio.SC
7884,"Game-environment feedback dynamics in growing population: Effect of
  finite carrying capacity",Room 4,nlin.AO
7885,Self-organized criticality in a network of interacting neurons,Room 6,q-bio.NC
7886,"Examining the Impact of Income Inequality and Gender on School
  Completion in Malaysia: A Machine Learning Approach Utilizing Malaysia's
  Public Sector Open Data",Room 12,econ.GN
7887,Bimonads and Hopf monads on categories,Room 7,math.QA
7888,"Mapping the Geography of Science: Distribution Patterns and Networks of
  Relations among Cities and Institutes",Room 12,cs.DL
7889,"Calculation of The Lifetimes of Thin Stripper Targets Under Bombardment
  of Intense Pulsed Ions",Room 11,physics.acc-ph
7890,Improved Noisy Student Training for Automatic Speech Recognition,Room 12,eess.AS
7891,"Portfolio optimization for heavy-tailed assets: Extreme Risk Index vs.
  Markowitz",Room 3,q-fin.PM
7892,A Data Driven Vector Field Oscillator with Arbitrary Limit Cycle Shape,Room 8,nlin.AO
7893,"Quantitative constraint-based computational model of tumor-to-stroma
  coupling via lactate shuttle",Room 6,q-bio.MN
7894,Copper-oxide Nanowires based Humidity Sensor,Room 8,physics.app-ph
7895,Dry transfer of CVD graphene using MoS$_2$-based stamps,Room 8,physics.app-ph
7896,Model-free CPPI,Room 3,q-fin.PM
7897,"High-order compact finite difference scheme for option pricing in
  stochastic volatility with contemporaneous jump models",Room 12,q-fin.CP
7898,"Effects of Sampling Methods on Prediction Quality. The Case of
  Classifying Land Cover Using Decision Trees",Room 1,stat.ML
7899,"Dynamic ordering of driven vortex matter in the peak effect regime of
  amorphous MoGe films and 2H-NbSe2 crystals",Room 8,cond-mat.supr-con
7900,"Pascal's Hexagon Theorem implies a Butterfly Theorem in the Complex
  Projective Plane",Room 7,math.GM
7901,Variational Reformulation of Bayesian Inverse Problems,Room 1,stat.ML
7902,Exploration Is Not What It Seeks: Catalytic Exploration under Status Quo Uncertainty,Room 4,econ.TH
7903,"Source radii at target rapidity from two-proton and two-deuteron
  correlations in central Pb+Pb collisions at 158 A GeV",Room 11,nucl-ex
7904,Granger Causality in Expectiles: an M-vine copula test,Room 1,econ.EM
7905,"SINR Diagrams: Towards Algorithmically Usable SINR Models of Wireless
  Networks",Room 1,cs.NI
7906,Orientation control by flow: Exact results and Langevin simulations,Room 8,physics.data-an
7907,Identification and quantification of Granger causality between gene sets,Room 2,stat.ME
7908,Bipartite Community Structure of eQTLs,Room 2,q-bio.GN
7909,A method for integral cohomology of posets,Room 7,math.AT
7910,"Exact Solutions of Einstein-Yang-Mills Theory with Higher-Derivative
  Coupling",Room 7,hep-th
7911,"Sliding Window Regression based Short-Term Load Forecasting of a
  Multi-Area Power System",Room 3,eess.SP
7912,Simulating Wear On Total Knee Replacements,Room 11,q-bio.TO
7913,CDPAM: Contrastive learning for perceptual audio similarity,Room 2,eess.AS
7914,G-Compactness and Groups,Room 7,math.LO
7915,Identifying the Distribution of Welfare from Discrete Choice,Room 4,econ.TH
7916,Indirect Object Representation and Access by Means of Concepts,Room 12,cs.PL
7917,"Further results on the estimation of dynamic panel logit models with
  fixed effects",Room 4,econ.EM
7918,Creating an Artificial World with a New Kind of Cellular Automata,Room 6,nlin.CG
7919,"An Integrated Crosscutting Concern Migration Strategy and its
  Application to JHotDraw",Room 12,cs.SE
7920,"Cardiac MRI Image Segmentation for Left Ventricle and Right Ventricle
  using Deep Learning",Room 2,eess.IV
7921,A Bottleneck Principle for Techno-Metabolic Chains,Room 6,nlin.AO
7922,Direct delay reductions of the Toda hierarchy,Room 5,nlin.SI
7923,"Regions of multistability in some low-dimensional logistic models with
  excitation type coupling",Room 6,nlin.CD
7924,A Technique Based on Chaos for Brain Computer Interfacing,Room 2,eess.SP
7925,"Sub- and Super-solution Approach to Accuracy Analysis of Portfolio
  Optimization Asymptotics in Multiscale Stochastic Factor Market",Room 3,q-fin.MF
7926,Combining Supervised and Unsupervised Learning for GIS Classification,Room 1,cs.LG
7927,"Rare desynchronization events in power grids: On data implementation and
  dimensional reductions",Room 10,nlin.AO
7928,"Block-based Bayesian epistasis association mapping with application to
  WTCCC type 1 diabetes data",Room 2,stat.AP
7929,Can there be an explicit formula for implied volatility?,Room 3,q-fin.PR
7930,A slice theorem for quivers with an involution,Room 7,math.RT
7931,"Bias-corrected GEE estimation and smooth-threshold GEE variable
  selection for single-index models with clustered data",Room 4,stat.ME
7932,An automaton over data words that captures EMSO logic,Room 12,cs.FL
7933,Teaching Statistics at Google Scale,Room 12,stat.AP
7934,"Improvements of computational ghost imaging by using Special-Hadamard
  patterns",Room 2,eess.IV
7935,Market Efficient Portfolios in a Systemic Economy,Room 3,q-fin.RM
7936,Joint modelling of ChIP-seq data via a Markov random field model,Room 1,stat.ME
7937,Data Science in Biomedicine,Room 1,stat.OT
7938,Cognitive Radar Antenna Selection via Deep Learning,Room 2,eess.SP
7939,A Tale of Tail Covariances (and Diversified Tails),Room 3,q-fin.PM
7940,Phonon effect on two coupled quantum dots at finite temperature,Room 8,cond-mat.mes-hall
7941,"Optimal input reverberation and homeostatic self-organization towards
  the edge of synchronization",Room 6,nlin.AO
7942,Recognizing long-form speech using streaming end-to-end models,Room 2,eess.AS
7943,"Understanding Distal Transcriptional Regulation from Sequence Motif,
  Network Inference and Interactome Perspectives",Room 2,q-bio.GN
7944,"Resolution of the St. Petersburg paradox using Von Mises axiom of
  randomness",Room 4,q-fin.GN
7945,"Performance Fault Detection in Wind Turbines by Dynamic Reference State
  Estimation",Room 2,eess.SY
7946,Systemic risk governance in a dynamical model of a banking system,Room 3,q-fin.RM
7947,"From localized spot to the formation of invaginated labyrinth structures
  in spatially extended systems",Room 5,nlin.PS
7948,"A long exact sequence in cohomology for deleted and restricted subspaces
  arrangements",Room 7,math.AT
7949,"Cosmological parameter constraints from SDSS luminous red galaxies: a
  new treatment of large-scale clustering",Room 12,astro-ph.CO
7950,"An Adaptive Statistical Non-uniform Quantizer for Detail Wavelet
  Components in Lossy JPEG2000 Image Compression",Room 2,cs.MM
7951,Minimality and nonergodicity on a family of flat surfaces in genus 3,Room 7,math.DS
7952,"Isoprene and acetone concentration profiles during exercise on an
  ergometer",Room 11,q-bio.QM
7953,Periodic Single-Pass Instruction Sequences,Room 10,cs.PL
7954,Beyond capacity: contractual form in electricity reliability obligations,Room 4,q-fin.TR
7955,"Special solutions of high order equation for waves in liquid with gas
  bubbles",Room 5,nlin.SI
7956,Causal Unit of Rotors in a Cardiac System,Room 6,nlin.PS
7957,"Studying Complexity in Solar Wind Plasma During Shock Events. Part I:
  Nonextensive Tsallis Statistics",Room 11,nlin.CD
7958,Structural Gaussian mixture vector autoregressive model with application to the asymmetric effects of monetary policy shocks,Room 3,econ.EM
7959,New Market Creation via Innovation: A Study on Tata Nano,Room 4,q-fin.EC
7960,"Internal Language Model Estimation for Domain-Adaptive End-to-End Speech
  Recognition",Room 2,eess.AS
7961,"Inferring structure in bipartite networks using the latent block model
  and exact ICL",Room 1,stat.CO
7962,Extreme events in discrete nonlinear lattices,Room 5,nlin.PS
7963,Estimating epidemic arrival times using linear spreading theory,Room 12,nlin.PS
7964,"Performance Evaluation of Statistical Approaches for Text Independent
  Speaker Recognition Using Source Feature",Room 2,cs.CL
7965,Autoencoding Conditional GAN for Portfolio Allocation Diversification,Room 2,q-fin.PM
7966,Pricing foreseeable and unforeseeable risks in insurance portfolios,Room 1,q-fin.GN
7967,An Econophysics Model for the Currency Exchange with Commission,Room 3,q-fin.PM
7968,"""The Strength of Weak Ties"" Varies Across Viral Channels",Room 4,econ.GN
7969,"An algorithm for reconstruction of triangle-free linear dynamic networks
  with verification of correctness",Room 6,eess.SY
7970,"Deep Inverse Tone Mapping Using LDR Based Learning for Estimating HDR
  Images with Absolute Luminance",Room 2,eess.IV
7971,Morphogen Transport in Epithelia,Room 6,q-bio.OT
7972,On densest packings of equal balls of $\rb^{n}$ and Marcinkiewicz spaces,Room 5,math.MG
7973,"Video Tester -- A multiple-metric framework for video quality assessment
  over IP networks",Room 2,cs.MM
7974,"Cellular Automata Model for Non-Structural Proteins Comparing
  Transmissibility and Pathogenesis of SARS Covid (CoV-2, CoV) and MERS Covid",Room 11,q-bio.OT
7975,"Exploring nervous system transcriptomes during embryogenesis and
  metamorphosis in Xenopus tropicalis using EST analysis",Room 2,q-bio.GN
7976,Nonlinearity of Mechanochemical Motions in Motor Proteins,Room 8,q-bio.BM
7977,Automated characterization of noise distributions in diffusion MRI data,Room 2,eess.IV
7978,Femtonewton Forces Can Control Protein-Meditated DNA Looping,Room 8,q-bio.BM
7979,Prevention of Terrorist Crimes in the North Caucasus Region,Room 9,econ.GN
7980,Multidimensional Version of Lagrange's Problem on Mean Motion,Room 5,math.CV
7981,"FX Modelling in Collateralized Markets: foreign measures, basis curves,
  and pricing formulae",Room 3,q-fin.PR
7982,"Detecting Repetitions and Periodicities in Proteins by Tiling the
  Structural Space",Room 6,q-bio.BM
7983,The Mid-Infrared Emission of M87,Room 12,astro-ph
7984,Conformal and geometric properties of the Camassa-Holm hierarchy,Room 5,nlin.SI
7985,"A Dual-level Model Predictive Control Scheme for Multi-timescale
  Dynamical Systems--Extended Version",Room 10,eess.SY
7986,On cluster algebras with coefficients and 2-Calabi-Yau categories,Room 7,math.RT
7987,Efficient Asymmetric Causality Tests,Room 1,econ.EM
7988,Discrimination for Two Way Models with Insurance Application,Room 1,stat.AP
7989,"Practical Multiwriter Lock-Free Queues for ""Hard Real-Time"" Systems
  without CAS",Room 10,cs.OS
7990,Scheduling in Data Intensive and Network Aware (DIANA) Grid Environments,Room 10,cs.DC
7991,A presentation for Hilden's subgroup of the braid group,Room 7,math.GR
7992,"Longitudinal bunch profile diagnostics in the 50fs range using coherent
  Smith-Purcell radiation",Room 11,physics.acc-ph
7993,Probing the limits to microRNA-mediated control of gene expression,Room 6,q-bio.MN
7994,Estimate the Occurrence Rate of the DNA Palindromes,Room 1,stat.AP
7995,"Improving the Asymptotic Performance of Markov Chain Monte-Carlo by
  Inserting Vortices",Room 3,stat.ME
7996,"Predicting Default Probabilities for Stress Tests: A Comparison of
  Models",Room 1,econ.EM
7997,"The Repressor-Lattice: Feed-Back, Commensurability, and Dynamical
  Frustration",Room 6,nlin.CD
7998,Mining Spatial Gene Expression Data Using Negative Association Rules,Room 1,cs.DB
7999,The distribution of smooth numbers in arithmetic progressions,Room 12,math.NT
8000,"Operating Regimes of Signaling Cycles: Statics, Dynamics, and Noise
  Filtering",Room 6,q-bio.MN
8001,"Bayesian Optimization for Likelihood-Free Inference of Simulator-Based
  Statistical Models",Room 1,stat.ML
8002,Non stationary multifractality in stock returns,Room 3,q-fin.ST
8003,"Demand Modeling, Forecasting, and Counterfactuals, Part I",Room 4,stat.AP
8004,Elicitability and backtesting: Perspectives for banking regulation,Room 3,q-fin.RM
8005,"Modelling user behavior towards smartphones and wearable technologies: A
  bibliometric study and brief literature review",Room 3,econ.GN
8006,Multi-Hypothesis Visual-Inertial Flow,Room 2,eess.IV
8007,"On the Completeness of Reflex Astrometry on Extrasolar Planets near the
  Sensitivity Limit",Room 11,astro-ph.EP
8008,Transport in networks with multiple sources and sinks,Room 6,cs.DM
8009,Rational Symplectic Field Theory for Legendrian knots,Room 7,math.SG
8010,"Wide Area Measurement System-based Low Frequency Oscillation Damping
  Control through Reinforcement Learning",Room 10,eess.SY
8011,Tongue pressure recordings during speech using complete denture,Room 1,physics.med-ph
8012,"Global stability for a class of virus models with CTL immune response
  and antigenic variation",Room 6,q-bio.PE
8013,Committee Draft of JPEG XL Image Coding System,Room 2,eess.IV
8014,Privacy Structure and Blackwell Frontier,Room 4,econ.TH
8015,"3D Simulations of Electromagnetic Fields in Nanostructures using the
  Time-Harmonic Finite-Element Method",Room 11,physics.optics
8016,"Macroeconomic Forecasting using Dynamic Factor Models: The Case of
  Morocco",Room 3,econ.EM
8017,"A Framework for Treating Model Uncertainty in the Asset Liability
  Management Problem",Room 3,q-fin.PM
8018,A French Connection? Recognition and Entente for the Taliban,Room 9,econ.GN
8019,Robust Clustering Using Tau-Scales,Room 1,stat.CO
8020,"Assessment of SFSDP Cooperative Localization Algorithm for WLAN
  Environment",Room 10,eess.SP
8021,No such thing as a risk-neutral market,Room 3,q-fin.GN
8022,"Joint Distributed Link Scheduling and Power Allocation for Content
  Delivery in Wireless Caching Networks",Room 10,eess.SY
8023,Mathematical Analysis of Money in the Scope of Austerity,Room 3,q-fin.GN
8024,"Fast and Exact Sequence Alignment with the Smith-Waterman Algorithm: The
  SwissAlign Webserver",Room 10,q-bio.GN
8025,Discovering general partial orders in event streams,Room 1,cs.AI
8026,"A Convergent Linear Regression Method for Forward-Backward Stochastic
  Differential Equations with Jumps",Room 3,q-fin.CP
8027,"Algorithmic Decision Optimization Techniques for Multiple Types of
  Agents with Contrasting Interests",Room 4,cs.GT
8028,"Thresholding of Semantic Similarity Networks using a Spectral Graph
  Based Technique",Room 2,q-bio.MN
8029,"Execution and block trade pricing with optimal constant rate of
  participation",Room 3,q-fin.TR
8030,"Holding-Based Evaluation upon Actively Managed Stock Mutual Funds in
  China",Room 3,q-fin.PM
8031,"Predicting the Stock Price of Frontier Markets Using Modified
  Black-Scholes Option Pricing Model and Machine Learning",Room 3,q-fin.ST
8032,Enriched Herds And Finite Quantum Groupoids,Room 7,math.CT
8033,"Current-sheet Evolution near a Hyperbolic Magnetic Neutral Line in Hall
  Magnetohydrodynamics: An Exact Solution",Room 8,physics.plasm-ph
8034,Coarse-grained modelling of supercoiled RNA,Room 6,q-bio.BM
8035,"Experimental studies of liquid-liquid dispersion in a turbulent shear
  flow",Room 8,physics.flu-dyn
8036,Component Selection in the Additive Regression Model,Room 1,stat.ME
8037,"Some necessary and sufficient conditions for parastrophic invariance of
  the associative law in quasigroups",Room 5,math.GM
8038,"Spurious Default Probability Projections in Credit Risk Stress Testing
  Models",Room 3,q-fin.RM
8039,Inference and Optimal Design for Nearest-Neighbour Interaction Models,Room 4,stat.AP
8040,"Resource Sharing and Pipelining in Coarse-Grained Reconfigurable
  Architecture for Domain-Specific Optimization",Room 10,cs.AR
8041,Composition-Aware Spectroscopic Tomography,Room 2,eess.IV
8042,Carpet-3 - a new experiment to study primary composition around the knee,Room 11,astro-ph.IM
8043,"A Bayesian Hierarchical Model for Comparative Evaluation of Teaching
  Quality Indicators in Higher Education",Room 1,stat.AP
8044,Loss-Versus-Fair: Efficiency of Dutch Auctions on Blockchains,Room 4,q-fin.TR
8045,"The Need for a Recurring Large-Scale Benchmarking Survey to Continually
  Evaluate Sampling Methods and Administration Modes: Lessons from the 2022
  Collaborative Midterm Survey",Room 1,stat.OT
8046,"The role of the Allee effect in common-pool resource and its
  sustainability",Room 4,econ.TH
8047,"To snipe or not to snipe, that is the question! Transitions in sniping
  behaviour among competing algorithmic traders",Room 3,q-fin.MF
8048,Chimeras in networks with purely local coupling,Room 8,nlin.PS
8049,"Groups with the Minimal Conditions for Subgroups and for Nonabelian
  Subgroups",Room 7,math.GR
8050,Building Decision Procedures in the Calculus of Inductive Constructions,Room 12,cs.LO
8051,"Proxy expenditure weights for Consumer Price Index: Audit sampling
  inference for big data statistics",Room 1,econ.EM
8052,Zeroth Hochschild homology of preprojective algebras over the integers,Room 7,math.RT
8053,"Determinants of renewable energy consumption in Madagascar: Evidence
  from feature selection algorithms",Room 2,econ.GN
8054,"Decomposition of neuronal assembly activity via empirical
  de-Poissonization",Room 2,math.ST
8055,Diffusion-based DNA target colocalization by thermodynamic mechanisms,Room 6,q-bio.GN
8056,"Notes on Quantum Field Theory in Curved Spacetime: Problems Relating to
  the Concept of Particles and Hamiltonian Formalism",Room 11,physics.gen-ph
8057,Polynomial cocycles of Alexander quandles and applications,Room 7,math.GT
8058,"Economic consequences of covid-19 pandemic to the sub-Saharan Africa: an
  historical perspective",Room 3,econ.GN
8059,"Modules on involutive quantales: canonical Hilbert structure,
  applications to sheaf theory",Room 7,math.CT
8060,Pre-training for low resource speech-to-intent applications,Room 12,eess.AS
8061,"Time-shift invariance determines the functional shape of the current in
  dissipative rocking ratchets",Room 8,nlin.PS
8062,"On the Transits of Solar System Objects in the Forthcoming PLANCK
  Mission: Data Flagging and Coeval Multifrequency Observations",Room 11,astro-ph.EP
8063,Towards Generalizable Reinforcement Learning for Trade Execution,Room 3,q-fin.TR
8064,Chimera states in ring-star network of Chua circuits,Room 8,nlin.AO
8065,"Can the Nexus of Scaling Laws Coupled with Constant or Variable
  Elasticity of Substitution Predict AI and Other Technology Adoption?",Room 3,econ.GN
8066,"Nonlocal effect on the magnetic penetration depth in multigapped
  superconductors",Room 8,cond-mat.supr-con
8067,"Head-on collision of nonlinear solitary solutions to Vlasov-Poisson
  equations",Room 8,nlin.PS
8068,Function-Valued Traits in Evolution,Room 6,stat.ME
8069,"Scaling and synchronization in a ring of diffusively coupled nonlinear
  oscillators",Room 12,nlin.CD
8070,"Testing the Standard Model by precision measurement of the weak charges
  of quarks",Room 11,hep-ph
8071,Rank-based estimation for all-pass time series models,Room 3,math.ST
8072,Excess Out-of-Sample Risk and Fleeting Modes,Room 3,q-fin.PM
8073,"In Silico Design, Extended Molecular Dynamic Simulations and Binding
  Energy Calculations for a New Series of Dually Acting Inhibitors against EGFR
  and HER2",Room 6,q-bio.BM
8074,A Locked Orthogonal Tree,Room 7,cs.CG
8075,"Enhanced brightness and photostability of cyanine dyes by supramolecular
  containment",Room 8,q-bio.BM
8076,On hereditarily indecomposable compacta and factorization of maps,Room 5,math.GN
8077,"A first look at the performances of a Bayesian chart to monitor the
  ratio of two Weibull percentiles",Room 1,stat.CO
8078,Safety Third: Roy's Criterion and Higher Order Moments,Room 3,q-fin.ST
8079,Fare-Free Bus Service and CO2 Reductions: Evidence from a Natural Experiment,Room 4,econ.EM
8080,"Identical synchronization of nonidentical oscillators: when only birds
  of different feathers flock together",Room 12,nlin.AO
8081,Critical Delays and Polynomial Eigenvalue Problems,Room 5,math.NA
8082,"Partially Locked States in Coupled Oscillators due to Inhomogeneous
  Coupling",Room 12,nlin.AO
8083,On the Energy-Momentum Problem in Static Einstein Universe,Room 11,gr-qc
8084,"Nelkin scaling for the Burgers equation and the role of high-precision
  calculations",Room 8,nlin.CD
8085,"Debiased Machine Learning when Nuisance Parameters Appear in Indicator
  Functions",Room 1,econ.EM
8086,"A multilayer, multi-timescale model approach for economic and frequency
  control in power grids",Room 10,nlin.AO
8087,Antibiotic resistant characteristics from 16S rRNA,Room 6,q-bio.GN
8088,Steady Hall Magnetohydrodynamics Near a X-type Magnetic Neutral Line,Room 8,physics.plasm-ph
8089,"Externally forced triads of resonantly interacting waves: boundedness
  and integrability properties",Room 5,nlin.CD
8090,On a new avatar of the sine-Gordon equation,Room 5,nlin.SI
8091,What can be learned from satisfaction assessments?,Room 1,econ.EM
8092,"Optimal life-cycle consumption and investment decisions under
  age-dependent risk preferences",Room 3,q-fin.MF
8093,Lead-lag Relationships in Foreign Exchange Markets,Room 3,q-fin.ST
8094,"Evaluating regulatory reform of network industries: a survey of
  empirical models based on categorical proxies",Room 3,econ.GN
8095,"Communication in the Infinitely Repeated Prisoner's Dilemma: Theory and
  Experiments",Room 4,econ.TH
8096,"Unraveling hidden hierarchies and dual structures in an integrable field
  model",Room 5,nlin.SI
8097,"An efficient surrogate-aided importance sampling framework for
  reliability analysis",Room 1,stat.OT
8098,"Detecting and adapting to crisis pattern with context based Deep
  Reinforcement Learning",Room 2,q-fin.PM
8099,"Concentration of 1-Lipschitz maps into an infinite dimensional
  $\ell^p$-ball with $\ell^q$-distance function",Room 7,math.MG
8100,"Benefits and Cyber-Vulnerability of Demand Response System in Real-Time
  Grid Operations",Room 10,eess.SY
8101,"Small-volume effect enables the spine robust, sensitive and efficient
  information transfer",Room 6,q-bio.SC
8102,"Uniformly Strict Equilibrium for Repeated Games with Private Monitoring
  and Communication",Room 4,econ.TH
8103,On the solution uniqueness in portfolio optimization and risk analysis,Room 4,q-fin.PM
8104,Creatable Universes,Room 11,gr-qc
8105,"Robust Self-Supervised Learning of Deterministic Errors in Single-Plane
  (Monoplanar) and Dual-Plane (Biplanar) X-ray Fluoroscopy",Room 2,eess.IV
8106,"Integration of a Predictive, Continuous Time Neural Network into
  Securities Market Trading Operations",Room 3,q-fin.CP
8107,"Optimal dynamic climate adaptation pathways: a case study of New York
  City",Room 4,q-fin.RM
8108,Twisted equivariant K-theory for proper actions of discrete groups,Room 7,math.KT
8109,"Parameter estimation of default portfolios using the Merton model and
  Phase transition",Room 3,q-fin.RM
8110,"Temporal, structural, and functional heterogeneities extend criticality and antifragility in random Boolean networks",Room 6,nlin.AO
8111,On Creativity of Elementary Cellular Automata,Room 6,nlin.CG
8112,Symmetry and financial Markets,Room 4,q-fin.GN
8113,Efficient Computation of Invariant Tori in Volume-Preserving Maps,Room 5,nlin.CD
8114,Excited states of the helium-antihydrogen system,Room 8,physics.atom-ph
8115,Symbolic Reachability Analysis of Higher-Order Context-Free Processes,Room 12,cs.LO
8116,Pairs Trading with Nonlinear and Non-Gaussian State Space Models,Room 3,q-fin.PM
8117,Deep Importance Sampling,Room 3,q-fin.CP
8118,"The X-rule: universal computation in a non-isotropic Life-like Cellular
  Automaton",Room 6,nlin.CG
8119,Remarks on KdV-type Flows on Star-Shaped Curves,Room 5,nlin.SI
8120,"Leon Rosenfeld and the challenge of the vanishing momentum in quantum
  electrodynamics",Room 7,physics.hist-ph
8121,"Local Lorentz Transformation and ""Lorentz Violation""",Room 11,physics.gen-ph
8122,"A rigorous link performance and measurement uncertainty assessment for
  MIMO OTA characterisation",Room 11,eess.SP
8123,"Improving Performance of Cluster Based Routing Protocol using
  Cross-Layer Design",Room 10,cs.NI
8124,Machine Learning Advances for Time Series Forecasting,Room 2,econ.EM
8125,"Experience: Understanding Long-Term Evolving Patterns of Shared Electric
  Vehicle Networks",Room 10,eess.SP
8126,Information transfer of an Ising model on a brain network,Room 6,q-bio.NC
8127,"Reversed flow at low frequencies in a microfabricated AC electrokinetic
  pump",Room 11,physics.flu-dyn
8128,Transverse LS-Category for Riemannian Foliations,Room 7,math.DG
8129,Heat conductance in nonlinear lattices at small temperature gradients,Room 8,nlin.CD
8130,Radial extent of the SGB in NGC 1851,Room 12,astro-ph.GA
8131,"An ultradiscrete integrable map arising from a pair of tropical elliptic
  pencils",Room 7,nlin.SI
8132,Remarks on nonmeasurable unions of big point families,Room 7,math.GN
8133,Fick's law and Fokker-Planck Equation in inhomogeneous environments,Room 5,physics.plasm-ph
8134,"Ballistocardiogram-based Authentication using Convolutional Neural
  Networks",Room 1,eess.SP
8135,"Time dependent density functional theory calculation of van der Waals
  coefficient C$_{6}$ of alkali-metal atoms Li, Na, K, alkali dimers Li$_{2}$,
  Na$_{2}$, K$_{2}$ and sodium clusters Na$_{n}$",Room 8,physics.atm-clus
8136,Simultaneous Determination of Signal and Background Asymmetries,Room 1,physics.data-an
8137,"'Warriors of the Word' -- Deciphering Lyrical Topics in Music and Their
  Connection to Audio Feature Dimensions Based on a Corpus of Over 100,000
  Metal Songs",Room 2,eess.AS
8138,Modeling Age-Adjusted Mortality in the United States,Room 1,q-bio.OT
8139,Cryptocurrency market structure: connecting emotions and economics,Room 3,q-fin.ST
8140,Secure Transmission of Password Using Speech Watermarking,Room 2,cs.MM
8141,"Simple circuit theory and the solution of two electricity problems from
  the Victorian Age",Room 11,physics.pop-ph
8142,"Electricity price modeling and asset valuation: a multi-fuel structural
  approach",Room 4,q-fin.PR
8143,Semiparametric Sparse Discriminant Analysis,Room 1,stat.ME
8144,"Asymmetry of rotational catalysis of single membrane-bound F0F1-ATP
  synthase",Room 11,physics.bio-ph
8145,"Au-SN Flip-Chip Solder Bump for Microelectronic and Optoelectronic
  Applications",Room 11,cs.OH
8146,The Poisson transform for unnormalised statistical models,Room 1,stat.CO
8147,A Stochastic Feedback Model for Volatility,Room 4,q-fin.ST
8148,Delving into Transition to the Semantic Web,Room 1,cs.SE
8149,"On the change of latitude of Arctic East Siberia at the end of the
  Pleistocene",Room 11,physics.geo-ph
8150,First-principles molecular structure search with a genetic algorithm,Room 8,q-bio.BM
8151,On a metric on the space of idempotent probability measures,Room 7,math.GN
8152,A Unified Approach to High-Gain Adaptive Controllers,Room 12,math.OC
8153,Growth-optimal portfolios under transaction costs,Room 4,q-fin.PM
8154,Polynomial Life: the Structure of Adaptive Systems,Room 6,nlin.AO
8155,"An infinite branching hierarchy of time-periodic solutions of the
  Benjamin-Ono equation",Room 5,nlin.SI
8156,Zipf law in the popularity distribution of chess openings,Room 4,physics.soc-ph
8157,"Collectivised Pension Investment with Exponential Kihlstrom--Mirman
  Preferences",Room 3,q-fin.PM
8158,"Bayesian binomial mixture models for estimating abundance in ecological
  monitoring studies",Room 1,stat.AP
8159,The Grounds For Time Dependent Market Potentials From Dealers' Dynamics,Room 4,q-fin.GN
8160,"Eigenvalue Bounds for Perturbations of Schrodinger Operators and Jacobi
  Matrices With Regular Ground States",Room 5,math.SP
8161,Statistical Approaches for Modelling Cancer Bioassays,Room 1,stat.AP
8162,"Precise Detection of Speech Endpoints Dynamically: A Wavelet Convolution
  based approach",Room 2,eess.AS
8163,"On the lattice-geometry and birational group of the six-point
  multi-ratio equation",Room 5,nlin.SI
8164,Stability of Large Flocks: an Example,Room 5,nlin.PS
8165,"The conical singularity method and the energy-momentum tensor near the
  black hole horizon using the Kruskal coordinates",Room 11,gr-qc
8166,"A Blockwise Descent Algorithm for Group-penalized Multiresponse and
  Multinomial Regression",Room 2,stat.CO
8167,Some Results on the Functional Decomposition of Polynomials,Room 10,cs.SC
8168,Rademacher averages on noncommutative symmetric spaces,Room 5,math.OA
8169,"A Robust Sensorless Controller-Observer Strategy for PMSMs with Unknown
  Resistance and Mechanical Model",Room 12,eess.SY
8170,"New Designs on MVDR Robust Adaptive Beamforming Based on Optimal
  Steering Vector Estimation",Room 10,eess.SP
8171,"Multi-core architectures: Complexities of performance prediction and the
  impact of cache topology",Room 10,cs.PF
8172,"Reaction networks as systems for resource allocation: A variational
  principle for their non-equilibrium steady states",Room 6,q-bio.MN
8173,"Networked buffering: a basic mechanism for distributed robustness in
  complex adaptive systems",Room 6,nlin.AO
8174,"The Category of Node-and-Choice Forms, with Subcategories for
  Choice-Sequence Forms and Choice-Set Forms",Room 7,econ.TH
8175,"Transitions between patterned states in vegetation models for semi-arid
  ecosystems",Room 5,nlin.PS
8176,"Spontaneous Lorentz Violation, Gravity, and Nambu-Goldstone Modes",Room 11,gr-qc
8177,"From Black-Scholes and Dupire formulae to last passage times of local
  martingales. Part A : The infinite time horizon",Room 7,q-fin.CP
8178,"PLS Generalized Linear Regression and Kernel Multilogit Algorithm (KMA)
  for Microarray Data Classification",Room 2,stat.CO
8179,A GOES imager-derived microburst product,Room 11,physics.ao-ph
8180,Noticeability Versus Impact in Traffic Signal Tampering,Room 10,eess.SY
8181,"Chimera States in a Two-Population Network of Coupled Pendulum-Like
  Elements",Room 8,nlin.CD
8182,Audio declipping performance enhancement via crossfading,Room 2,eess.AS
8183,"A simple negative interaction in the positive transcriptional feedback
  of a single gene is sufficient to produce reliable oscillations",Room 6,q-bio.MN
8184,Network Coding for Speedup in Switches,Room 10,cs.NI
8185,"Bridging scales in cancer progression: Mapping genotype to phenotype
  using neural networks",Room 6,q-bio.TO
8186,Optimal Trading with Differing Trade Signals,Room 3,q-fin.MF
8187,"Uninformative memories will prevail: the storage of correlated
  representations and its consequences",Room 6,cond-mat.dis-nn
8188,A Stochastic Calculus for Network Systems with Renewable Energy Sources,Room 10,cs.PF
8189,From Predictive Algorithms to Automatic Generation of Anomalies,Room 4,econ.EM
8190,A Prerequisite for Life,Room 6,q-bio.OT
8191,Jump-Diffusion Risk-Sensitive Asset Management,Room 4,q-fin.PM
8192,"The Hourglass - Consequences of Pure Hamiltonian Evolution of a
  Radiating System",Room 5,quant-ph
8193,"Hierarchical Reinforcement Learning for Self-Driving Decision-Making
  without Reliance on Labeled Driving Data",Room 2,eess.SY
8194,"Assembly Maps for Group Extensions in $K$-Theory and $L$-Theory with
  Twisted Coefficients",Room 7,math.KT
8195,Nonparametric estimation of multivariate extreme-value copulas,Room 3,stat.ME
8196,Towards Faster Rates and Oracle Property for Low-Rank Matrix Estimation,Room 2,stat.ML
8197,"The Current State of Undergraduate Bayesian Education and
  Recommendations for the Future",Room 12,stat.OT
8198,Coalitions in Repeated Games,Room 4,econ.TH
8199,Model for Diversity Analysis of Antigen Receptor Repertoires,Room 1,q-bio.BM
8200,"A Conjugate Property between Loss Functions and Uncertainty Sets in
  Classification Problems",Room 2,stat.ML
8201,"The Large-Scale Environments of Type Ia Supernovae: Evidence for a
  Metallicity Bias in the Rate or Luminosity of Prompt Ia Events",Room 12,astro-ph.SR
8202,"Generalized pricing formulas for stochastic volatility jump diffusion
  models applied to the exponential Vasicek model",Room 3,q-fin.PR
8203,"Two-phase model of compressive stress induced on a surrounding
  hyperelastic medium by an expanding tumour",Room 6,q-bio.TO
8204,Refined model of the covariance/correlation matrix between securities,Room 3,q-fin.PM
8205,"Agent Components and the Emergence of Altruism in Social Interaction
  Networks",Room 4,nlin.AO
8206,"Distortion matrix approach for ultrasound imaging of random scattering
  media",Room 11,eess.IV
8207,Electrically Small Supergain Arrays,Room 11,physics.class-ph
8208,Two strategies for boreal forestry with goodwill in capitalization,Room 11,econ.GN
8209,"Life history and mating systems select for male biased parasitism
  mediated through natural selection and ecological feedbacks",Room 6,q-bio.PE
8210,Multi-Task Siamese Neural Network for Improving Replay Attack Detection,Room 12,eess.AS
8211,On Neural Phone Recognition of Mixed-Source ECoG Signals,Room 2,eess.AS
8212,Lagrangian Time Series Models for Ocean Surface Drifter Trajectories,Room 1,stat.AP
8213,"Moments of the critical values of families of elliptic curves, with
  applications",Room 5,math.NT
8214,Optimal execution with dynamic risk adjustment,Room 3,q-fin.MF
8215,The Implications of Pricing on Social Learning,Room 3,econ.TH
8216,Characterization of Cardio signals by time-frequency domain analysis,Room 6,nlin.CD
8217,Payday loans -- blessing or growth suppressor? Machine Learning Analysis,Room 3,econ.GN
8218,"Factor endowment--commodity output relationships in a three-factor
  two-good general equilibrium trade model: Further analysis",Room 3,q-fin.GN
8219,Polygenic Modeling with Bayesian Sparse Linear Mixed Models,Room 1,q-bio.QM
8220,"Pair Correlation Functions and a Free-Energy Functional for the Nematic
  Phase",Room 8,cond-mat.soft
8221,"Carbon nanotube based biomedical agents for heating, temperature
  sensoring and drug delivery",Room 11,physics.med-ph
8222,Transfer matrices for piecewise constant potentials,Room 8,physics.class-ph
8223,"Reply to Comment on ""Synchronization dynamics in non-normal networks:
  the trade-off for optimality""",Room 8,nlin.AO
8224,"Focusing Waves at Arbitrary Locations in a Ray-Chaotic Enclosure Using
  Time-Reversed Synthetic Sonas",Room 11,nlin.CD
8225,"Anomalous Scaling and Refined Similarity of an Active Scalar in a Model
  of Homogeneous Turbulent Convection",Room 12,nlin.CD
8226,"Are private schools better than public schools? Appraisal for Ireland by
  methods for observational studies",Room 4,stat.AP
8227,Flexoelectric blue phases,Room 8,cond-mat.soft
8228,"Increasing risk behavior can outweigh the benefits of anti-retroviral
  drug treatment on the HIV incidence among men-having-sex-with-men in
  Amsterdam",Room 1,cs.SI
8229,The importance of the Selberg integral,Room 5,math.CA
8230,"Higher analogues of the discrete-time Toda equation and the
  quotient-difference algorithm",Room 5,nlin.SI
8231,"Energy exchange in fast optical soliton collisions as a random cascade
  model",Room 5,nlin.PS
8232,Graph Laplacian for Image Anomaly Detection,Room 2,eess.IV
8233,Manipulating Biopolymer Dynamics by Anisotropic Nanoconfinement,Room 6,physics.bio-ph
8234,Self-consistent Method and Steady States of Second-order Oscillators,Room 8,nlin.AO
8235,A Note on Walking Versus Waiting,Room 10,math.HO
8236,"Gradients of brain organization: Smooth sailing from methods development
  to user community",Room 6,q-bio.OT
8237,"Phase-stepping algorithms for synchronous demodulation of nonlinear
  phase-shifted fringes",Room 11,eess.SP
8238,Stochastic Minority on Graphs,Room 6,nlin.CG
8239,The Dimension of the Torelli group,Room 7,math.GT
8240,"A framework to decipher the genetic architecture of combinations of
  complex diseases: applications in cardiovascular medicine",Room 2,q-bio.GN
8241,"Efficient generation of random derangements with the expected
  distribution of cycle lengths",Room 2,stat.CO
8242,"Recording and Reproduction of Pattern Memory Trace in EEG by Direct
  Electrical Stimulation of Brain Cortex",Room 6,q-bio.NC
8243,The Effect of Punishment and Reward on Cooperation in a Prisoners' Dilemma Game,Room 4,econ.TH
8244,"Multi-robot Deployment From LTL Specifications with Reduced
  Communication",Room 10,cs.RO
8245,"Phenomenological theory of nonergodic phenomena in dipole- and
  spin-glasses",Room 8,cond-mat.dis-nn
8246,"A Residual Network based Deep Learning Model for Detection of COVID-19
  from Cough Sounds",Room 2,eess.AS
8247,"Application of simplest random walk algorithms for pricing barrier
  options",Room 3,q-fin.CP
8248,"Inter-slice image augmentation based on frame interpolation for boosting
  medical image segmentation accuracy",Room 2,eess.IV
8249,"CLCNet: Deep learning-based Noise Reduction for Hearing Aids using
  Complex Linear Coding",Room 2,eess.AS
8250,"Progresses in the Analysis of Stochastic 2D Cellular Automata: a Study
  of Asynchronous 2D Minority",Room 6,cs.DM
8251,"From error detection to behaviour observation: first results from screen
  capture analysis",Room 12,cs.HC
8252,A Search for Radio Supernova Remnants in Four Irregular Galaxies,Room 12,astro-ph.CO
8253,Identification and Estimation of Seller Risk Aversion in Ascending Auctions,Room 4,econ.EM
8254,"Ideal gas behavior of rotamerically defined conformers in native
  globular proteins",Room 6,q-bio.BM
8255,"Fast Approximate Time-Delay Estimation in Ultrasound Elastography Using
  Principal Component Analysis",Room 2,eess.IV
8256,"The Range of Approximate Unitary Equivalence Classes of Homomorphisms
  from AH-algebras",Room 7,math.OA
8257,"Noise Level Estimation for Overcomplete Dictionary Learning Based on
  Tight Asymptotic Bounds",Room 2,eess.SP
8258,A Trimming Estimator for the Latent-Diffusion-Observed-Adoption Model,Room 1,econ.EM
8259,"Tensor-to-Vector Regression for Multi-channel Speech Enhancement based
  on Tensor-Train Network",Room 2,eess.AS
8260,"Can Distribution Grids Significantly Contribute to Transmission Grids'
  Voltage Management?",Room 10,physics.app-ph
8261,Efficacy Analysis in Clinical Trials: A Comprehensive Review of Statistical and Machine Learning Approaches,Room 1,stat.OT
8262,Active Sampling for Approximately Bandlimited Graph Signals,Room 2,eess.SP
8263,Subscription-Based Inventory Planning for E-Grocery Retailing,Room 4,econ.GN
8264,"How to build a cross-impact model from first principles: Theoretical
  requirements and empirical results",Room 3,q-fin.TR
8265,A Second-order Bound with Excess Losses,Room 1,stat.ML
8266,"A new integrable discrete generalized nonlinear Schrodinger equation and
  its reductions",Room 5,nlin.SI
8267,"Interest Rates After The Credit Crunch: Multiple-Curve Vanilla
  Derivatives and SABR",Room 3,q-fin.PR
8268,"A generalized linear mixed model for longitudinal binary data with a
  marginal logit link function",Room 1,stat.AP
8269,"Optimal High Frequency Trading in a Pro-Rata Microstructure with
  Predictive Information",Room 3,q-fin.TR
8270,Level Set Structure of an Integrable Cellular Automaton,Room 5,nlin.SI
8271,Minimum Sum Edge Colorings of Multicycles,Room 5,cs.DM
8272,Hopf Algebras of Heap Ordered Trees and Permutations,Room 7,math.RA
8273,ModelTalk: A Framework for Developing Domain Specific Executable Models,Room 12,cs.SE
8274,Equivariant embeddings of Hermitian symmetric spaces,Room 7,math.MG
8275,"Equity warrant pricing under subdiffusive fractional Brownian motion of
  the short rate",Room 3,q-fin.PR
8276,Modelling Financial Markets by Self-Organized Criticality,Room 4,q-fin.ST
8277,"Derivation of an EM algorithm for constrained and unconstrained
  multivariate autoregressive state-space (MARSS) models",Room 1,stat.ME
8278,On the Conformal forms of the Robertson-Walker metric,Room 11,gr-qc
8279,George Udny Yule and the Interpretation of Regression Betas,Room 11,stat.OT
8280,Entropy facilitated active transport,Room 6,q-bio.BM
8281,Gaussian Processes and Limiting Linear Models,Room 2,stat.ME
8282,"Deep Learning Based Fast Multiuser Detection for Massive Machine-Type
  Communication",Room 2,eess.SP
8283,"Capitalising the Network Externalities of New Land Supply in the
  Metaverse",Room 4,econ.GN
8284,"Deep Predictive Motion Tracking in Magnetic Resonance Imaging:
  Application to Fetal Imaging",Room 2,eess.IV
8285,"Embodied social interaction constitutes social cognition in pairs of
  humans: A minimalist virtual reality experiment",Room 6,nlin.AO
8286,Game-Theoretic Optimal Portfolios for Jump Diffusions,Room 4,econ.GN
8287,Bayesian modeling of bacterial growth for multiple populations,Room 6,stat.AP
8288,"Monte Carlo Simulations of Star Clusters - VI. The globular cluster NGC
  6397",Room 12,astro-ph.GA
8289,logcf: An Efficient Tool for Real Root Isolation,Room 10,cs.SC
8290,Corestrictions of algebras and splitting fields,Room 7,math.RA
8291,"Some Divisibility Properties in Ring of Polynomials over a Unique
  Factorization Domain",Room 7,math.AC
8292,"Classification of quasifinite representations with nonzero central
  charges for type $A_1$ EALA with coordinates in quantum torus",Room 7,math.QA
8293,"The Seven Messengers and the ""Buzzati sequence""",Room 7,math.HO
8294,"The adaptability of physiological systems optimizes performance: new
  directions in augmentation",Room 1,cs.HC
8295,Diffusion For Ensembles of Standard Maps,Room 5,nlin.CD
8296,Wasserstein GANs for MR Imaging: from Paired to Unpaired Training,Room 2,eess.IV
8297,"Monopoly, Product Quality, and Flexible Learning",Room 4,econ.TH
8298,"Interference management and capacity analysis for mm-wave picocells in
  urban canyons",Room 11,eess.SP
8299,Beauty and Charm Production Measurements at the Tevatron,Room 11,hep-ex
8300,"Comparing Classical Pathways and Modern Networks: Towards the
  Development of an Edge Ontology",Room 6,q-bio.MN
8301,VAD-free Streaming Hybrid CTC/Attention ASR for Unsegmented Recording,Room 2,eess.AS
8302,"Analytical solution for light propagation in Schwarzschild field having
  an accuracy of 1 micro-arcsecond",Room 11,astro-ph.IM
8303,"Elongation and shape changes in organisms with cell walls: a dialogue
  between experiments and models",Room 6,q-bio.CB
8304,"Stability and performance in transient average constrained economic MPC
  without terminal constraints",Room 10,eess.SY
8305,Coupling of transverse and longitudinal response in stiff polymers,Room 8,cond-mat.soft
8306,The Network Effect in Credit Concentration Risk,Room 3,q-fin.GN
8307,"Generalization of the event-based Carnevale-Hines integration scheme for
  integrate-and-fire models",Room 6,q-bio.NC
8308,"Methods for Characterizing the Epigenetic Attractors Landscape
  Associated with Boolean Gene Regulatory Networks",Room 6,q-bio.MN
8309,"Discrete Solitary Waves in Systems with Nonlocal Interactions and the
  Peierls-Nabarro Barrier",Room 8,nlin.PS
8310,"An integrated in vitro in silico approach for silver nanoparticle
  dosimetry in cell cultures",Room 11,q-bio.TO
8311,Neural Augmented Kalman Filtering with Bollinger Bands for Pairs Trading,Room 3,q-fin.TR
8312,Numeraire markets,Room 3,q-fin.MF
8313,"Irreversible Investment under L\'evy Uncertainty: an Equation for the
  Optimal Boundary",Room 4,q-fin.PM
8314,"Massive CP$^1$ theory from a microscopic model for doped
  antiferromagnets",Room 7,cond-mat.str-el
8315,"Uncovering individual and collective human dynamics from mobile phone
  records",Room 4,physics.soc-ph
8316,"Holographic Ricci dark energy: Current observational constraints,
  quintom feature, and the reconstruction of scalar-field dark energy",Room 11,astro-ph.CO
8317,The Complexity of Computing Minimal Unidirectional Covering Sets,Room 7,cs.CC
8318,"A Bayesian Method for Detecting and Characterizing Allelic Heterogeneity
  and Boosting Signals in Genome-Wide Association Studies",Room 2,stat.ME
8319,The old open clusters Berkeley 32 and King 11,Room 12,astro-ph
8320,"Discontinuous Galerkin Methods for the Helmholtz Equation with Large
  Wave Number",Room 5,math.NA
8321,Steering Fragments of Instruction Sequences,Room 12,cs.PL
8322,Backtracking activation impacts the criticality of excitable networks,Room 6,nlin.AO
8323,"Does an artificial intelligence perform market manipulation with its own
  discretion? -- A genetic algorithm learns in an artificial market simulation",Room 4,q-fin.TR
8324,"Consumer Expenditure Distribution in India, 1983-2007: Evidence of a
  Long Pareto Tail",Room 3,q-fin.GN
8325,"Secondary invariants for Frechet algebras, quasihomomorphisms, and the
  residue Chern character",Room 11,math.KT
8326,Immunometabolism at the Crossroads of Infection: Mechanistic and Systems-Level Perspectives from Host and Pathogen,Room 6,q-bio.CB
8327,Complete surfaces with positive extrinsic curvature in product spaces,Room 7,math.DG
8328,Interactive Exploration of Large Dendrograms with Prototypes,Room 1,stat.OT
8329,"A Stable and Robust Calibration Scheme of the Log-Periodic Power Law
  Model",Room 3,q-fin.GN
8330,"Conditionally structured variational Gaussian approximation with
  importance weights",Room 2,stat.CO
8331,"The end of 'set it and forget it' pricing? Opportunities for
  market-based freight contracts",Room 4,econ.GN
8332,Soft Motion Trajectory Planner for Service Manipulator Robot,Room 10,cs.RO
8333,"Probabilistic Forecasting in Day-Ahead Electricity Markets: Simulating
  Peak and Off-Peak Prices",Room 3,econ.EM
8334,"Microscopic understanding of heavy-tailed return distributions in an
  agent-based model",Room 3,q-fin.TR
8335,"Feedforward control for wave disturbance rejection on floating offshore
  wind turbines",Room 10,eess.SY
8336,Efficiency in Truthful Auctions via a Social Network,Room 4,econ.TH
8337,The robust superreplication problem: a dynamic approach,Room 4,q-fin.MF
8338,"Electrostatic determinants of voltage sensitivity in ion channels:
  Simulations of sliding-helix mechanisms",Room 8,q-bio.BM
8339,An Economic Topology of the Brexit vote,Room 4,econ.EM
8340,"Some connections between results and problems of De Giorgi, Moser and
  Bangert",Room 5,math.AP
8341,KISS approach to credit portfolio modeling,Room 3,q-fin.RM
8342,"A Multivariate Fast Discrete Walsh Transform with an Application to
  Function Interpolation",Room 5,math.NA
8343,Universal Neural Vocoding with Parallel WaveNet,Room 2,eess.AS
8344,Keynotes on membrane proteomics,Room 6,q-bio.GN
8345,"The Interplay between Chemistry and Mechanics in the Transduction of a
  Mechanical Signal into a Biochemical Function",Room 8,q-bio.BM
8346,Selfish Response to Epidemic Propagation,Room 4,cs.SY
8347,"The need for an integrative thinking to fight against emerging
  infectious diseases",Room 4,q-bio.OT
8348,"Pipe Roughness Identification of Water Distribution Networks: The Full
  Turbulent Case",Room 6,eess.SY
8349,Monotony in Service Orchestrations,Room 10,cs.NI
8350,A general moment expansion method for stochastic kinetic models,Room 6,q-bio.MN
8351,An n-dimensional Rosenbrock Distribution for MCMC Testing,Room 1,stat.CO
8352,AB Levitrons and their Applications to Earth's Motionless Satellites,Room 11,physics.gen-ph
8353,Riemann-Roch theorems and elliptic genus for virtually smooth Schemes,Room 7,math.AG
8354,"729 new measures of economic complexity (Addendum to Improving the
  Economic Complexity Index)",Room 3,q-fin.EC
8355,"Consequential LCA for territorial and multimodal transportation
  policies: method and application to the free-floating e-scooter disruption in
  Paris",Room 1,econ.GN
8356,"On the Ergodicity of an Autonomous Robot for Efficient Environment
  Explorations",Room 10,eess.SY
8357,"Effect of ISI Mitigation on Modulation Techniques in Communication via
  Diffusion",Room 8,cs.ET
8358,Large coupled oscillator systems with heterogeneous interaction delays,Room 8,nlin.CD
8359,Optimal trading policies for wind energy producer,Room 3,q-fin.TR
8360,Robust Estimation of Conditional Factor Models,Room 3,econ.EM
8361,"Tumor Spheroid Chemotaxis in Epidermal Growth Factor Gradients Revealed
  by a 3D Microfluidic Device",Room 6,q-bio.CB
8362,Distance Geometry in Quasihypermetric Spaces. I,Room 7,math.MG
8363,"Flow-correlated dilution of a regular network leads to a percolating
  network during tumor induced angiogenesis",Room 6,q-bio.CB
8364,"Dissecting Galaxy Formation: I. Comparison Between Pure Dark Matter and
  Baryonic Models",Room 12,astro-ph.CO
8365,Inference on Auctions with Weak Assumptions on Information,Room 4,econ.EM
8366,"Energetic and Entropic Analysis of Mirror Symmetry Breaking Processes in
  a Recycled Microreversible Chemical System",Room 6,q-bio.BM
8367,Cobordism invariance of the family index,Room 7,math.KT
8368,"A Minimum-Labeling Approach for Reconstructing Protein Networks across
  Multiple Conditions",Room 6,q-bio.QM
8369,Bayesian Stable Isotope Mixing Models,Room 1,stat.AP
8370,Equity Premium Puzzle or Faulty Economic Modelling?,Room 3,econ.GN
8371,Color-wise Attention Network for Low-light Image Enhancement,Room 2,eess.IV
8372,Bounding the Probability of Error for High Precision Recognition,Room 2,cs.CV
8373,Trends and Practices in Process Capability Studies,Room 1,stat.AP
8374,"Flat Hybrid Automata as a Class of Reachable Systems: Introductory
  Theory and Examples",Room 10,eess.SY
8375,"Sustainable Market Incentives -- Lessons from European Feebates for a
  ZEV Future",Room 4,econ.GN
8376,"On Labs and Fabs: Mapping How Alliances, Acquisitions, and Antitrust are
  Shaping the Frontier AI Industry",Room 3,econ.GN
8377,"Ullemar's formula for the moment map, II",Room 5,math.CV
8378,Profit Shifting and International Tax Reforms,Room 3,econ.GN
8379,Mechanism Design with News Utility,Room 4,econ.TH
8380,"Trading Large Orders in the Presence of Multiple High-Frequency
  Anticipatory Traders",Room 3,q-fin.TR
8381,Bifurcation analysis of the Keynesian cross model,Room 4,econ.GN
8382,"Predicting the statistics of wave transport through chaotic cavities by
  the Random Coupling Model: a review and recent progress",Room 5,nlin.CD
8383,Zero-temperature equation of state of quasi-one dimensional H2,Room 8,cond-mat
8384,"Studying the Effect of Digital Stain Separation of Histopathology Images
  on Image Search Performance",Room 2,eess.IV
8385,Credit risk modeling using time-changed Brownian motion,Room 3,q-fin.PR
8386,"Trade Co-occurrence, Trade Flow Decomposition, and Conditional Order
  Imbalance in Equity Markets",Room 4,q-fin.TR
8387,"Safety-Critical Model Predictive Control with Discrete-Time Control
  Barrier Function",Room 10,eess.SY
8388,Structured matrices and inverses,Room 2,math.NA
8389,"Nano/micro-plastics effects in agricultural landscapes: an overlooked
  threat to pollination, biological pest control, and food security",Room 11,q-bio.OT
8390,Reciprocity as the foundation of Financial Economics,Room 3,q-fin.GN
8391,Comment - Practical Data Protection,Room 4,cs.CR
8392,Full Optical Fiber Link Characterization with the BSS-Lasso,Room 2,eess.SP
8393,Two-Level Concept-Oriented Data Model,Room 1,cs.DB
8394,Moving bumps in theta neuron networks,Room 6,nlin.AO
8395,On the Axiomatics of Ann-Categories,Room 7,math.CT
8396,Signaling oscillations: molecular mechanisms and functional roles,Room 6,q-bio.CB
8397,"Ecological non-linear state space model selection via adaptive particle
  Markov chain Monte Carlo (AdPMCMC)",Room 1,stat.ME
8398,Teacher Learning of Technology-Enhanced Formative Assessment,Room 11,physics.ed-ph
8399,"An X-ray/optical study of the complex dynamics of the core of the
  massive intermediate-redshift cluster MACSJ0717.5+3745",Room 12,astro-ph.CO
8400,The Business of Selling Electronic Documents,Room 4,cs.GL
8401,"Coupled Painlev\'e systems with affine Weyl group symmetry of types
  $D_3^{(2)}$ and $D_5^{(2)}$",Room 5,math.AG
8402,"Universal scaling laws of chaotic escape in dissipative multistable
  systems subjected to autoresonant excitations",Room 8,nlin.CD
8403,Non-Equivalent Beliefs and Subjective Equilibrium Bubbles,Room 4,q-fin.GN
8404,Testing for Structural Change under Nonstationarity,Room 3,econ.EM
8405,"Bivariate Causal Discovery and its Applications to Gene Expression and
  Imaging Data Analysis",Room 2,q-bio.GN
8406,"Surfactant and gravity dependent inertialess instability of two-layer
  Couette flows and its nonlinear saturation",Room 8,nlin.AO
8407,"Chemomechanical simulation of microtubule dynamics with explicit lateral
  bond dynamics",Room 8,q-bio.SC
8408,Multimodal Task-Driven Dictionary Learning for Image Classification,Room 2,stat.ML
8409,Optimal Liquidation Strategies Regularize Portfolio Selection,Room 3,q-fin.PM
8410,Climate Networks around the Globe are Significantly Effected by El Nino,Room 11,physics.ao-ph
8411,"Microscopic driving theory with non-hypothetical congested steady state:
  Model and Empirical verification",Room 10,nlin.CG
8412,Rejoinder: Citation Statistics,Room 12,stat.ME
8413,"Self-and-Mixed Attention Decoder with Deep Acoustic Structure for
  Transformer-based LVCSR",Room 2,eess.AS
8414,The integrals in Gradshteyn and Ryzhik. Part 10: the digamma function,Room 5,math.CA
8415,Forecasting the Volatility of Energy Transition Metals,Room 3,econ.GN
8416,"A Rejoinder to Mackintosh and some Remarks on the Concept of General
  Intelligence",Room 6,stat.AP
8417,Early Real-time Estimation of Infectious Disease Reproduction Number,Room 12,q-bio.QM
8418,Cross impact in derivative markets,Room 3,q-fin.TR
8419,"Segmentation of points of interest during fetal cardiac assesment in the
  first trimester from color Doppler ultrasound",Room 2,eess.IV
8420,Lipschitzness of the Lempert and Green functions,Room 5,math.CV
8421,Hyperdeterminants as integrable discrete systems,Room 5,nlin.SI
8422,A generalization of d'Alembert formula,Room 5,math.AP
8423,When to sell a Markov chain asset?,Room 3,q-fin.PR
8424,"Non-linear shrinkage of the price return covariance matrix is far from
  optimal for portfolio optimisation",Room 3,q-fin.PM
8425,"Remarks related to the paper of Rafael de la Madrid: ""On the
  inconsistency of the Bohm-Gadella theory with quantum mechanics"", JPhysA 39,
  No. 29, 9255-9268 (2006)",Room 5,math-ph
8426,Optimal Investment Under Transaction Costs,Room 4,q-fin.PM
8427,On alpha stable distribution of wind driven water surface wave slope,Room 1,physics.ao-ph
8428,"Detection of Metallo-\b{eta}-Lactamases-Encoding Genes Among Clinical
  Isolates of Escherichia Coli in a Tertiary Care Hospital, Malaysia",Room 11,q-bio.OT
8429,"Extreme genetic code optimality from a molecular dynamics calculation of
  amino acid polar requirement",Room 6,q-bio.PE
8430,Non stationary wave turbulence in an elastic plate,Room 12,nlin.CD
8431,Fast Computation of Moore-Penrose Inverse Matrices,Room 2,cs.NE
8432,"Efficient asymptotic variance reduction when estimating volatility in
  high frequency data",Room 3,q-fin.ST
8433,"Quarkonium and hydrogen spectra with spin dependent relativistic wave
  equation",Room 8,physics.gen-ph
8434,A new approach to the step-drawdown test,Room 11,physics.geo-ph
8435,Visual object categorization with new keypoint-based adaBoost features,Room 2,cs.CV
8436,A Simple Strategy to Deal with Toxic Flow,Room 3,q-fin.TR
8437,Biological Circuits: Analysis of a Biological Oscillator,Room 6,q-bio.MN
8438,Human-Robot Teams in Entertainment and Other Everyday Scenarios,Room 10,cs.MA
8439,"Distance Geometry: A Viewing Help for the Solid-Liquid Phase Transition
  in Small Systems",Room 8,physics.atm-clus
8440,"Understanding European Integration with Bipartite Networks of
  Comparative Advantage",Room 3,econ.GN
8441,Rejoinder: Struggles with Survey Weighting and Regression Modeling,Room 1,stat.ME
8442,Integer operators in finite von Neumann algebras,Room 7,math.FA
8443,Static and semi-static hedging as contrarian or conformist bets,Room 3,q-fin.CP
8444,"Statistical Network Analysis for Functional MRI: Summary Networks and
  Group Comparisons",Room 6,stat.AP
8445,"Labels discover physics: the development of new labelling methods as a
  promising research field for applied physics",Room 4,physics.pop-ph
8446,Optimizing On-Line Advertising,Room 4,cs.IR
8447,"Stochastic Backpropagation and Approximate Inference in Deep Generative
  Models",Room 2,stat.ML
8448,"Investigating Systematic Uncertainty and Experimental Design with
  Projectile Launchers",Room 1,physics.ed-ph
8449,"An $H$ theorem for Boltzmann's equation for the Yard-Sale Model of asset
  exchange",Room 3,q-fin.GN
8450,"A semi-Lagrangian $\epsilon$-monotone Fourier method for continuous
  withdrawal GMWBs under jump-diffusion with stochastic interest rate",Room 4,q-fin.CP
8451,Robust price bounds for the forward starting straddle,Room 4,q-fin.PR
8452,On the Bail-Out Optimal Dividend Problem,Room 4,q-fin.MF
8453,"Cytology Image Analysis Techniques Towards Automation: Systematically
  Revisited",Room 2,eess.IV
8454,"Optimal management of DC pension fund under relative performance ratio
  and VaR constraint",Room 3,q-fin.RM
8455,K-Theory for group C^*-algebras,Room 7,math.KT
8456,Topology of the isometry group of the Urysohn space,Room 7,math.MG
8457,"Structure and causality relations in a global network of financial
  companies",Room 3,q-fin.GN
8458,Detectors for Cosmic Rays on Ground and in Space,Room 11,physics.ins-det
8459,"CHROTRAN: A mathematical and computational model for in situ heavy metal
  remediation in heterogeneous aquifers",Room 1,q-bio.OT
8460,Heterogeneous Beliefs with Partial Observations,Room 4,q-fin.GN
8461,"Physics-Informed Convolutional Transformer for Predicting Volatility
  Surface",Room 3,q-fin.CP
8462,An introduction to spectral distances in networks (extended version),Room 6,q-bio.MN
8463,Causal Discovery in a Binary Exclusive-or Skew Acyclic Model: BExSAM,Room 1,stat.ML
8464,"Cache-Aided Massive MIMO: Linear Precoding Design and Performance
  Analysis",Room 10,eess.SP
8465,"Confidence Estimation for Attention-based Sequence-to-sequence Models
  for Speech Recognition",Room 2,eess.AS
8466,"Low-dimensional behavior of Kuramoto model with inertia in complex
  networks",Room 8,nlin.AO
8467,"Automorphisms fixing every normal subgroup of a nilpotent-by-abelian
  group",Room 7,math.GR
8468,MiniOS: an instructional platform for teaching operating systems labs,Room 11,cs.OS
8469,Points fixes des applications compactes dans les espaces ULC,Room 7,math.GN
8470,Cell detection on image-based immunoassays,Room 6,eess.IV
8471,New methods to compensate artists in music streaming platforms,Room 4,econ.TH
8472,A Noisy-Channel Model for Document Compression,Room 2,cs.CL
8473,"Failure analysis and reliability evaluation of modulation techniques for
  neutral point clamped inverters-A usage model approach",Room 10,eess.SY
8474,A Tutorial on Spectral Clustering,Room 1,cs.DS
8475,Subgame Credible Nash Equilibrium,Room 4,econ.TH
8476,"Solitary state at the edge of synchrony in ensembles with attractive and
  repulsive interaction",Room 8,nlin.AO
8477,Calculus of Variations on Time Scales with Nabla Derivatives,Room 5,math.OC
8478,"An Intermediate Luminosity Transient in NGC300: The Eruption of a
  Dust-Enshrouded Massive Star",Room 12,astro-ph.HE
8479,"Efficient spatial modelling using the SPDE approach with bivariate
  splines",Room 2,stat.CO
8480,Current log-periodic view on future world market development,Room 3,q-fin.ST
8481,"Control of seizure-like dynamics in neuronal populations with
  excitability adaptation related to ketogenic diet",Room 6,nlin.AO
8482,"Analysis of Potential Biases and Validity of Studies Using Multiverse
  Approaches to Assess the Impacts of Government Responses to Epidemics",Room 4,q-bio.OT
8483,Measurement of B(D_S^+ --> ell^+ nu) and the Decay Constant f_D_{S^+},Room 11,hep-ex
8484,Flexible Demand Manipulation,Room 4,econ.TH
8485,Ultracold scattering processes in three-atomic helium systems,Room 8,physics.atm-clus
8486,Advanced Bayesian Multilevel Modeling with the R Package brms,Room 1,stat.CO
8487,Hadronization in semi-inclusive deep-inelastic scattering on nuclei,Room 11,hep-ex
8488,Inference on effect size after multiple hypothesis testing,Room 4,econ.EM
8489,"Combining geometry and combinatorics: A unified approach to sparse
  signal recovery",Room 2,cs.DM
8490,Immersive VR Visualizations by VFIVE. Part 2: Applications,Room 2,cs.GR
8491,Every transcendental operator has a non-trivial invariant subspace,Room 5,math.GM
8492,"Muckenhoupt's $(A_p)$ condition and the existence of the optimal
  martingale measure",Room 4,q-fin.MF
8493,Asymptotic behavior of flat surfaces in hyperbolic 3-space,Room 7,math.DG
8494,Filter Design for Autoregressive Moving Average Graph Filters,Room 2,eess.SP
8495,Low dimensional behaviour of generalized Kuramoto model,Room 8,nlin.AO
8496,Modelling non-local cell-cell adhesion: a multiscale approach,Room 6,q-bio.TO
8497,"On the utilization of Macroscopic Information for String Stability of a
  Vehicular Platoon",Room 10,eess.SY
8498,Symmetries and the cosmological constant puzzle,Room 11,gr-qc
8499,"Exchange effects in elastic collisions of spin-polarized electrons with
  open-shell molecules with $^3\Sigma_g^-$ symmetry",Room 8,physics.chem-ph
8500,Trend Filtering on Graphs,Room 2,stat.ML
8501,A combinatorial approach to coarse geometry,Room 7,math.MG
8502,"A Semi-Automatic Framework to Discover Epistemic Modalities in
  Scientific Articles",Room 1,cs.CL
8503,"Fitting birth-death processes to panel data with applications to
  bacterial DNA fingerprinting",Room 6,stat.CO
8504,"Smart Load Node for Nonsmart Load Under Smart Grid Paradigm: A New Home
  Energy Management System",Room 10,eess.SP
8505,"Loewner equation for Laplacian growth: A
  Schwarz-Christoffel-transformation approach",Room 5,nlin.PS
8506,"The Corporate Social Responsibility is just a twist in a M\""obius Strip",Room 3,q-fin.EC
8507,Time-dependent information transmission in a model regulatory circuit,Room 6,q-bio.MN
8508,"Dynamic controller that operates over homomorphically encrypted data for
  infinite time horizon",Room 10,eess.SY
8509,"Learning with Square Loss: Localization through Offset Rademacher
  Complexity",Room 1,stat.ML
8510,"Spots, strips, and spiral waves in models for static and motile cells",Room 6,q-bio.CB
8511,Solid State Disk Object-Based Storage with Trim Commands,Room 10,cs.PF
8512,"Bytes are All You Need: End-to-End Multilingual Speech Recognition and
  Synthesis with Bytes",Room 12,eess.AS
8513,The Large Core of College Admission Markets: Theory and Evidence,Room 4,econ.TH
8514,"Dichotomization invariant log-mean linear parameterization for discrete
  graphical models of marginal independence",Room 1,stat.ME
8515,Analysis of a non-work conserving Generalized Processor Sharing queue,Room 10,cs.PF
8516,"SpecAugment: A Simple Data Augmentation Method for Automatic Speech
  Recognition",Room 12,eess.AS
8517,"Removing Manually-Generated Boilerplate from Electronic Texts:
  Experiments with Project Gutenberg e-Books",Room 2,cs.DL
8518,Floer trajectories with immersed nodes and scale-dependent gluing,Room 7,math.SG
8519,"Critical evaluation of the computational methods used in the forced
  polymer translocation",Room 8,physics.bio-ph
8520,A numerical study of the self-similar solutions of the Schroedinger Map,Room 8,math.NA
8521,"Pictorial Representation for Antisymmetric Eigenfunctions of PS-3
  Integral Equations",Room 5,math.CV
8522,Inference in Linear Dyadic Data Models with Network Spillovers,Room 1,econ.EM
8523,Transformations of Logic Programs on Infinite Lists,Room 12,cs.PL
8524,"Microscopic Statistical Characterisation of the Congested Traffic Flow
  and Some Salient Empirical Features",Room 10,nlin.AO
8525,"Nonlinear dynamics of running: Speed, stability, symmetry and the
  effects of leg amputations",Room 1,nlin.CD
8526,Symmetry condition in terms of Lie brackets,Room 5,nlin.SI
8527,Sketching a Model on Fisheries Enforcement and Compliance -- A Survey,Room 4,econ.GN
8528,Promote cooperation by localised small-world communication,Room 4,physics.soc-ph
8529,"Desiderata for a biomedical knowledge network: opportunities, challenges and future Directions",Room 2,q-bio.OT
8530,"Spoof Surface Plasmon Polariton Leaky-Wave Antennas using Periodically
  Loaded Patches above PEC and AMC Ground Planes",Room 11,physics.app-ph
8531,"Estimating the Effect of Central Bank Independence on Inflation Using
  Longitudinal Targeted Maximum Likelihood Estimation",Room 1,econ.EM
8532,"Volterra mortality model: Actuarial valuation and risk management with
  long-range dependence",Room 1,q-fin.MF
8533,Numerical Estimation of Invariance Entropy for Nonlinear Control Systems,Room 1,eess.SY
8534,The Optimal Form of Distribution Networks Applied to the Kidney and Lung,Room 6,q-bio.TO
8535,Heterogeneous Beliefs Model of Stock Market Predictability,Room 4,q-fin.PR
8536,Statistical File Matching of Flow Cytometry Data,Room 2,stat.AP
8537,"DVNet: A Memory-Efficient Three-Dimensional CNN for Large-Scale
  Neurovascular Reconstruction",Room 2,eess.IV
8538,"The assessment and planning of non-inferiority trials for retention of
  effect hypotheses - towards a general approach",Room 1,stat.ME
8539,Chaotic iterations and topological chaos,Room 5,nlin.CD
8540,Improved Error Bounds Based on Worst Likely Assignments,Room 2,stat.ML
8541,"Deformation Quantization of Surjective Submersions and Principal Fibre
  Bundles",Room 7,math.QA
8542,"Generalized St\""ackel Transform and Reciprocal Transformations for
  Finite-Dimensional Integrable Systems",Room 5,nlin.SI
8543,"GPTs are GPTs: An Early Look at the Labor Market Impact Potential of
  Large Language Models",Room 1,econ.GN
8544,"A Likelihood Ratio Framework for High Dimensional Semiparametric
  Regression",Room 1,stat.ML
8545,Leaf growth is conformal,Room 6,q-bio.TO
8546,Multiple Random Oracles Are Better Than One,Room 5,cs.LG
8547,Language simulation after a conquest,Room 4,physics.soc-ph
8548,"Semiparametric Difference-in-Differences with Potentially Many Control
  Variables",Room 1,econ.GN
8549,A Universal Part-of-Speech Tagset,Room 1,cs.CL
8550,Price Jump Prediction in Limit Order Book,Room 3,q-fin.TR
8551,"Mean Absolute Directional Loss as a New Loss Function for Machine
  Learning Problems in Algorithmic Investment Strategies",Room 3,q-fin.CP
8552,Double Point Contact in the k=3 Read-Rezayi State,Room 8,cond-mat.mes-hall
8553,Reducible family of height three level algebras,Room 7,math.AC
8554,"Mechanics of good trade execution in the framework of linear temporary
  market impact",Room 3,q-fin.TR
8555,"Shaping Microwave Fields using Non-Linear Unsolicited Feedback:
  Application to Enhanced Energy Harvesting",Room 11,physics.app-ph
8556,"Double bracket dissipation in kinetic theory for particles with
  anisotropic interactions",Room 8,nlin.AO
8557,Measurement of the Decay Constant $f_D{_S^+}$ using $D_S^+ --> ell^+ nu,Room 11,hep-ex
8558,Grass-roots optimization of coupled oscillator networks,Room 10,nlin.AO
8559,Food web framework for size-structured populations,Room 6,q-bio.PE
8560,"Liquid elasticity length, universal dynamic crossovers and glass
  transition",Room 8,cond-mat.dis-nn
8561,Tapering Analysis of Airways with Bronchiectasis,Room 1,eess.IV
8562,A Dynamical Model for Forecasting Operational Losses,Room 3,q-fin.RM
8563,Brief encounter networks,Room 4,cs.CY
8564,"Time and motion in physics: the Reciprocity Principle, relativistic
  invariance of the lengths of rulers and time dilatation",Room 11,physics.gen-ph
8565,"Optimal stimulus and noise distributions for information transmission
  via suprathreshold stochastic resonance",Room 6,cond-mat.stat-mech
8566,"Understanding Protein Dynamics with L1-Regularized Reversible Hidden
  Markov Models",Room 6,q-bio.BM
8567,Analytic Moments for GARCH Processes,Room 1,q-fin.ST
8568,"When the clock strikes: Modeling the relation between circadian rhythms
  and cardiac arrhythmias",Room 6,q-bio.TO
8569,Anti-Synchronization in Multiple Time Delay Power Systems,Room 10,nlin.CD
8570,Risk- and Variance-Aware Electricity Pricing,Room 10,eess.SY
8571,Silver Staining of Proteins in 2DE Gels,Room 11,q-bio.GN
8572,"Latent rank change detection for analysis of splice-junction microarrays
  with nonlinear effects",Room 2,stat.AP
8573,Boosted p-Values for High-Dimensional Vector Autoregression,Room 3,econ.EM
8574,Lattice solitons with quadrupolar intersite interactions,Room 8,nlin.PS
8575,Transitivity reinforcement in the coevolving voter model,Room 6,nlin.AO
8576,A Non-Termination Criterion for Binary Constraint Logic Programs,Room 10,cs.PL
8577,"One-dimensional gap solitons in quintic and cubic-quintic Fractional
  nonlinear Schr\""{o}dinger equations with a periodically modulated linear
  potential",Room 8,nlin.PS
8578,"Benchmarking Flexible Electric Loads Scheduling Algorithms under Market
  Price Uncertainty",Room 10,eess.SY
8579,A framework for reversible circuit complexity,Room 10,cs.ET
8580,"On the bail-out dividend problem for spectrally negative Markov additive
  models",Room 4,q-fin.MF
8581,Motility of a Model Bristle-Bot: a Theoretical Analysis,Room 8,nlin.CD
8582,"Assessing Reliability and Challenges of Uncertainty Estimations for
  Medical Image Segmentation",Room 2,eess.IV
8583,"Structure of the spaces of matrix monotone functions and of matrix
  convex functions and Jensen's type inequality for operators",Room 5,math.OA
8584,"Puzzles, Tableaux and Mosaics",Room 7,math.CO
8585,"Entropy production in high-energy heavy-ion collisions and the
  correlation of shear viscosity and thermalization time",Room 12,nucl-th
8586,Encapsulation theory: the configuration efficiency limit,Room 10,cs.SE
8587,"Sharp Magnetic Field Dependence of the 2D Hall Coefficient Induced by
  Classical Memory Effects",Room 8,cond-mat.dis-nn
8588,"Electronic Emition Properties of Bi Layer Novel Organic Semiconductor
  Systems",Room 8,cond-mat.mes-hall
8589,SAINT: Spatially Aware Interpolation NeTwork for Medical Slice Synthesis,Room 2,eess.IV
8590,Hyperplane Arrangements with Large Average Diameter,Room 10,math.MG
8591,Achieving Exact Cluster Recovery Threshold via Semidefinite Programming,Room 4,stat.ML
8592,A Hausdorff-Young inequality for measured groupoids,Room 5,math.OA
8593,Offline Arabic Handwriting Recognition Using Artificial Neural Network,Room 2,cs.CL
8594,Fast Barrier Option Pricing by the COS BEM Method in Heston Model,Room 12,q-fin.CP
8595,"Semi-supervised learning of glottal pulse positions in a neural
  analysis-synthesis framework",Room 12,eess.AS
8596,A Simple Algorithm for Scalable Monte Carlo Inference,Room 1,stat.CO
8597,Probabilistic Arithmetic Automata and their Applications,Room 1,cs.FL
8598,Speech recognition with quaternion neural networks,Room 2,eess.AS
8599,"Recurrent Averaging Inequalities in Multi-Agent Control and Social
  Dynamics Modeling",Room 10,eess.SY
8600,"Causal Tree Estimation of Heterogeneous Household Response to
  Time-Of-Use Electricity Pricing Schemes",Room 4,econ.GN
8601,"Insider information and its relation with the arbitrage condition and
  the utility maximization problem",Room 3,q-fin.MF
8602,"Colocalization of coregulated genes: a steered molecular dynamics study
  of human chromosome 19",Room 6,q-bio.GN
8603,Space-filling design for nonlinear models,Room 2,stat.CO
8604,"Characteristics of the Wave Function of Coupled Oscillators in
  Semiquantum Chaos",Room 5,nlin.CD
8605,"The Pythagorean Won-Loss Formula and Hockey: A Statistical Justification
  for Using the Classic Baseball Formula as an Evaluative Tool in Hockey",Room 4,stat.AP
8606,"Statistical Analysis of Global Connectivity and Activity Distributions
  in Cellular Networks",Room 2,q-bio.MN
8607,When Sellers Are Uncertain about Quality,Room 4,econ.TH
8608,Spatial statistics and attentional dynamics in scene viewing,Room 2,q-bio.NC
8609,Rationally Inattentive Echo Chambers,Room 4,econ.TH
8610,Nonparametric regression for cost-effectiveness analyses with observational data -- a tutorial,Room 4,econ.EM
8611,Online reviews can predict long-term returns of individual stocks,Room 3,econ.GN
8612,Digital Ecosystems,Room 6,cs.MA
8613,"Phase-imprint induced domain formations and spin dynamics in spinor
  condensates",Room 8,cond-mat.quant-gas
8614,"A normalization model of visual search predicts single trial human
  fixations in an object search task",Room 2,q-bio.NC
8615,"Eigenvectors of Baxter-Bazhanov-Stroganov \tau^{(2)}(t_q) model with
  fixed-spin boundary conditions",Room 5,nlin.SI
8616,Quantum dynamics of a qubit coupled with structured bath,Room 8,cond-mat.dis-nn
8617,"L'alg\`ebre des invariants d'un groupe de Coxeter agissant sur un
  mutiple de sa repr\'esentation standard",Room 7,math.RA
8618,The beginnings of the theory of Hopf algebras,Room 7,math.HO
8619,"A risk measurement approach from risk-averse stochastic optimization of
  score functions",Room 4,q-fin.RM
8620,"Phonon and Magnetic Pairing Mechanisms in High-Temperature
  Superconductors in the Strong Correlation Mode",Room 8,cond-mat.supr-con
8621,"Differentiation in a Two-Dimensional Market with Endogenous Sequential
  Entry",Room 3,econ.GN
8622,Beyond Chaos,Room 8,math.GM
8623,"Hyperspectral unmixing with spectral variability using adaptive bundles
  and double sparsity",Room 2,eess.IV
8624,"$C^*$-pseudo-Kac systems and duality for coactions of concrete Hopf
  $C^*$-bimodules",Room 7,math.OA
8625,Hiring as Exploration,Room 1,econ.GN
8626,"Exploring Gaussian mixture model framework for speaker adaptation of
  deep neural network acoustic models",Room 12,eess.AS
8627,"The structure of two-valued strategy-proof social choice functions with
  indifference",Room 4,econ.TH
8628,The Contribution of Tourism in National Economies: Evidence of Greece,Room 3,econ.GN
8629,Data integration in systems genetics and aging research,Room 2,q-bio.OT
8630,"Graph Neural Networks: Theory for Estimation with Application on Network
  Heterogeneity",Room 1,econ.EM
8631,"Clustering of time-course gene expression profiles using normal mixture
  models with AR(1) random effects",Room 2,stat.ME
8632,"Implications of Inter-Rater Agreement on a Student Information Retrieval
  Evaluation",Room 12,cs.IR
8633,The Square Cat,Room 7,physics.class-ph
8634,EVOC: A Computer Model of the Evolution of Culture,Room 6,cs.MA
8635,On Abstraction-Based Controller Design With Output Feedback,Room 10,eess.SY
8636,"Sparse Codes for Speech Predict Spectrotemporal Receptive Fields in the
  Inferior Colliculus",Room 2,q-bio.NC
8637,"A d-bar-theoretical proof of Hartogs' Extension Theorem on Stein spaces
  with isolated singularities",Room 7,math.CV
8638,On Two Dimensional Orthogonal Knapsack Problem,Room 1,cs.DS
8639,"Using generalized estimating equations to estimate nonlinear models with
  spatial data",Room 4,econ.EM
8640,"Free-energy calculations for semi-flexible macromolecules: Applications
  to DNA knotting and looping",Room 6,q-bio.BM
8641,"Quantum Diffusion in Polaron Model of poly(dG)-poly(dC) and
  poly(dA)-poly(dT) DNA polymers",Room 8,cond-mat.soft
8642,"The Ostrovsky-Vakhnenko equation on the half-line: a Riemann-Hilbert
  approach",Room 5,nlin.SI
8643,Derived Semidistributive Lattices,Room 5,math.LO
8644,Complex quotients by nonclosed groups and their stratifications,Room 7,math.AG
8645,Effect of Weather Conditions on FSO link based in Islamabad,Room 11,eess.SP
8646,"Encounter networks from collective mitochondrial dynamics support the
  emergence of effective mtDNA genomes in plant cells",Room 6,q-bio.SC
8647,Parametric Learning and Monte Carlo Optimization,Room 1,cs.LG
8648,Polyfolds And A General Fredholm Theory,Room 7,math.SG
8649,Avalanches impede synchronization of jammed oscillators,Room 6,nlin.AO
8650,Complex Systems: From Nuclear Physics to Financial Markets,Room 4,q-fin.ST
8651,"Deep Interaction between Masking and Mapping Targets for Single-Channel
  Speech Enhancement",Room 2,eess.AS
8652,"AI-powered Chatbots: Effective Communication Styles for Sustainable
  Development Goals",Room 12,econ.GN
8653,q-Sturm-Liouville theory and the corresponding eigenfunction expansions,Room 5,math.CA
8654,Mechanism of organization increase in complex systems,Room 6,nlin.AO
8655,Scaling limit for a class of gradient fields with nonconvex potentials,Room 5,math.PR
8656,"Reproductive system and interaction with fauna in a Mediterranean
  Pyrophite shrub",Room 6,q-bio.OT
8657,"Risk Neutral Option Pricing With Neither Dynamic Hedging nor Complete
  Markets",Room 3,q-fin.MF
8658,Enveloping algebras of Hom-Lie algebras,Room 7,math.RA
8659,On Solving General Linear Equations in the Set of Natural Numbers,Room 5,math.GM
8660,An Economy of Neural Networks: Learning from Heterogeneous Experiences,Room 3,econ.GN
8661,Leveraging the network: a stress-test framework based on DebtRank,Room 3,q-fin.RM
8662,Primitive Recursive Presentations of Automata and their Products,Room 10,cs.FL
8663,"Learning and innovative elements of strategy adoption rules expand
  cooperative network topologies",Room 4,q-bio.MN
8664,"The statistical analysis of acoustic phonetic data: exploring
  differences between spoken Romance languages",Room 2,stat.AP
8665,"Droplet phases in non-local Ginzburg-Landau models with Coulomb
  repulsion in two dimensions",Room 5,nlin.PS
8666,"Tri-criterion model for constructing low-carbon mutual fund portfolios:
  a preference-based multi-objective genetic algorithm approach",Room 3,q-fin.GN
8667,An Upper Bound for Functions of Estimators in High Dimensions,Room 1,econ.EM
8668,"Gamma Processes, Stick-Breaking, and Variational Inference",Room 1,stat.ML
8669,"A Geometric Method for Passivation and Cooperative Control of
  Equilibrium-Independent Passivity-Short Systems",Room 5,eess.SY
8670,Results and Frontiers in Lattice Baryon Spectroscopy,Room 12,hep-lat
8671,"Isogenies of supersingular elliptic curves over finite fields and
  operations in elliptic cohomology",Room 7,math.AT
8672,Efficient Exponential Tilting for Portfolio Credit Risk,Room 3,q-fin.CP
8673,Auction Design with Data-Driven Misspecifications,Room 4,econ.TH
8674,"Fractal analysis for sets of non-differentiability of Minkowski's
  question mark function",Room 5,math.DS
8675,"Effect of a preliminary test of homogeneity of stratum-specific odds
  ratios on their confidence intervals",Room 1,stat.ME
8676,A Clustering Coefficient Network Formation Game,Room 7,cs.SI
8677,Statistical Regularities of Equity Market Activity,Room 4,q-fin.ST
8678,"Robust Bayesian compressive sensing with data loss recovery for
  structural health monitoring signals",Room 2,stat.AP
8679,"Graphs emerging from the solutions to the periodic discrete Toda
  equation over finite fields",Room 5,nlin.SI
8680,"A Machine Learning approach to Risk Minimisation in Electricity Markets
  with Coregionalized Sparse Gaussian Processes",Room 3,q-fin.RM
8681,Forecasting skill of a crowd-prediction platform: A comparison of exchange rate forecasts,Room 1,econ.GN
8682,A Unifying Framework for Robust and Efficient Inference with Unstructured Data,Room 2,econ.EM
8683,"Interrelationship Between Protein Electrostatics and Evolution in HCV
  and HIV Replicative Proteins",Room 8,q-bio.BM
8684,Quantum Chaotic Scattering in Microwave Resonators,Room 5,nlin.CD
8685,Recent Progresses in Deep Learning based Acoustic Models (Updated),Room 2,eess.AS
8686,Thermodynamic limits to information harvesting by sensory systems,Room 6,q-bio.QM
8687,Modeling Dual Pathways for the Metazoan Spindle Assembly Checkpoint,Room 6,q-bio.SC
8688,Inference in clustered IV models with many and weak instruments,Room 1,econ.EM
8689,The microtubule transistor,Room 8,q-bio.SC
8690,Recurrent Stochastic Fluctuations with Financial Speculation,Room 4,econ.TH
8691,Encounter-based worms: Analysis and Defense,Room 10,cs.NI
8692,"Fast unsupervised Bayesian image segmentation with adaptive spatial
  regularisation",Room 2,stat.CO
8693,Covariance Matrix Analysis for Optimal Portfolio Selection,Room 3,q-fin.PM
8694,"Lottery paradox, DNA evidence and other stories: How to accept uncertain
  statements",Room 1,stat.OT
8695,Coxeter multiarrangements with quasi-constant multiplicities,Room 7,math.CO
8696,"The Minimal Number of Periodic Orbits of Periods Guaranteed in
  Sharkovskii's Theorem",Room 5,math.DS
8697,"Evolutionary instability of Zero Determinant strategies demonstrates
  that winning isn't everything",Room 4,q-bio.PE
8698,"Fairness and efficiency for probabilistic allocations with participation
  constraints",Room 4,econ.TH
8699,"Correction of paper published in J. Combinatorial Theory 21, 1976: On
  the Existence of Hadamard Matrices",Room 5,math.CO
8700,"Measuring price impact and information content of trades in a
  time-varying setting",Room 3,q-fin.TR
8701,Quality Assessment of DIBR-synthesized views: An Overview,Room 2,eess.IV
8702,"Metastability and Multiscale Extinction Time on a Finite System of
  Interacting Stochastic Chains",Room 8,nlin.AO
8703,Double Kernel estimation of sensitivities,Room 3,q-fin.CP
8704,Economics of 100% renewable power systems,Room 4,econ.GN
8705,A binary model for the UV-upturn of elliptical galaxies (MNRAS version),Room 12,astro-ph
8706,"Clustering features of $^9$Be, $^{14}$N, $^7$Be, and $^8$B nuclei in
  relativistic fragmentation",Room 11,nucl-ex
8707,CVA and vulnerable options in stochastic volatility models,Room 3,q-fin.CP
8708,"Abstract, Classic, and Explicit Turnpikes",Room 3,q-fin.PM
8709,"A Game-Theoretic Approach to Energy-Efficient Modulation in CDMA
  Networks with Delay Constraints",Room 10,cs.IT
8710,Crossing paths in 2D Random Walks,Room 5,stat.AP
8711,"Random fields of multivariate test statistics, with applications to
  shape analysis",Room 1,math.ST
8712,"Vanishing moment method and moment solutions for second order fully
  nonlinear partial differential equations",Room 8,math.NA
8713,"Balancing small fixed and proportional transaction cost in trading
  strategies",Room 4,q-fin.PM
8714,"Theory of Operation of Direct String Magnetic Gradiometer with
  Proportional and Integral Feedback",Room 11,physics.ins-det
8715,"Change-point model on nonhomogeneous Poisson processes with application
  in copy number profiling by next-generation DNA sequencing",Room 1,stat.AP
8716,Artificial intelligence moral agent as Adam Smith's impartial spectator,Room 4,econ.GN
8717,Modeling the International-Trade Network: A Gravity Approach,Room 3,q-fin.GN
8718,"Recovering a stochastic process from noisy ensembles of many single
  particle trajectories",Room 6,q-bio.SC
8719,"From Fear to Hate: How the Covid-19 Pandemic Sparks Racial Animus in the
  United States",Room 1,econ.GN
8720,Pre-averaging estimators of the ex-post covariance matrix in noisy diffusion models with non-synchronous data,Room 3,econ.EM
8721,Latency and liquidity provision in a limit order book,Room 3,q-fin.TR
8722,Theory of Cricket: Target Scores and Predictability,Room 4,stat.OT
8723,The Complexity of Propositional Implication,Room 7,cs.CC
8724,Self-dual polygons and self-dual curves,Room 7,math.DG
8725,A Heat Kernel Approach to Interest Rate Models,Room 3,q-fin.PR
8726,"Exact longitudinal plasmon dispersion relations for one and two
  dimensional Wigner crystals",Room 8,cond-mat.str-el
8727,Integral group ring of Rudvalis simple group,Room 7,math.RA
8728,"Finding Community Structure with Performance Guarantees in Complex
  Networks",Room 12,cs.SI
8729,Fair division with divisible and indivisible items,Room 4,q-fin.EC
8730,Statistical estimation requires unbounded memory,Room 1,stat.CO
8731,"Evaluation of Headway Threshold-based Coordinated Platooning over a
  Cascade of Highway Junctions",Room 10,eess.SY
8732,"Refinements of Barndorff-Nielsen and Shephard model: an analysis of
  crude oil price with machine learning",Room 3,q-fin.ST
8733,Massive Stars: From the VLT to the ELT,Room 12,astro-ph
8734,Random Latin squares and Sudoku designs generation,Room 4,stat.CO
8735,"Spinoza, Leibniz, Kant, and Weyl",Room 3,econ.TH
8736,Composition Attacks and Auxiliary Information in Data Privacy,Room 4,cs.DB
8737,"Maximum likelihood and pseudo score approaches for parametric
  time-to-event analysis with informative entry times",Room 1,stat.AP
8738,Ethical Dilemma of Governmental Wiretapping,Room 1,cs.CY
8739,Flashot: A Snapshot of Flash Loan Attack on DeFi Ecosystem,Room 4,q-fin.CP
8740,Symmetry breaking in competing single-well linear-nonlinear potentials,Room 8,nlin.PS
8741,Decoding Staircase Codes with Marked Bits,Room 10,eess.SP
8742,A Generalized Kernel Approach to Structured Output Learning,Room 1,stat.ML
8743,Explicit equilibria in a kinetic model of gambling,Room 3,q-fin.GN
8744,Perfect and partial hedging for swing game options in discrete time,Room 3,q-fin.PR
8745,The Ostrovsky-Vakhnenko equation by a Riemann-Hilbert approach,Room 5,nlin.SI
8746,WDM and Directed Star Arboricity,Room 5,cs.NI
8747,"Robust graphical modeling of gene networks using classical and
  alternative T-distributions",Room 1,stat.ME
8748,"The Institutional Economics of Collective Waste Recovery Systems: an
  empirical investigation",Room 4,econ.GN
8749,Dark matter in the solar system II: WIMP annihilation rates in the Sun,Room 11,astro-ph.HE
8750,Novel Modifications of Parallel Jacobi Algorithms,Room 5,cs.NA
8751,Approximability and parameterized complexity of minmax values,Room 4,cs.GT
8752,Reduced-form framework under model uncertainty,Room 4,q-fin.MF
8753,An Analysis of Monetary Policy Evidence and Theory through Meta-Analyses,Room 3,econ.TH
8754,Weighted-average quantile regression,Room 1,econ.EM
8755,New exact Taylor's expansions and simple solutions to PDEs,Room 12,q-fin.MF
8756,"How Much Should We Trust Instrumental Variable Estimates in Political
  Science? Practical Advice Based on Over 60 Replicated Studies",Room 4,econ.EM
8757,Nucleon form factors on the lattice with light dynamical fermions,Room 12,hep-lat
8758,"Instanton Induced Neutrino Majorana Masses in CFT Orientifolds with
  MSSM-like spectra",Room 11,hep-th
8759,"Adaptive Network Coding for Scheduling Real-time Traffic with Hard
  Deadlines",Room 10,cs.SY
8760,Using Proximity to Predict Activity in Social Networks,Room 1,cs.SI
8761,Mobile Power Network for Ultimate Mobility without Battery Life Anxiety,Room 10,eess.SP
8762,Optimal Power Allocation for Renewable Energy Source,Room 10,cs.SY
8763,Identification of relevant subtypes via preweighted sparse clustering,Room 2,stat.ME
8764,Chinese Medical Device Market and The Investment Vector,Room 3,q-fin.EC
8765,Pay-As-You-Drive Insurance Pricing Model,Room 1,q-fin.RM
8766,Regular Ideal Languages and Their Boolean Combinations,Room 12,cs.FL
8767,"Computing Robust Leverage Diagnostics when the Design Matrix Contains
  Coded Categorical Variables",Room 1,stat.CO
8768,CdZnTe:Cl crystals for X-ray computer tomography detectors,Room 11,cond-mat.mtrl-sci
8769,VLSI Architectures for WIMAX Channel Decoders,Room 10,cs.AR
8770,Social Learning in Nonatomic Routing Games,Room 4,econ.TH
8771,Sensitivity indices for multivariate outputs,Room 1,stat.AP
8772,"Approximate Hamiltonian Statistics in One-dimensional Driven Dissipative
  Many-Particle Systems",Room 10,physics.data-an
8773,PUMA criterion = MODE criterion,Room 1,stat.OT
8774,Mode Clustering for Markov Jump Systems,Room 2,eess.SY
8775,Explaining the Mechanism of Growth in the Past Two Million Years Vol. I,Room 3,q-fin.EC
8776,Semantic Web: Who is who in the field - A bibliometric analysis,Room 12,cs.DL
8777,Wave mitigation in ordered networks of granular chains,Room 8,nlin.PS
8778,"Nachhaltige Strategien gegen die COVID-19-Pandemie in Deutschland im
  Winter 2021/2022",Room 4,q-bio.OT
8779,Policy choices and outcomes for offshore wind auctions globally,Room 4,econ.GN
8780,"Inference for log Gaussian Cox processes using an approximate marginal
  posterior",Room 2,stat.CO
8781,Asymptotics of the Euler number of bipartite graphs,Room 5,math.CO
8782,"A toy model of fractal glioma development under RF electric field
  treatment",Room 11,q-bio.CB
8783,Preliminaries to an investigation of reduced product set finance,Room 3,q-fin.GN
8784,Remarks on the calculus of variations on time scales,Room 5,math.OC
8785,"Simulation and estimation of a point-process market-model with a
  matching engine",Room 3,q-fin.TR
8786,Connected Incomplete Preferences,Room 4,econ.TH
8787,"An empirical Bayes mixture method for effect size and false discovery
  rate estimation",Room 1,stat.AP
8788,"A hierarchy of length scales for weak solutions of the three-dimensional
  Navier-Stokes equations",Room 8,nlin.CD
8789,"Min Max Generalization for Two-stage Deterministic Batch Mode
  Reinforcement Learning: Relaxation Schemes",Room 4,cs.SY
8790,Profit and loss attribution: An empirical study,Room 3,q-fin.PM
8791,Chebyshev Expansions for Solutions of Linear Differential Equations,Room 5,cs.SC
8792,Dynamic Markov Bases,Room 1,stat.CO
8793,Nonlinear Effects in the Amplitude of Cosmological Density Fluctuations,Room 11,astro-ph.CO
8794,"60 years of Broken Symmetries in Quantum Physics (From the Bogoliubov
  Theory of Superfluidity to the Standard Model)",Room 7,physics.hist-ph
8795,Cascading Failure Mitigation via Transmission Switching,Room 10,eess.SP
8796,Building Interpretable Climate Emulators for Economics,Room 4,econ.EM
8797,Quantifying Emergence in terms of Persistent Mutual Information,Room 5,nlin.AO
8798,Bispectrality for the quantum open Toda chain,Room 5,nlin.SI
8799,"Mechanical Proof of the Second Law of Thermodynamics Based on Volume
  Entropy",Room 5,cond-mat.stat-mech
8800,"A comprehensive view of the manifestations of aggregate demand and
  aggregate supply shocks in Greece, Ireland, Italy and Portugal",Room 3,econ.GN
8801,"Will artificial intelligence accelerate or delay the race between
  nuclear energy technology budgeting and net-zero emissions?",Room 4,econ.GN
8802,Validating uncertainty in medical image translation,Room 2,eess.IV
8803,"Fast and Simple Method for Pricing Exotic Options using Gauss-Hermite
  Quadrature on a Cubic Spline Interpolation",Room 12,q-fin.CP
8804,Function-coherent gambles,Room 4,econ.TH
8805,A Sensor with Analog and Digital Pixels in 0.15 micron SOI Technology,Room 2,physics.ins-det
8806,"A new method for constructing exact solutions to nonlinear delay partial
  differential equations",Room 5,nlin.SI
8807,"Funding, Collateral and Hedging: uncovering the mechanics and the
  subtleties of funding valuation adjustments",Room 3,q-fin.PR
8808,"Simultaneous Mode, Input and State Set-Valued Observers with
  Applications to Resilient Estimation Against Sparse Attacks",Room 10,eess.SY
8809,Bayesian analysis of seasonally cointegrated VAR model,Room 3,econ.EM
8810,How to survive the Squid Games using probability theory,Room 4,stat.OT
8811,"Bayesian inference for a partially observed birth-death process using
  data on proportions",Room 6,stat.CO
8812,Photometric campaign on massive stars in the open cluster NGC 5617,Room 12,astro-ph.SR
8813,"Generalized Legendre transformations and symmetries of the WDVV
  equations",Room 7,nlin.SI
8814,"Cosmological Casimir effect with maximum planckian momentum and
  accelerating universe",Room 11,gr-qc
8815,"Optimal Charging of an Electric Vehicle Battery Pack: A Real-Time
  Sensitivity-Based MPC approach",Room 10,eess.SY
8816,"Locally Convex Valued Rectangular Metric Spaces and The Kannan's Fixed
  Point Theorem",Room 7,math.GN
8817,Optimization of Lyapunov Invariants in Verification of Software Systems,Room 5,cs.SY
8818,"Cross-Temporal Forecast Reconciliation at Digital Platforms with Machine
  Learning",Room 2,econ.EM
8819,"Stable Soliton Excitations in Modulational Instability Regime with the
  Fourth-order Effects",Room 8,nlin.PS
8820,An Empirical Bayes Approach for Multiple Tissue eQTL Analysis,Room 2,stat.ME
8821,Barrier Enabled IO Stack for Flash Storage,Room 10,cs.OS
8822,Density theorems for bipartite graphs and related Ramsey-type results,Room 4,math.CO
8823,Two-component feedback loops and deformed mechanics,Room 6,q-bio.OT
8824,"Duality between invariant spaces for max-plus linear discrete event
  systems",Room 10,math.OC
8825,"How do scientific disciplines evolve in applied sciences? The properties
  of scientific fission and ambidextrous scientific drivers",Room 11,econ.GN
8826,"On the Efficient Market Hypothesis of Stock Market Indexes: The Role of
  Non-synchronous Trading and Portfolio Effects",Room 4,q-fin.TR
8827,"Quantum distillation: dynamical generation of low-entropy states of
  strongly correlated fermions in an optical lattice",Room 8,cond-mat.quant-gas
8828,"Mathematically Modeling the GPe/STN Neuronal Cluster to Account for
  Parkinsonian Tremor and Developing a Novel Method to Accurately Diagnose
  Parkinson's Disease Using Speech Measurements and an Artificial Neural
  Network",Room 2,q-bio.NC
8829,Quasi elementary contractions of Fano manifolds,Room 5,math.AG
8830,Fast Sampling for Bayesian Max-Margin Models,Room 1,stat.ML
8831,Regularity of Dirichlet nearly minimizing multiple-valued functions,Room 5,math.AP
8832,"A phylogeny of birds based on over 1,500 loci collected by target
  enrichment and high-throughput sequencing",Room 6,q-bio.GN
8833,Higher-Order Calculus of Variations on Time Scales,Room 5,math.OC
8834,No arbitrage and multiplicative special semimartingales,Room 4,q-fin.MF
8835,Dynamic Transition and Pattern Formation for Chemotactic Systems,Room 6,nlin.AO
8836,"Nested Reinforcement Learning Based Control for Protective Relays in
  Power Distribution Systems",Room 10,eess.SY
8837,Scattered context-free linear orderings,Room 12,cs.FL
8838,"Higher Dimensional Multiparameter Unitary and Nonunitary Braid Matrices:
  Even Dimensions",Room 5,math.QA
8839,"Exact distribution of the sample variance from a gamma parent
  distribution",Room 1,math.ST
8840,"Dynamic Programming based Time-Delay Estimation (TDE) Technique for
  Analysis of Time-varying Time-delay",Room 11,physics.plasm-ph
8841,Random Quantum Operations,Room 5,nlin.SI
8842,"Excited state calculations using phaseless auxiliary-field quantum Monte
  Carlo: potential energy curves of low lying C2 singlet states",Room 8,physics.comp-ph
8843,On the pseudospectrum of elliptic quadratic differential operators,Room 5,math.AP
8844,Surjunctivity for cellular automata in Besicovitch spaces,Room 5,math.DS
8845,"Methods of interpreting error estimates for grayscale image
  reconstructions",Room 2,stat.CO
8846,Graphical Comparison of MCMC Performance,Room 1,stat.CO
8847,TTC Domains,Room 4,econ.TH
8848,Review of sound card photogates,Room 2,physics.pop-ph
8849,"Semi-closed form prices of barrier options in the time-dependent CEV and
  CIR models",Room 12,q-fin.CP
8850,Soliton Fay identities. I. Dark soliton case,Room 5,nlin.SI
8851,"Topology of the regular part for infinitely renormalizable quadratic
  polynomials",Room 5,math.DS
8852,"An adaptive volatility method for probabilistic forecasting and its
  application to the M6 financial forecasting competition",Room 3,q-fin.PM
8853,Data-Driven Source Separation Based on Simplex Analysis,Room 2,eess.AS
8854,"Venue-based HIV testing at sex work hotspots to reach adolescent girls
  and young women living with HIV: a cross-sectional study in Mombasa, Kenya",Room 1,q-bio.OT
8855,Bias and Consistency in Three-way Gravity Models,Room 4,econ.EM
8856,"Efficient control of transient wave forms to prevent spreading
  depolarizations",Room 8,nlin.PS
8857,Essential arity gap of Boolean functions,Room 7,cs.DM
8858,Derivatives Pricing in Non-Arbitrage Market,Room 3,q-fin.PR
8859,"Analysis of the current-driven domain wall motion in a ratchet
  ferromagnetic strip",Room 8,physics.app-ph
8860,Cosmological test of the Yilmaz theory of gravity,Room 11,gr-qc
8861,Dynamic trees for streaming and massive data contexts,Room 1,stat.ME
8862,Bi-Directional ConvLSTM U-Net with Densley Connected Convolutions,Room 2,eess.IV
8863,"Luce, Trasparenze e Cinema tra Arte e Scienza - Light, Transparency and
  Cinema between Art and Science",Room 11,physics.pop-ph
8864,Deciding the Value 1 Problem of Probabilistic Leaktight Automata,Room 12,cs.FL
8865,Optimism and Pessimism in Strategic Interactions under Ignorance,Room 4,econ.TH
8866,"An EMG study of the lip muscles during covert auditory verbal
  hallucinations in schizophrenia",Room 2,q-bio.NC
8867,"A Generalization of the Robust Positive Expectation Theorem for Stock
  Trading via Feedback Control",Room 3,q-fin.ST
8868,"Motivations and locational factors of FDI in CIS countries: Empirical
  evidence from South Korean FDI in Kazakhstan, Russia, and Uzbekistan",Room 3,econ.GN
8869,"Moral Hazard, Dynamic Incentives, and Ambiguous Perceptions",Room 4,econ.GN
8870,Towards an enabling environment for social accountability in Bangladesh,Room 4,econ.GN
8871,Efficient and accurate simulation of the stochastic-alpha-beta-rho model,Room 3,q-fin.CP
8872,"The characteristic quasi-polynomials of the arrangements of root systems
  and mid-hyperplane arrangements",Room 7,math.CO
8873,Bonding of H in O vacancies of ZnO,Room 8,cond-mat.mtrl-sci
8874,Superfluid to Bose-glass transition in a 1D weakly interacting Bose gas,Room 8,cond-mat.quant-gas
8875,"Okun's law revisited. Is there structural unemployment in developed
  countries?",Room 3,q-fin.GN
8876,"The calculus structure of the Hochschild homology/cohomology of
  preprojective algebras of Dynkin quivers",Room 7,math.RT
8877,About the impossibility to prove P=NP and the pseudo-randomness in NP,Room 7,cs.CC
8878,"Portfolio optimisation under non-linear drawdown constraints in a
  semimartingale financial model",Room 4,q-fin.PM
8879,"Field-control, phase-transitions, and life's emergence",Room 6,q-bio.OT
8880,A Step towards Software Corrective Maintenance Using RCM model,Room 12,cs.SE
8881,"Quantum graphs whose spectra mimic the zeros of the Riemann zeta
  function",Room 5,nlin.CD
8882,"Test Models for Statistical Inference: Two-Dimensional Reaction Systems
  Displaying Limit Cycle Bifurcations and Bistability",Room 5,q-bio.MN
8883,Consensus Answers for Queries over Probabilistic Databases,Room 1,cs.DB
8884,"Parametric characterisation of a chaotic attractor using two scale
  Cantor measure",Room 12,nlin.CD
8885,Browsix: Bridging the Gap Between Unix and the Browser,Room 12,cs.OS
8886,The Weakness of Weak Ties in the Classroom,Room 4,cs.SI
8887,"Coalitional predictive control: consensus-based coalition forming with
  robust regulation",Room 10,eess.SY
8888,"Information, Impact, Ignorance, Illegality, Investing, and Inequality",Room 3,q-fin.EC
8889,"A Note on Identification of Match Fixed Effects as Interpretable
  Unobserved Match Affinity",Room 4,econ.EM
8890,"Noise-induced phase transitions: Effects of the noises' statistics and
  spectrum",Room 5,cond-mat.stat-mech
8891,"Acoustic echo cancellation with the dual-signal transformation LSTM
  network",Room 2,eess.AS
8892,Distribution Regression with Censored Selection,Room 1,econ.EM
8893,"Distributed Estimation, Information Loss and Exponential Families",Room 1,stat.ML
8894,Implicit Filter-and-sum Network for Multi-channel Speech Separation,Room 2,eess.AS
8895,"A mean-variance optimized portfolio constructed for investment in a
  reference security, for an investor with a preference towards an accepted set
  of securities",Room 4,q-fin.PM
8896,"Migrate when necessary: toward partitioned reclaiming for soft real-time
  tasks",Room 10,cs.OS
8897,"The Invertibility of Cellular Automata with Menory: Correcting Errors
  and New Conclusions",Room 6,nlin.CG
8898,"Closed-Form Directivity Expression for Arbitrary Volumetric Antenna
  Arrays",Room 11,eess.SP
8899,"Soliton groups as the reason for extreme statistics of unidirectional
  sea waves",Room 5,nlin.PS
8900,Geometric Invariant Theory via Cox Rings,Room 7,math.AG
8901,Asset and Factor Risk Budgeting: A Balanced Approach,Room 3,q-fin.PM
8902,"A nonstationary nonparametric Bayesian approach to dynamically modeling
  effective connectivity in functional magnetic resonance imaging experiments",Room 2,stat.AP
8903,Measuring risk with multiple eligible assets,Room 3,q-fin.RM
8904,"Smart Detector Cell: A Scalable All-Spin Circuit for Low Power
  Non-Boolean Pattern Recognition",Room 2,cs.ET
8905,"Fast Parallel Frequency Sweeping Algorithms for Robust ${\cal
  D}$-Stability Margin",Room 1,math.OC
8906,"Structural Break Detection in Quantile Predictive Regression Models with
  Persistent Covariates",Room 3,econ.EM
8907,Enhancing model identification with SINDy via nullcline reconstruction,Room 1,nlin.AO
8908,Specification of Products and Product Lines,Room 12,cs.SE
8909,"Detecting Sound Events Using Convolutional Macaron Net With Pseudo
  Strong Labels",Room 2,eess.AS
8910,Establishing and Measuring Standard Spreadsheet Practices for End-Users,Room 12,cs.HC
8911,"A Set-Theoretic Study of the Relationships of Image Models and Priors
  for Restoration Problems",Room 2,eess.IV
8912,"Design, construction and tests of a 3 GHz proton linac booster (LIBO)
  for cancer therapy",Room 11,physics.acc-ph
8913,MegaPipe: the MegaCam image stacking pipeline,Room 11,astro-ph.IM
8914,"Retrieval of Experiments with Sequential Dirichlet Process Mixtures in
  Model Space",Room 1,stat.ML
8915,Hamiltonian Hopf bifurcations and chaos of NLS/GP standing-wave modes,Room 5,nlin.CD
8916,"Transmembrane and Antimicrobial Peptides. Hydrophobicity, Amphiphilicity
  and Propensity to Aggregation",Room 6,q-bio.BM
8917,"On reconstruction formulas and algorithms for the thermoacoustic
  tomography",Room 5,math.AP
8918,"Active Set and EM Algorithms for Log-Concave Densities Based on Complete
  and Censored Data",Room 1,stat.ME
8919,"Feynman-Weinberg Quantum Gravity and the Extended Standard Model as a
  Theory of Everything",Room 11,hep-th
8920,Neural-estimator for the surface emission rate of atmospheric gases,Room 1,cs.NE
8921,Multimodal deep learning for short-term stock volatility prediction,Room 3,q-fin.ST
8922,"A Generalized Structured Low-Rank Matrix Completion Algorithm for MR
  Image Recovery",Room 2,eess.IV
8923,Testing for idiosyncratic Treatment Effect Heterogeneity,Room 1,econ.EM
8924,"Convolutional Recurrent Reconstructive Network for Spatiotemporal
  Anomaly Detection in Solder Paste Inspection",Room 2,eess.IV
8925,"SSCU: an R/Bioconductor package for analyzing selective profile in
  synonymous codon usage",Room 6,q-bio.GN
8926,On the origin of ambiguity in efficient communication,Room 1,cs.CL
8927,Variational Tempering,Room 1,stat.ML
8928,Impulse Stability of Large Flocks: an Example,Room 5,nlin.PS
8929,"Stark deceleration of OH radicals in low-field-seeking and
  high-field-seeking quantum states",Room 8,physics.chem-ph
8930,Real-world forward rate dynamics with affine realizations,Room 3,q-fin.MF
8931,Jacobi Forms of Critical Weight and Weil Representations,Room 7,math.NT
8932,"Autoionization of spin-polarized metastable helium in tight anisotropic
  harmonic traps",Room 8,physics.atom-ph
8933,Epigenetic Tracking: a model for all biology,Room 6,nlin.AO
8934,The generalization of Latin hypercube sampling,Room 1,stat.CO
8935,"High order approximations and simulation schemes for the log-Heston
  process",Room 1,q-fin.CP
8936,"Spectral properties of two-body random matrix ensembles for boson
  systems with spin",Room 5,nlin.CD
8937,"Complexity, Development, and Evolution in Morphogenetic Collective
  Systems",Room 6,nlin.AO
8938,On the scaling law for cortical magnification factor,Room 2,q-bio.NC
8939,"RLS-Based Adaptive Dereverberation Tracing Abrupt Position Change of
  Target Speaker",Room 2,eess.AS
8940,Neural networks for stock price prediction,Room 3,q-fin.ST
8941,"A Neural Transfer Function for a Smooth and Differentiable Transition
  Between Additive and Multiplicative Interactions",Room 1,stat.ML
8942,"Semiclassical trace formula for the two-dimensional radial power-law
  potentials",Room 8,nlin.SI
8943,"ODE and Random Boolean networks in application to modelling of
  6-mercaptopurine metabolism",Room 6,q-bio.MN
8944,Equilibrium Reward for Liquidity Providers in Automated Market Makers,Room 3,q-fin.TR
8945,"Joint Cell Nuclei Detection and Segmentation in Microscopy Images Using
  3D Convolutional Networks",Room 2,eess.IV
8946,Optimal allocations with distortion risk measures and mixed risk attitudes,Room 3,econ.TH
8947,"On Local Description of Two-Dimensional Geodesic Flows with a Polynomial
  First Integral",Room 7,nlin.SI
8948,Quantum chaos in quantum dots coupled to bosons,Room 12,nlin.CD
8949,Using Statistical Moment Invariants and Entropy in Image Retrieval,Room 2,cs.MM
8950,"Inferring the connectivity of coupled oscillators and anticipating their
  transition to synchrony through lag-time analysis",Room 8,nlin.AO
8951,Is there an infant mortality in bacteria?,Room 6,q-bio.CB
8952,"On orthogonal and special orthogonal invariants of a single matrix of
  small order",Room 7,math.AC
8953,"Inferring Synaptic Structure in presence of Neural Interaction Time
  Scales",Room 6,q-bio.NC
8954,"A Bregman Extension of quasi-Newton updates I: An Information
  Geometrical framework",Room 1,stat.CO
8955,"Interpretation of Confocal ISO 21073: 2019 confocal microscopes: Optical
  data of fluorescence confocal microscopes for biological imaging- Recommended
  Methodology for Quality Control",Room 2,q-bio.OT
8956,Towards Fast and Accurate Streaming End-to-End ASR,Room 2,eess.AS
8957,"Discussion of ""2004 IMS Medallion Lecture: Local Rademacher complexities
  and oracle inequalities in risk minimization"" by V. Koltchinskii",Room 1,q-fin.RM
8958,"Multiple functional regression with both discrete and continuous
  covariates",Room 1,stat.ML
8959,Parameter inference and model selection in signaling pathway models,Room 6,q-bio.QM
8960,"From Cells to Islands: An unified Model of Cellular Parallel Genetic
  Algorithms",Room 10,cs.NE
8961,"Joint multifractal analysis based on the partition function approach:
  Analytical analysis, numerical simulation and empirical application",Room 3,q-fin.ST
8962,"Observational detection of eight mutual eclipses and occultations
  between the satellites of Uranus",Room 11,astro-ph.EP
8963,Asymptotics for Greeks under the constant elasticity of variance model,Room 3,q-fin.PR
8964,Equality of Opportunity and Opportunity Pluralism,Room 4,econ.TH
8965,Historical pseudo simplified solution of the Dirac-Coulomb equation,Room 5,physics.gen-ph
8966,"Towards Safe Reinforcement Learning Using NMPC and Policy Gradients:
  Part II - Deterministic Case",Room 4,eess.SY
8967,Effect of Bending Anisotropy on the 3D Conformation of Short DNA Loops,Room 8,q-bio.BM
8968,"The patch topology and the ultrafilter topology on the prime spectrum of
  a commutative ring",Room 7,math.AC
8969,Utility-Scale Energy Storage in an Imperfectly Competitive Power Sector,Room 4,eess.SY
8970,"Generation of the second-harmonic Bessel beams via nonlinear Bragg
  diffraction",Room 11,nlin.PS
8971,"Comment: Gibbs Sampling, Exponential Families, and Orthogonal
  Polynomials",Room 5,stat.ME
8972,Scattering Mechanisms and Modeling for Terahertz Wireless Communications,Room 11,eess.SP
8973,"Self-supervised Representation Learning With Path Integral Clustering
  For Speaker Diarization",Room 2,eess.AS
8974,Unit circle rectification of the MVDR beamformer,Room 10,eess.SP
8975,Projection Pursuit through $\Phi$-Divergence Minimisation,Room 2,stat.ME
8976,"On the scalability and convergence of simultaneous parameter
  identification and synchronization of dynamical systems",Room 5,cs.SY
8977,"Deep combinatorial optimisation for optimal stopping time problems :
  application to swing options pricing",Room 3,q-fin.CP
8978,"Localization of epileptic seizure with an approach based on the PSD with
  an autoregressive model",Room 1,stat.AP
8979,"Pricing of Mexican Interest Rate Swaps in Presence of Multiple
  Collateral Currencies",Room 3,q-fin.PR
8980,A General Approach for Lookback Option Pricing under Markov Models,Room 3,q-fin.CP
8981,"Development of Hydrogen Bonding Magnetic Reaction-based Gene Regulation
  through Cyclic Electromagnetic DNA Simulation in Double-Stranded DNA",Room 8,q-bio.OT
8982,Conducting Highly Principled Data Science: A Statistician's Job and Joy,Room 1,stat.OT
8983,A hybrid approach for the implementation of the Heston model,Room 12,q-fin.CP
8984,Graphene: A Pseudochiral Fermi Liquid,Room 8,cond-mat.mes-hall
8985,GeNet: Deep Representations for Metagenomics,Room 2,q-bio.GN
8986,Confidence sets for dynamic poverty indexes,Room 4,econ.EM
8987,"A kind of prediction from string phenomenology: extra matter at low
  energy",Room 7,hep-ph
8988,"CoroNet: A deep neural network for detection and diagnosis of COVID-19
  from chest x-ray images",Room 2,eess.IV
8989,"Collaborative OLAP with Tag Clouds: Web 2.0 OLAP Formalism and
  Experimental Evaluation",Room 1,cs.DB
8990,Spatiotemporal accessible solitons in fractional dimensions,Room 8,nlin.PS
8991,"Schur type functions associated with polynomial sequences of binomial
  type",Room 7,math.RT
8992,"Dependence of the physical properties of
  $Nd_{0.5}Ca_{0.5}MnO_{3+\delta}$ on the oxydation state of $Mn$",Room 8,cond-mat
8993,Using Covid-19 Response Policy to Estimate Open Water Swim Drafting Effects in Triathlon,Room 4,econ.GN
8994,Bistability in mushroom-type metamaterials,Room 11,physics.app-ph
8995,Metrics for Probabilistic Geometries,Room 1,stat.ML
8996,A Generalization of the Skew-Normal Distribution: The Beta Skew-Normal,Room 1,stat.ME
8997,Diluted Graphene Antiferromagnet,Room 8,cond-mat.mes-hall
8998,"Comments on ""Length scale dependence of DNA mechanical properties""",Room 8,q-bio.BM
8999,Group-theoretical properties of nilpotent modular categories,Room 7,math.QA
9000,On the probabilistic continuous complexity conjecture,Room 5,stat.ML
9001,xPerm: fast index canonicalization for tensor computer algebra,Room 5,cs.SC
9002,Functoriality of the canonical fractional Galois ideal,Room 7,math.KT
9003,"TFGAN: Time and Frequency Domain Based Generative Adversarial Network
  for High-fidelity Speech Synthesis",Room 2,eess.AS
9004,Bayesian Agglomerative Clustering with Coalescents,Room 1,stat.ML
9005,"Carbon Dioxide Production Responsibility on the Basis of comparing in
  Situ and mean CO2 Atmosphere Concentration Data",Room 4,physics.ao-ph
9006,"High-dimensional structure estimation in Ising models: Local separation
  criterion",Room 1,stat.ML
9007,Intrinsic Contextuality as the Crux of Consciousness,Room 8,q-bio.NC
9008,A logic with temporally accessible iteration,Room 12,cs.LO
9009,"Discriminative variable selection for clustering with the sparse
  Fisher-EM algorithm",Room 2,stat.ME
9010,Stochastic modeling of assets and liabilities with mortality risk,Room 3,q-fin.RM
9011,Options Pricing under Bayesian MS-VAR Process,Room 3,q-fin.MF
9012,Efficient exploration of discrete energy landscapes,Room 6,q-bio.BM
9013,"From matrix interpretations over the rationals to matrix interpretations
  over the naturals",Room 5,cs.SC
9014,"Variable-Rate Distributed Source Coding in the Presence of Byzantine
  Sensors",Room 10,cs.IT
9015,"Determining equilibrium osmolarity in Poly(ethylene glycol) / Chondrotin
  sulfate gels mimicking articular cartilage",Room 11,q-bio.TO
9016,"CNN-Based Deep Architecture for Reinforced Concrete Delamination
  Segmentation Through Thermography",Room 2,eess.IV
9017,The Formation and Architecture of Young Planetary Systems,Room 11,astro-ph.EP
9018,Dynamic matching games: stationary equilibria under varying commitments,Room 4,econ.TH
9019,Distributed Work Stealing for Constraint Solving,Room 1,cs.PL
9020,Leverage effect in energy futures,Room 3,q-fin.ST
9021,Multimodal Learning For Classroom Activity Detection,Room 2,eess.AS
9022,Another Odd Thing About Unparticle Physics,Room 5,hep-ph
9023,"Enhancing Poverty Targeting with Spatial Machine Learning: An
  application to Indonesia",Room 4,econ.EM
9024,Stochastic inference with deterministic spiking neurons,Room 2,q-bio.NC
9025,Optimization of Financial Instrument Parcels in Stochastic Wavelet Model,Room 3,q-fin.ST
9026,Singer Identification Using Convolutional Acoustic Motif Embeddings,Room 2,eess.AS
9027,"On the Difficulty of Characterizing Network Formation with Endogenous
  Behavior",Room 4,econ.TH
9028,Adjoints of composition operators with rational symbol,Room 7,math.FA
9029,A Graph Downsampling Technique Based On Graph Fourier Transform,Room 2,stat.OT
9030,Edge-masked CT image reconstruction from limited data,Room 2,eess.IV
9031,Stochastic Models of User-Contributory Web Sites,Room 1,cs.CY
9032,European Option Pricing with Liquidity Shocks,Room 4,q-fin.PR
9033,The Design and Validation of the Quantum Mechanics Conceptual Survey,Room 11,physics.ed-ph
9034,"Exact meromorphic stationary solutions of the real cubic Swift-Hohenberg
  equation",Room 5,nlin.SI
9035,"On dual Schur domain decomposition method for linear first-order
  transient problems",Room 5,cs.NA
9036,"Probabilistically Certified Region of Attraction of a Tumor Growth Model
  with Combined Chemo- and Immunotherapy",Room 6,eess.SY
9037,"MicroRNAs as a selective channel of communication between competing
  RNAs: a steady-state theory",Room 6,q-bio.MN
9038,Smile Modelling in Commodity Markets,Room 3,q-fin.PR
9039,Plasma polarization in massive astrophysical objects,Room 11,astro-ph.SR
9040,Proposal for a United Nations Basic Space Technology Initiative,Room 11,physics.space-ph
9041,Dynamic Models of Learning and Education Measurement,Room 4,physics.ed-ph
9042,"Gauge symmetry in Kitaev-type spin models and index theorems on odd
  manifolds",Room 8,cond-mat.str-el
9043,Differential Operator in Seizure Detection,Room 1,q-bio.QM
9044,Evaluating the Robustness of Rogue Waves Under Perturbations,Room 5,nlin.PS
9045,"Impulse-induced generation of stationary and moving discrete breathers
  in nonlinear oscillator networks",Room 5,nlin.PS
9046,High-dimensional Penalized Linear IV Estimation & Inference using BRIDGE and Adaptive LASSO,Room 2,econ.EM
9047,"Modeling the creative process of the mind by prime numbers and a simple
  proof of the Riemann Hypothesis",Room 7,math.GM
9048,Multidimensional persistence in biomolecular data,Room 1,q-bio.BM
9049,Upper bounds on entangling rates of bipartite Hamiltonians,Room 5,quant-ph
9050,"Dynamic modelling of hepatitis C virus transmission among people who
  inject drugs: a methodological review",Room 6,stat.AP
9051,A 3.8 ps RMS time synchronization implemented in a 20 nm FPGA,Room 11,eess.SP
9052,"Statistical Multiresolution Estimation for Variational Imaging: With an
  Application in Poisson-Biophotonics",Room 2,stat.AP
9053,Assessing Sensitivity to Unconfoundedness: Estimation and Inference,Room 4,econ.EM
9054,Effect of Attachment Surface on Biofilm Response and the Dissipation of PAHs and nitrogen in Submerged Plant System under the application of Bactericide and Algaecide,Room 11,q-bio.CB
9055,"What the Cited and Citing Environments Reveal of ""Advances in
  Atmospheric Sciences""?",Room 12,cs.DL
9056,"The behavior of dealers and clients on the European corporate bond
  market: the case of Multi-Dealer-to-Client platforms",Room 3,q-fin.ST
9057,Stability of localized wave fronts in bistable systems,Room 6,q-bio.CB
9058,Asymptotic improvement of the Gilbert-Varshamov bound for linear codes,Room 10,cs.IT
9059,Properties of Hagen-Poiseuille flow in channel networks,Room 6,q-bio.CB
9060,"Modelling transfer profits as externalities in a cooperative
  game-theoretic model of natural gas networks",Room 4,econ.TH
9061,"Cell-cycle coupled expression minimizes random fluctuations in gene
  product levels",Room 6,q-bio.MN
9062,Ensemble learning for portfolio valuation and risk management,Room 3,q-fin.CP
9063,Unsupervised Bump Hunting Using Principal Components,Room 1,stat.ML
9064,"Vowel-based Meeteilon dialect identification using a Random Forest
  classifier",Room 2,eess.AS
9065,"Extremely strong-coupling superconductivity and anomalous lattice
  properties in the beta-pyrochlore oxide KOs2O6",Room 8,cond-mat.supr-con
9066,Phase space classification of an Ising Cellular Automaton: the Q2R model,Room 5,nlin.CG
9067,"Coordination for a Group of Autonomous Mobile Agents with Multiple
  Leaders",Room 5,math-ph
9068,"Quadrantids 2008 and 2009: Detection of Dust in the Atmosphere by
  Polarization Twilight Sky Measurements",Room 11,astro-ph.EP
9069,Who Manipulates Data During Pandemics? Evidence from Newcomb-Benford Law,Room 4,econ.GN
9070,Predicting Influential Users in Online Social Networks,Room 4,cs.CY
9071,Emerging trends in soybean industry,Room 3,econ.GN
9072,"Estimating granular house price distributions in the Australian market
  using Gaussian mixtures",Room 3,econ.EM
9073,"$\infty-$Dimensional Cerebellar Controller for Realistic Human
  Biodynamics",Room 6,q-bio.NC
9074,Decentralized Trading Networks: Equilibria and Fairness,Room 4,econ.TH
9075,Evolutionary Neural Architecture Search for Retinal Vessel Segmentation,Room 2,eess.IV
9076,A Global Minimum Tax for Large Firms Only: Implications for Tax Competition,Room 3,econ.GN
9077,Doppler controlled dynamics of a mirror attached to a spring,Room 11,cond-mat.other
9078,Can We Monitor Breathing During Sleep via Wi-Fi on Smartphone?,Room 2,eess.SP
9079,ProQ3: Improved model quality assessments using Rosetta energy terms,Room 6,q-bio.BM
9080,Extra-cellular matrix rigidity may dictate the fate of injury outcome,Room 6,q-bio.TO
9081,"Dynamic Rupture, Fault Opening, and Near Fault Particle Motions along an
  Interface between Dissimilar Materials",Room 8,physics.geo-ph
9082,"The Future of Traditional Fuel Vehicles (TFV) and New Energy Vehicles
  (NEV): Creative Destruction or Co-existence?",Room 4,econ.GN
9083,"Spreading speeds and traveling waves for non-cooperative
  integro-difference systems",Room 8,q-bio.PE
9084,"RNA under Tension: Folding Landscapes, Kinetic Partitioning Mechanism,
  and Molecular Tensegrity",Room 6,q-bio.BM
9085,"A test of non-identifying restrictions and confidence regions for
  partially identified parameters",Room 4,econ.EM
9086,"Multichannel audio signal source separation based on an Interchannel
  Loudness Vector Sum",Room 2,cs.SD
9087,"Modelo de maturidade em gerenciamento de riscos em projetos (Project
  Risk Management Model Maturity)",Room 4,q-fin.RM
9088,Discrete Scaling Based on Operator Theory,Room 5,eess.SP
9089,Radiative Losses in Plasma Accelerators,Room 11,physics.acc-ph
9090,"Perceptual-based deep-learning denoiser as a defense against adversarial
  attacks on ASR systems",Room 12,eess.AS
9091,Burst firing is a neural code in an insect auditory system,Room 2,q-bio.NC
9092,"The Price of Empire: Unrest Location and Sovereign Risk in Tsarist
  Russia",Room 9,econ.GN
9093,"On the Evolutionary Fate of Mutant Allele at Duplicate Loci: a
  Theoretical and Simulation Study",Room 6,q-bio.PE
9094,Sparse approximation and recovery by greedy algorithms in Banach spaces,Room 2,stat.ML
9095,Cumulant Approach of Arbitrary Truncated Levy Flight,Room 1,q-fin.ST
9096,"Variational structure of the optimal artificial diffusion method for the
  advection-diffusion equation",Room 5,cs.CE
9097,Analyzing the Performance of Active Queue Management Algorithms,Room 10,cs.PF
9098,Pre-processing for approximate Bayesian computation in image analysis,Room 2,stat.CO
9099,Model reduction for networks of coupled oscillators,Room 8,nlin.PS
9100,"Intrinsic noise profoundly alters the dynamics and steady state of
  morphogen-controlled bistable genetic switches",Room 6,q-bio.MN
9101,"The Quantum de Laval Nozzle: stability and quantum dynamics of sonic
  horizons in a toroidally trapped Bose gas containing a superflow",Room 8,cond-mat.other
9102,"Lambert W random variables - a new family of generalized skewed
  distributions with applications to risk estimation",Room 1,stat.AP
9103,"Illustrating a neural model of logic computations: The case of Sherlock
  Holmes' old maxim",Room 1,q-bio.NC
9104,Shape and Trajectory Tracking of Moving Obstacles,Room 5,cs.GR
9105,Trading characteristics of member firms on the Korea Exchange,Room 3,q-fin.GN
9106,Portfolio risk allocation through Shapley value,Room 3,q-fin.CP
9107,"On SDEs with Lipschitz coefficients, driven by continuous, model-free
  martingales",Room 5,q-fin.MF
9108,Alexander and Thurston norms of graph links,Room 7,math.AT
9109,Intersective polynomials and polynomial Szemeredi theorem,Room 5,math.DS
9110,Coherence without unique normal forms,Room 7,math.CT
9111,Decomposing Co-Movements in Matrix-Valued Time Series: A Pseudo-Structural Reduced-Rank Approach,Room 3,econ.EM
9112,"Comment on ""Experimental Demonstration of the Time Reversal
  Aharonov-Casher Effect""",Room 8,cond-mat.mes-hall
9113,"The Correlation of Spectral Lag Evolution with Prompt Optical Emission
  in GRB 080319B",Room 11,astro-ph.HE
9114,On ternary square-free circular words,Room 5,cs.FL
9115,Kolmogorov stochasticity parameter as a measure of quantum chaos,Room 5,nlin.CD
9116,Determining Optimal Trading Rules without Backtesting,Room 3,q-fin.PM
9117,New Ica-Beamforming Method to Under-Determined BSS,Room 7,cs.SD
9118,"On the performance of algorithms for the minimization of
  $\ell_1$-penalized functionals",Room 5,math.NA
9119,"Single Channel Cutaneous Electrogastrography Parameters from Local White
  Rabbit (Oryctolagus cuniculus)",Room 6,q-bio.QM
9120,Doubly Robust Identification for Causal Panel Data Models,Room 4,econ.EM
9121,Villager's dilemma,Room 4,cs.GT
9122,Causality in classical electrodynamics,Room 11,physics.ed-ph
9123,Diffusion Anomaly in a three dimensional lattice gas,Room 8,cond-mat.soft
9124,"A splitting result for the algebraic K-theory of projective toric
  schemes",Room 7,math.KT
9125,On local properties of Hochschild cohomology of a C$^*$- algebra,Room 7,math.OA
9126,Spectral Functions and rf Response of Ultracold Fermionic Atoms,Room 8,cond-mat.quant-gas
9127,Nontrivial quantum effects in biology: A skeptical physicists' view,Room 8,physics.gen-ph
9128,Convolutional Phase Retrieval via Gradient Descent,Room 1,stat.CO
9129,"Feature Lines for Illustrating Medical Surface Models: Mathematical
  Background and Survey",Room 2,cs.GR
9130,AI Assisted Economics Measurement From Survey: Evidence from Public Employee Pension Choice,Room 1,econ.EM
9131,Electron Beam Instability in Left-Handed Media,Room 11,physics.class-ph
9132,Human Indignity: From Legal AI Personhood to Selfish Memes,Room 4,cs.GL
9133,Seesaw Experimentation: A/B Tests with Spillovers,Room 3,econ.GN
9134,An Application of Chromatic Prototypes,Room 7,cs.HC
9135,"On the Radiality Constraints for Distribution System Restoration and
  Reconfiguration Problems",Room 10,eess.SY
9136,Robust Sequential Steady-State Analysis of Cascading Outages,Room 10,eess.SP
9137,Evolution of robustness in growing random networks,Room 6,nlin.AO
9138,"Implementation, Compilation, Optimization of Object-Oriented Languages,
  Programs and Systems - Report on the Workshop ICOOOLPS'2006 at ECOOP'06",Room 10,cs.PF
9139,"A note on growth of Fourier transforms and Moduli of continuity on Damek
  Ricci spaces",Room 7,math.HO
9140,"Selected Operations, Algorithms, and Applications of n-Tape Weighted
  Finite-State Machines",Room 12,cs.FL
9141,"Asymptotic analysis for a simple explicit estimator in Barndorff-Nielsen
  and Shephard stochastic volatility models",Room 3,q-fin.ST
9142,"Predation by Atractosteus tropicus on Bufo marinus and its possible
  affect on population in a lowland tropical wet rainforest",Room 4,q-bio.OT
9143,Betti Numbers of Graded Modules and Cohomology of Vector Bundles,Room 7,math.AC
9144,"Extremal metrics for spectral functions of Dirac operators in even and
  odd dimensions",Room 7,math.SP
9145,"Modelling the Frequency of Home Deliveries: An Induced Travel Demand
  Contribution of Aggrandized E-shopping in Toronto during COVID-19 Pandemics",Room 4,econ.EM
9146,Time Scales in Futures Markets and Applications,Room 4,q-fin.ST
9147,Coulomb drag as a measure of trigonal warping in doped graphene,Room 8,cond-mat.mes-hall
9148,"Intelligent Environments based on Ultra-Massive MIMO Platforms for
  Wireless Communication in Millimeter Wave and Terahertz Bands",Room 11,eess.SP
9149,Power laws of complex systems from Extreme physical information,Room 6,q-bio.CB
9150,"On the practical interest of discrete Inverse Polya and Weibull-1 models
  in industrial reliability studies",Room 1,stat.AP
9151,Mechanism Design without Rational Expectations,Room 4,econ.TH
9152,Monotonicity for entrywise functions of matrices,Room 5,math.FA
9153,"Experimental investigations of psychoacoustic characteristics of
  household vacuum cleaners",Room 8,eess.AS
9154,Cech homology for shape recognition in the presence of occlusions,Room 2,math.AT
9155,"Forecasting the term structure of crude oil futures prices with neural
  networks",Room 3,q-fin.GN
9156,A Mathematical Reformulation of the Reference Price,Room 4,stat.AP
9157,Dam Rain and Cumulative Gain,Room 3,q-fin.PR
9158,"Utility indifference pricing of derivatives written on industrial loss
  indexes",Room 3,q-fin.PR
9159,"Conformal Prediction Interval Estimations with an Application to
  Day-Ahead and Intraday Power Markets",Room 3,econ.EM
9160,Agnostically Learning Juntas from Random Walks,Room 5,cs.LG
9161,"Vocational Training Programs and Youth Labor Market Outcomes: Evidence
  from Nepal",Room 12,econ.EM
9162,An invariant for difference field extensions,Room 7,math.LO
9163,Covering Points by Disjoint Boxes with Outliers,Room 10,cs.CG
9164,Radiation-condensation instability in a four-fluid dusty plasma,Room 8,physics.plasm-ph
9165,"Direct evidence for inversion formula in multifractal financial
  volatility measure",Room 3,q-fin.ST
9166,"Auto-reverse nuclear migration in bipolar mammalian cells on
  micropatterned surfaces",Room 6,q-bio.CB
9167,A remark on invariants for C*-algebras of stable rank one,Room 7,math.OA
9168,The homotopy fixed point spectra of profinite Galois extensions,Room 7,math.AT
9169,"Territorial differences in the spread of COVID-19 in European regions
  and US counties",Room 4,econ.GN
9170,"Controlled Lagrangians and Stabilization of Discrete Mechanical Systems
  I",Room 5,math.OC
9171,"How effective are covid-19 vaccine health messages in reducing vaccine
  skepticism? Heterogeneity in messages effectiveness by just world beliefs",Room 1,econ.GN
9172,On equimultiple modules,Room 7,math.AC
9173,Viscoelasticity of model interphase chromosomes,Room 8,q-bio.BM
9174,"Temporo-Spatial Collaborative Filtering for Parameter Estimation in
  Noisy DCE-MRI Sequences: Application to Breast Cancer Chemotherapy Response",Room 2,eess.IV
9175,"THz-Frequency Spin-Hall Auto-Oscillator Based on a Canted
  Antiferromagnet",Room 8,physics.app-ph
9176,V-cycle optimal convergence for DCT-III matrices,Room 5,math.NA
9177,Integrable Nonautonomous Nonlinear Schrodinger Equations,Room 5,nlin.SI
9178,"The importance of quality in austere times: University competitiveness
  and grant income",Room 11,econ.GN
9179,K-Means Panel Data Clustering in the Presence of Small Groups,Room 4,econ.EM
9180,Implicit Linear Algebra and Basic Circuit Theory,Room 5,eess.SY
9181,Five-quark picture of Lambda(1405) in anisotropic lattice QCD,Room 12,hep-lat
9182,Siegel's theorem for Drinfeld modules,Room 7,math.NT
9183,"UAV-Aided Cellular Communications with Deep Reinforcement Learning
  Against Jamming",Room 10,eess.SP
9184,Quantum Anticipation Explorer,Room 5,cs.MS
9185,"Orthogonality criterion for banishing hydrino states from standard
  quantum mechanics",Room 5,hep-th
9186,Reconstruction of eye movements during blinks,Room 1,cs.SC
9187,"Impact of information cost and switching of trading strategies in an
  artificial stock market",Room 4,q-fin.TR
9188,"The enzyme cost of given metabolic flux distributions, as a function of
  logarithmic metabolite levels, is convex",Room 6,q-bio.MN
9189,Learned Video Compression,Room 2,eess.IV
9190,"On Approximating Frequency Moments of Data Streams with Skewed
  Projections",Room 2,cs.DS
9191,Vegetation Pattern Formation in Drylands,Room 5,nlin.PS
9192,"A Risk and Comfort Optimizing Motion Planning Scheme for Merging
  Scenarios",Room 10,eess.SY
9193,Doubly Robust Uniform Confidence Bands for Group-Time Conditional Average Treatment Effects in Difference-in-Differences,Room 1,econ.EM
9194,Some applications of the Beta function,Room 5,math.GM
9195,Genetic Classification of Populations using Supervised Learning,Room 2,q-bio.QM
9196,On the Safe Use of Inconsistent Mathematics,Room 7,math.GM
9197,"Hot subdwarf binaries - Masses and nature of their heavy compact
  companions",Room 12,astro-ph.SR
9198,One Call Away. Ownership Chains and Ease of Communication in Multinational Enterprises,Room 3,econ.GN
9199,Combinatorial Explorations in Su-Doku,Room 1,cs.AI
9200,"Long memory in select stock returns using an alternative wavelet
  log-scale alignment approach",Room 3,q-fin.ST
9201,Computational challenges of tumor spheroid modeling,Room 6,q-bio.TO
9202,Relative Robust Portfolio Optimization,Room 3,q-fin.PM
9203,Estimating Dyadic Treatment Effects with Unknown Confounders,Room 1,econ.EM
9204,"Computational modeling of spike generation in serotonergic neurons of
  the dorsal raphe nucleu",Room 8,q-bio.NC
9205,"Integrated modelling approaches for sustainable agri-economic growth and
  environmental improvement: Examples from Canada, Greece, and Ireland",Room 4,econ.GN
9206,"Intermittent chaotic spiking in the van der Pol-FitzHugh-Nagumo system
  with inertia",Room 8,nlin.AO
9207,"Power-free values, repulsion between points, differing beliefs and the
  existence of error",Room 12,math.NT
9208,"Focus Quality Assessment of High-Throughput Whole Slide Imaging in
  Digital Pathology",Room 2,eess.IV
9209,Computer Aided Detection for Pulmonary Embolism Challenge (CAD-PE),Room 1,eess.IV
9210,Capture into resonance and escape from it in a forced nonlinear pendulum,Room 8,nlin.CD
9211,"The intensity of the random variable intercept in the sector of negative
  probabilities",Room 3,q-fin.GN
9212,"Edge solitons of topological insulators and fractionalized
  quasiparticles in two dimensions",Room 8,cond-mat.str-el
9213,Large-Scale Simulation of Multi-Asset Ising Financial Markets,Room 3,q-fin.CP
9214,Time-Bridge Estimators of Integrated Variance,Room 3,q-fin.ST
9215,"A sharp bound on eigenvalues of Schroedinger operators on the halfline
  with complex-valued potentials",Room 5,math.SP
9216,"Experimenting with Convolutional Neural Network Architectures for the
  automatic characterization of Solitary Pulmonary Nodules' malignancy rating",Room 2,eess.IV
9217,Spatial effects on the speed and reliability of protein-DNA search,Room 6,q-bio.BM
9218,"Fund Characteristics and Performances of Socially Responsible Mutual
  Funds: Do ESG Ratings Play a Role?",Room 3,q-fin.PM
9219,"Targeted and Imaging-guided In Vivo Photodynamic Therapy of Tumors Using
  Dual-functional, Aggregation-induced Emission Nanoparticles",Room 11,q-bio.TO
9220,On Euclidean Norm Approximations,Room 1,cs.NA
9221,Exponential-family Random Network Models,Room 1,stat.ME
9222,"Unresolved excess accumulation of myelin-derived cholesterol contributes
  to scar formation after spinal cord injury",Room 6,q-bio.TO
9223,"Restricted Mobility Improves Delay-Throughput Trade-offs in Mobile
  Ad-Hoc Networks",Room 10,cs.PF
9224,Unstructured Human Activity Detection from RGBD Images,Room 2,cs.RO
9225,"The application of multivariate classification in evaluating the
  regional differentiation by population income in Russia",Room 4,econ.GN
9226,"Temperature dependent changes of the Mn 3d and 4p bands near T$_c$ in
  Colossal Magnetoresistance systems: a XANES study of La$_{1-x}$Ca$_x$MnO$_3$",Room 8,cond-mat
9227,"Quantifying Hidden Architectural Patterns in Metaplastic Tumors by
  Calculating the Quadrant-Slope Index (QSI)",Room 6,q-bio.TO
9228,Lexicographic Preferences over Random Availability Functions,Room 4,econ.TH
9229,"Lie detection algorithms attract few users but vastly increase
  accusation rates",Room 4,econ.GN
9230,"Approche conceptuelle par un processus d'annotation pour la
  repr\'esentation et la valorisation de contenus informationnels en
  intelligence \'economique (IE)",Room 1,cs.IR
9231,"Cupid's Invisible Hand: Social Surplus and Identification in Matching
  Models",Room 4,econ.GN
9232,SWIFT calibration of the Heston model,Room 3,q-fin.CP
9233,"Geometric Complexity Theory VII: Nonstandard quantum group for the
  plethysm problem",Room 7,cs.CC
9234,The government of state's power bodies by means of the Internet,Room 4,cs.CY
9235,Proximity penalty priors for Bayesian mixture models,Room 1,stat.ME
9236,An Impossibility Result for High Dimensional Supervised Learning,Room 1,stat.ML
9237,"The population of barred galaxies in the local universe I. Detection and
  characterisation of bars",Room 12,astro-ph.GA
9238,The driving force behind genomic diversity,Room 6,q-bio.PE
9239,"Applying the Z-transform for the static analysis of floating-point
  numerical filters",Room 2,cs.PL
9240,"Broadening of band-gap in photonic crystals with optically saturated
  media",Room 11,physics.optics
9241,Content vs. Form: What Drives the Writing Score Gap Across Socioeconomic Backgrounds? A Generated Panel Approach,Room 1,econ.EM
9242,"Prediction of head motion from speech waveforms with a
  canonical-correlation-constrained autoencoder",Room 2,eess.AS
9243,"An Examination of Ranked Choice Voting in the United States, 2004-2022",Room 4,econ.GN
9244,"Multifractal detrended fluctuation analysis of combustion flames in
  four-burner impinging entrained-flow gasifier",Room 5,physics.flu-dyn
9245,A decomposition theorem for maxitive measures,Room 7,math.GN
9246,"Pairing Functions, Boolean Evaluation and Binary Decision Diagrams in
  Prolog",Room 12,cs.LO
9247,Indifference of Defaultable Bonds with Stochastic Intensity models,Room 3,q-fin.CP
9248,"Ultrametric Wavelet Regression of Multivariate Time Series: Application
  to Colombian Conflict Analysis",Room 3,stat.ML
9249,Cyclotomy Primality Proofs and their Certificates,Room 12,math.NT
9250,"Deleveraging, short sale constraints and market crash",Room 4,q-fin.GN
9251,"The overlap of neural selectivity between faces and words: evidences
  from the N170 adaptation effect",Room 2,q-bio.NC
9252,A Bureaucratic Theory of Statistics,Room 1,stat.OT
9253,"The Basic Reproductive Number of Ebola and the Effects of Public Health
  Measures: The Cases of Congo and Uganda",Room 4,q-bio.OT
9254,Ravens satellite mission concept study,Room 11,physics.space-ph
9255,"3D Reconstruction of the Magnetic Vector Potential using Model Based
  Iterative Reconstruction",Room 2,stat.CO
9256,"The role of multiple soliton and breather interactions in generation of
  rogue waves: the mKdV framework",Room 8,nlin.PS
9257,"Retrospective-prospective symmetry in the likelihood and Bayesian
  analysis of case-control studies",Room 1,stat.ME
9258,Probabilistic cellular automata with conserved quantities,Room 6,nlin.CG
9259,Robust Estimation and Inference for High-Dimensional Panel Data Models,Room 1,econ.EM
9260,Model-Based Design of Energy-Efficient Applications for IoT Systems,Room 10,eess.SP
9261,"Fairness constraint in Structural Econometrics and Application to fair
  estimation using Instrumental Variables",Room 4,econ.EM
9262,"Deep Reinforcement Learning Strategies in Finance: Insights into Asset
  Holding, Trading Behavior, and Purchase Diversity",Room 3,q-fin.TR
9263,Rotation number of integrable symplectic mappings of the plane,Room 5,nlin.SI
9264,On equations over sets of integers,Room 12,cs.FL
9265,"Bruhat Order in the Full Symmetric $\mathfrak{sl}_n$ Toda Lattice on
  Partial Flag Space",Room 5,nlin.SI
9266,High-Dimensional Spatial-Plus-Vertical Price Relationships and Price Transmission: A Machine Learning Approach,Room 3,econ.EM
9267,"A Cross-Verification Approach for Protecting World Leaders from Fake and
  Tampered Audio",Room 2,eess.AS
9268,A Note on the Optimal Dividends Paid in a Foreign Currency,Room 4,q-fin.MF
9269,From the Big Bang to the Multiverse: Translations in Space and Time,Room 11,physics.pop-ph
9270,"Kinetic Monte Carlo Method for Rule-based Modeling of Biochemical
  Networks",Room 6,q-bio.QM
9271,Exploiting synthetic lethal vulnerabilities for cancer therapy,Room 6,q-bio.MN
9272,"Long-Term Modeling of Financial Machine Learning for Active Portfolio
  Management",Room 2,q-fin.CP
9273,"Nearest-Neighbor Distributions and Tunneling Splittings in Interacting
  Many-Body Two-Level Boson Systems",Room 5,nlin.CD
9274,Track Based Alignment in CMS,Room 11,physics.ins-det
9275,"Diffuse to fuse EEG spectra -- intrinsic geometry of sleep dynamics for
  classification",Room 2,eess.SP
9276,"The Extensive Special Relativity and Comment on Local Lorentz
  Transformation in Varying Speed of Light Theory",Room 11,physics.gen-ph
9277,Cancer Cell Motility: Optimizing Spatial Search Strategies,Room 6,q-bio.CB
9278,"Diversity Preferences, Affirmative Action and Choice Rules",Room 4,econ.TH
9279,"Efficient Computation of the Quasi Likelihood function for Discretely
  Observed Diffusion Processes",Room 1,stat.CO
9280,"Double Precision Computation of the Logistic Map Depends on
  Computational Modes of the Floating-point Processing Unit",Room 12,nlin.CD
9281,Multifractal wave functions of simple quantum maps,Room 5,nlin.CD
9282,"Electoral Accountability and Selection with Personalized Information
  Aggregation",Room 4,econ.TH
9283,"Exploring Embedding Methods in Binary Hyperdimensional Computing: A Case
  Study for Motor-Imagery based Brain-Computer Interfaces",Room 2,eess.SP
9284,The Recursion Theorem and Infinite Sequences,Room 7,math.LO
9285,"Wasserstein GAN and Waveform Loss-based Acoustic Model Training for
  Multi-speaker Text-to-Speech Synthesis Systems Using a WaveNet Vocoder",Room 2,eess.AS
9286,"Fuzzy Difference-in-Discontinuities: Identification Theory and
  Application to the Affordable Care Act",Room 1,econ.EM
9287,Hierarchies of Biocomplexity: modeling lifes energetic complexity,Room 6,q-bio.PE
9288,"A baby steps/giant steps Monte Carlo algorithm for computing roadmaps in
  smooth compact real hypersurfaces",Room 5,cs.SC
9289,Rational Solutions of the Painlev\'e-II Equation Revisited,Room 5,nlin.SI
9290,Error estimates for binomial approximations of game put options,Room 4,q-fin.CP
9291,Optical polarimetry of Comet NEAT C/2001 Q4,Room 11,astro-ph.EP
9292,Homotopically non-trivial maps with small k-dilation,Room 7,math.DG
9293,SPM Bulletin 21,Room 7,math.GN
9294,Modeling and Annotating the Expressive Semantics of Dance Videos,Room 12,cs.MM
9295,Graph kernels between point clouds,Room 2,cs.LG
9296,Multiobjective controller design by solving a multiobjective matrix inequality problem,Room 10,eess.SY
9297,"The giant low-density lipoproteins (LDL) accumulation in the multi-layer
  artery wall model",Room 8,q-bio.TO
9298,Structured Sparse Aggregation,Room 1,stat.ME
9299,DWEB: A Data Warehouse Engineering Benchmark,Room 10,cs.DB
9300,"Context-endcoding for neural network based skull stripping in magnetic
  resonance imaging",Room 2,eess.IV
9301,"How adaptation currents change threshold, gain and variability of
  neuronal spiking",Room 2,q-bio.NC
9302,Combinatorial Auctions with Budgets,Room 4,cs.GT
9303,A theory for viral capsid assembly around electrostatic cores,Room 8,q-bio.BM
9304,"Developing a Collaborative and Autonomous Training and Learning
  Environment for Hybrid Wireless Networks",Room 12,cs.CY
9305,"Persistent Robotic Tasks: Monitoring and Sweeping in Changing
  Environments",Room 10,cs.RO
9306,"Joint Optimization of Transmission and Propulsion in UAV-Assisted
  Communication Networks",Room 10,eess.SY
9307,Electric dipole moments of actinide atoms and RaO molecule,Room 8,physics.atom-ph
9308,"$\Lambda$-Returns to Scale and Individual Minimum Extrapolation
  Principle",Room 3,econ.GN
9309,"The effects of energy and commodity prices on commodity output in a
  three-factor, two-good general equilibrium trade model",Room 3,q-fin.EC
9310,Learning Style Similarity for Searching Infographics,Room 2,cs.GR
9311,Combined effect of successive competition periods on population dynamics,Room 6,q-bio.PE
9312,"Modeling dynamic volatility under uncertain environment with fuzziness
  and randomness",Room 3,q-fin.MF
9313,"Complex marginal deformations of D3-brane geometries, their Penrose
  limits and giant gravitons",Room 11,hep-th
9314,The stochastic edge in adaptive evolution,Room 6,q-bio.PE
9315,"Value-at-Risk Computation by Fourier Inversion with Explicit Error
  Bounds",Room 3,stat.AP
9316,"Deterministic Dynamics and Chaos: Epistemology and Interdisciplinary
  Methodology",Room 5,nlin.CD
9317,Modeling microstructure noise with mutually exciting point processes,Room 4,q-fin.TR
9318,Amplitude Analysis of the decay D^0 --> K^- K^+ pi^0,Room 11,hep-ex
9319,Information theory and adaptation,Room 10,q-bio.QM
9320,"Variance reduction for steady-state simulation and sensitivity analysis
  of stochastic chemical systems",Room 6,q-bio.QM
9321,Does the h-index have predictive power?,Room 12,physics.soc-ph
9322,"Position and content paradigms in genome rearrangements: the wild and
  crazy world of permutations in genomics",Room 6,q-bio.OT
9323,"Convective stability of turbulent Boussinesq flow in the dissipative
  range and flow around small particles",Room 12,nlin.CD
9324,A new compressive video sensing framework for mobile broadcast,Room 2,cs.MM
9325,Consistent Beliefs without Common Prior,Room 1,econ.TH
9326,"Bounds on quark mass matrices elements due to measured properties of the
  mixing matrix and present values of the quark masses",Room 12,hep-ph
9327,"Strategy-proof aggregation rules in median semilattices with
  applications to preference aggregation",Room 4,econ.TH
9328,Towards a Theory of Chaos Explained as Travel on Riemann Surfaces,Room 12,nlin.SI
9329,Mertens' theorem for toral automorphisms,Room 5,math.DS
9330,"The Calibration of Stochastic-Local Volatility Models - An Inverse
  Problem Perspective",Room 3,q-fin.CP
9331,Magnetism of Herbig Ae/Be stars,Room 11,astro-ph.SR
9332,"Self-Reproduction and Evolution in Cellular Automata: 25 Years after
  Evoloops",Room 6,nlin.CG
9333,Normalized Information Distance,Room 2,cs.IR
9334,"In silico tumor control induced via alternating immunostimulating and
  immunosuppressive phases",Room 6,q-bio.TO
9335,"On the stability of kink-like and soliton-like solutions to the
  generalized convection-reaction-diffusion equation",Room 5,nlin.PS
9336,"Global analysis of proton elastic form factor data with two-photon
  exchange corrections",Room 8,nucl-ex
9337,"Macroscopic limit of a kinetic model describing the switch in T cell
  migration modes via binary interactions",Room 6,q-bio.CB
9338,"Three-dimensional discrete systems of Hirota-Kimura type and deformed
  Lie-Poisson algebras",Room 7,nlin.SI
9339,"Dynamical Analysis of Stock Market Instability by Cross-correlation
  Matrix",Room 3,q-fin.ST
9340,"Philosophical Smoke Signals: Theory and Practice in Information Systems
  Design",Room 4,cs.SE
9341,The Asymptotics of Wilkinson's Iteration: Loss of Cubic Convergence,Room 5,math.SP
9342,"Towards adversarial learning of speaker-invariant representation for
  speech emotion recognition",Room 2,eess.AS
9343,Mach-Type Soliton in the Novikov-Veselov Equation,Room 5,nlin.SI
9344,Optimization and Evaluation of Nested Queries and Procedures,Room 1,cs.DB
9345,"Coherent Structures and Carrier Shocks in the Nonlinear Periodic Maxwell
  Equations",Room 8,nlin.PS
9346,Non-perturbative embedding of local defects in crystalline materials,Room 8,cond-mat.other
9347,"Identifying 'Hidden' Communities of Practice within Electronic Networks:
  Some Preliminary Premises",Room 12,cs.HC
9348,"Prediction of financial time series using LSTM and data denoising
  methods",Room 3,econ.EM
9349,"An explicit stationary phase formula for the local formal
  Fourier-Laplace transform",Room 7,math.AG
9350,"Optimal illumination pattern for transport-of-intensity quantitative
  phase microscopy",Room 11,eess.IV
9351,"The Valuation of Clean Spread Options: Linking Electricity, Emissions
  and Fuels",Room 12,q-fin.PR
9352,Galilean invariance of lattice Boltzmann models,Room 8,physics.flu-dyn
9353,"Local Analysis of Heterogeneous Intracellular Transport: Slow and Fast
  moving Endosomes",Room 6,q-bio.SC
9354,Dynamic programming for optimal stopping via pseudo-regression,Room 1,q-fin.CP
9355,Selfish Pups: Weaning Conflict and Milk Theft in Free-Ranging Dogs,Room 6,q-bio.OT
9356,"Comment on ""Mass and Width of the Lowest Resonance in QCD""",Room 12,hep-ph
9357,Application of Quantum Theory to Super-parametric Density Estimation,Room 1,math.ST
9358,Density Fluctuations in Stochastic Kinematic Flows,Room 6,nlin.AO
9359,"Generalizations of Khovanskii's theorems on growth of sumsets in abelian
  semigroups",Room 5,math.CO
9360,From Replications to Revelations: Heteroskedasticity-Robust Inference,Room 4,econ.EM
9361,"Optical solitons in $\mathcal{PT}$-symmetric nonlinear couplers with
  gain and loss",Room 8,nlin.PS
9362,On Finding Predictors for Arbitrary Families of Processes,Room 5,cs.LG
9363,"Genetic flow directionality and geographical segregation in a Cymodocea
  nodosa genetic diversity network",Room 6,q-bio.PE
9364,Modelling Variability for System Families,Room 12,cs.SE
9365,"Autonomous tools for Grid management, monitoring and optimization",Room 10,cs.DC
9366,Approach To Solving Cybercrime And Cybersecurity,Room 1,cs.CY
9367,"New method for evaluating fitness using the waist-to-height ratio among
  Korean adults",Room 1,q-bio.OT
9368,"Auto and crosscorrelograms for the spike response of LIF neurons with
  slow synapses",Room 2,q-bio.NC
9369,"Kinematic analysis of a class of analytic planar 3-RPR parallel
  manipulators",Room 12,cs.RO
9370,Certifying cost annotations in compilers,Room 10,cs.PL
9371,"Medicinal Plants Database and Three Dimensional Structure of the
  Chemical Compounds from Medicinal Plants in Indonesia",Room 6,q-bio.BM
9372,A Test for Kronecker Product Structure Covariance Matrix,Room 3,econ.EM
9373,"Identifying the Topology of Undirected Networks from Diffused
  Non-stationary Graph Signals",Room 2,eess.SP
9374,Nonlinear symmetry breaking of Aharonov-Bohm cages,Room 8,nlin.PS
9375,Maastricht and Monetary Cooperation,Room 3,econ.EM
9376,A Software-only Mechanism for Device Passthrough and Sharing,Room 10,cs.OS
9377,"Loss Aversion and State-Dependent Linear Utility Functions for Monetary
  Returns",Room 3,econ.TH
9378,Strongly Consistent Multivariate Conditional Risk Measures,Room 3,q-fin.MF
9379,Characterizing Continuous Time Random Walks on Time Varying Graphs,Room 4,cs.SI
9380,Average number of flips in pancake sorting,Room 2,cs.DM
9381,"A general dynamical statistical model with possible causal
  interpretation",Room 1,math.ST
9382,Modeling biological systems with delays in Bio-PEPA,Room 6,cs.CE
9383,"Designing Experiments to Understand the Variability in Biochemical
  Reaction Networks",Room 6,q-bio.QM
9384,Ecosystems perspective on financial networks: diagnostic tools,Room 3,q-fin.RM
9385,Inter Time Series Sales Forecasting,Room 2,stat.AP
9386,Semantic Image Completion and Enhancement using Deep Learning,Room 2,eess.IV
9387,"Collateral Margining in Arbitrage-Free Counterparty Valuation Adjustment
  including Re-Hypotecation and Netting",Room 3,q-fin.RM
9388,Delegated Causality of Complex Systems,Room 11,nlin.AO
9389,Scalar Extension of Abelian and Tannakian Categories,Room 7,math.CT
9390,Mass fluctuations and diffusion in time-dependent random environments,Room 8,nlin.CD
9391,"Ultrafast imprinting of topologically protected magnetic textures via
  pulsed electrons",Room 8,physics.app-ph
9392,Active dendrites enhance neuronal dynamic range,Room 6,q-bio.NC
9393,"Systematic designing of bi-rhythmic and tri-rhythmic models in families
  of Van der Pol and Rayleigh oscillators",Room 8,nlin.AO
9394,Rothberger bounded groups and Ramsey theory,Room 7,math.GN
9395,"Routinely quantifying single cell proteomes: A new age in quantitative
  biology and medicine",Room 6,q-bio.GN
9396,"Towards improved lossy image compression: Human image reconstruction
  with public-domain images",Room 2,eess.IV
9397,"Inferring Latent States and Refining Force Estimates via Hierarchical
  Dirichlet Process Modeling in Single Particle Tracking Experiments",Room 6,q-bio.QM
9398,"Estimation of Dynamic Mixed Double Factors Model in High Dimensional
  Panel Data",Room 1,stat.ME
9399,"Mutual Repression enhances the Steepness and Precision of Gene
  Expression Boundaries",Room 6,q-bio.MN
9400,"From Laurent Series to Exact Meromorphic Solutions: the Kawahara
  equation",Room 5,nlin.SI
9401,Missing Data using Decision Forest and Computational Intelligence,Room 1,stat.ML
9402,Computerized Stokes analysis of optically active polymer films,Room 11,physics.ed-ph
9403,"Longitudinal Data with Follow-up Truncated by Death: Match the Analysis
  Method to Research Aims",Room 1,stat.ME
9404,Growth and Decay in Life-Like Cellular Automata,Room 6,nlin.CG
9405,Classifying subcategories of modules over a commutative noetherian ring,Room 7,math.AC
9406,"MetaPalette: A $k$-mer painting approach for metagenomic taxonomic
  profiling and quantification of novel strain variation",Room 2,q-bio.GN
9407,Multiplicative random walk Metropolis-Hastings on the real line,Room 3,stat.CO
9408,The effect of dissipation on quantum transmission resonance,Room 8,quant-ph
9409,Biflatness and Pseudo-Amenability of Segal algebras,Room 5,math.FA
9410,"Short and Simple Confidence Intervals when the Directions of Some
  Effects are Known",Room 1,econ.EM
9411,"Historical trend in educational homophily: U-shaped or not U-shaped? Or,
  how to set a criterion to choose a criterion?",Room 1,econ.GN
9412,Reframing the S\&P500 Network of Stocks along the \nth{21} Century,Room 3,q-fin.ST
9413,A Conversation with James Hannan,Room 11,stat.OT
9414,Topological Stable Rank of Nest Algebras,Room 7,math.OA
9415,"Transient Stability Assessment Using Individual Machine Equal Area
  Criterion Part I: Unity Principle",Room 10,eess.SP
9416,"Refinement of Ado's Theorem in Low Dimensions and Application in Affine
  Geometr",Room 7,math.QA
9417,"New Applications of Quantum Algebraically Integrable Systems in Fluid
  Dynamics",Room 5,nlin.SI
9418,Symbolic local information transfer,Room 5,nlin.AO
9419,Algebraic Systems Biology: A Case Study for the Wnt Pathway,Room 5,q-bio.MN
9420,"Quantity over Quality: Dithered Quantization for Compressive Radar
  Systems",Room 2,eess.SP
9421,Transfer Entropy as a Log-likelihood Ratio,Room 1,stat.AP
9422,A nonparametric control chart based on the Mann-Whitney statistic,Room 1,stat.ME
9423,"Fully self-consistent ion-drag force calculations for dust in
  collisional plasmas with external electric field",Room 8,physics.plasm-ph
9424,Estimating the Impact of Weather on Agriculture,Room 1,econ.GN
9425,"The Nonequilibrium Mechanism of Noise Enhancer synergizing with
  Activator in HIV Latency Reactivation",Room 6,q-bio.SC
9426,"Geometry of Time, Axiom of Choice and Neuro-Biological Quantum Zeno
  Effect",Room 8,physics.gen-ph
9427,Linear Time Feature Selection for Regularized Least-Squares,Room 1,stat.ML
9428,"Moment explosions, implied volatility and local volatility at extreme
  strikes",Room 3,q-fin.PR
9429,A weighted approach to identifying key team contributors: Individual productivity in professional road cycling,Room 4,econ.TH
9430,"Scale-free Design for Delayed Regulated Synchronization of Homogeneous
  and Heterogeneous Discrete-time Multi-agent Systems Subject to Unknown
  Non-uniform and Arbitrarily Large Communication Delays",Room 10,eess.SY
9431,Optimal Feature Selection in High-Dimensional Discriminant Analysis,Room 1,stat.ML
9432,"Network Coding Capacity of Random Wireless Networks under a
  Signal-to-Interference-and-Noise Model",Room 10,cs.IT
9433,Trajectory of neutron$-$neutron$-^{18}C$ excited three-body state,Room 8,nucl-th
9434,"Targets of drugs are generally, and targets of drugs having side effects
  are specifically good spreaders of human interactome perturbations",Room 6,q-bio.MN
9435,"MINOS Results, Progress and Future Prospects",Room 11,hep-ex
9436,US Corporate Bond Yield Spread : A default risk debate,Room 3,q-fin.PR
9437,"A Tale of Two Consequences: Intended and Unintended Outcomes of the
  Japan TOPIX Tick Size Changes",Room 4,q-fin.TR
9438,Cohomology of Frobenius Algebras and the Yang-Baxter Equation,Room 5,math.QA
9439,Earthquake Forecasting Using Hidden Markov Models,Room 1,stat.AP
9440,"Front Propagation and Clustering in the Stochastic Nonlocal Fisher
  Equation",Room 8,nlin.PS
9441,Fast Super-Paramagnetic Clustering,Room 3,q-fin.CP
9442,Stability of milling patterns in self-propelled swarms on surfaces,Room 8,nlin.AO
9443,"Auto-Calibration of Cone Beam Geometries from Arbitrary Rotating Markers
  using a Vector Geometry Formulation of Projection Matrices",Room 2,eess.IV
9444,On the p-th root of a p-adic number,Room 12,math.NT
9445,"Distributed Frequency Emergency Control with Coordinated Edge
  Intelligence",Room 10,eess.SY
9446,"A Solvable Two-dimensional Optimal Stopping Problem in the Presence of
  Ambiguity",Room 3,q-fin.MF
9447,"Simultaneous 12-Lead Electrocardiogram Synthesis using a Single-Lead ECG
  Signal: Application to Handheld ECG Devices",Room 2,eess.SP
9448,"A Tight-Binding Grand Canonical Monte Carlo Study of the Catalytic
  Growth of Carbon Nanotubes",Room 8,cond-mat.mtrl-sci
9449,"Model of skyscraper evacuation with the use of space symmetry and fluid
  dynamic approximation",Room 1,cs.MA
9450,"Efficient Batch Update of Unique Identifiers in a Distributed Hash Table
  for Resources in a Mobile Host",Room 10,cs.NI
9451,A note on pairs of metrics in a three-dimensional linear vector space,Room 5,math.MG
9452,"Can Mobile Technology Improve Female Entrepreneurship? Evidence from
  Nepal",Room 12,econ.GN
9453,DSTC Layering Protocols in Wireless Cooperative Networks,Room 10,cs.NI
9454,"Mean-Variance Investment and Risk Control Strategies -- A
  Time-Consistent Approach via A Forward Auxiliary Process",Room 3,q-fin.PM
9455,Nonmeasurability in Banach spaces,Room 7,math.GN
9456,"Finding Hyperexponential Solutions of Linear ODEs by Numerical
  Evaluation",Room 5,cs.SC
9457,Mask2Lesion: Mask-Constrained Adversarial Skin Lesion Image Synthesis,Room 2,eess.IV
9458,Predictive Hypothesis Identification,Room 1,cs.LG
9459,Integral Formulas for the Asymmetric Simple Exclusion Process,Room 5,math.PR
9460,"Spectral asymptotics for large skew-symmetric perturbations of the
  harmonic oscillator",Room 5,math.SP
9461,"Who Should Get Vaccinated? Individualized Allocation of Vaccines Over
  SIR Network",Room 4,econ.EM
9462,A New Pricing Theory That Solves the St. Petersburg Paradox,Room 3,q-fin.GN
9463,"Efficient Algorithmic Techniques for Several Multidimensional Geometric
  Data Management and Analysis Problems",Room 2,cs.CG
9464,Stanley depth of complete intersection monomial ideals,Room 7,math.AC
9465,"L'utilit\'e de l'\'echelle op\'eratique pour consid\'erer des
  strat\'egies d'intelligence et de guerre \'economique",Room 11,econ.GN
9466,"High order finite difference schemes on non-uniform meshes for the
  time-fractional Black-Scholes equation",Room 5,q-fin.CP
9467,"Collapse in coupled Nonlinear Schrodinger equations: Sufficient
  conditions and Applications",Room 8,nlin.PS
9468,Robustifying Markowitz,Room 3,econ.EM
9469,Randomization Inference of Heterogeneous Treatment Effects under Network Interference,Room 1,econ.EM
9470,Adaptive dynamics in logistic branching populations,Room 6,math.PR
9471,"Fast Forecasting of Unstable Data Streams for On-Demand Service
  Platforms",Room 2,econ.EM
9472,A Truthful Mechanism for Offline Ad Slot Scheduling,Room 4,cs.GT
9473,"Methods to Determine Node Centrality and Clustering in Graphs with
  Uncertain Structure",Room 2,cs.SI
9474,Cyclic Approximation to K-Stasis,Room 5,math.CA
9475,The Hopf Algebra Structure of the Character Rings of Classical Groups,Room 7,math.RT
9476,Real Polynomial Gram Matrices Without Real Spectral Factors,Room 5,eess.SP
9477,Defining Predictive Probability Functions for Species Sampling Models,Room 1,stat.ME
9478,Bayesian nonparametric models for ranked data,Room 1,stat.ML
9479,Origin of magnetoelectric behavior in BiFeO$_3$,Room 8,cond-mat.mtrl-sci
9480,"A bioinformatics pipeline for the identification of CHO cell
  differential gene expression from RNA-Seq data",Room 2,q-bio.GN
9481,"Why has (reasonably accurate) Automatic Speech Recognition been so hard
  to achieve?",Room 12,cs.CL
9482,"Robust Stabilization of Nonlinear Systems by Quantized and Ternary
  Control",Room 12,math.OC
9483,"Reducing the noise effects in Logan graphic analysis for PET receptor
  measurements",Room 1,q-bio.QM
9484,"Optimal investment problem with M-CEV model: closed form solution and
  applications to the algorithmic trading",Room 3,q-fin.MF
9485,"Review of studies in field of the effects of nanotechnology on breast
  cancer",Room 11,q-bio.TO
9486,Injectivity of 2D Toric B\'{e}zier Patches,Room 7,cs.GR
9487,"Dynamic Sensitivity Study of MEMS Capacitive Acceleration Transducer
  Based on Analytical Squeeze Film Damping and Mechanical Thermoelasticity
  Approaches",Room 11,physics.app-ph
9488,Software Engineering & Systems Design Nature,Room 12,cs.SE
9489,Convolution-Dominated Operators on Discrete Groups,Room 5,math.FA
9490,Safety-Critical Adaptive Control with Nonlinear Reference Model Systems,Room 10,eess.SY
9491,"Origin of Discrepancies in Inelastic Electron Tunneling Spectra of
  Molecular Junctions",Room 8,cond-mat.mes-hall
9492,Skill-driven Recommendations for Job Transition Pathways,Room 1,econ.GN
9493,"(Metrically) quarter-stratifiable spaces and their applications in the
  theory of separately continuous functions",Room 7,math.GN
9494,Locating the source of forced oscillations in transmission power grids,Room 1,nlin.AO
9495,Adversarial Generalized Method of Moments,Room 2,econ.EM
9496,Generalized Multi-Order Total Variation for Signal Restoration,Room 2,eess.SP
9497,Characteristic Kernels and Infinitely Divisible Distributions,Room 1,stat.ML
9498,A note on characterization based on past entropy,Room 1,stat.AP
9499,"Challenging More Updates: Towards Anonymous Re-publication of Fully
  Dynamic Datasets",Room 4,cs.DB
9500,A Noncooperative Model of Contest Network Formation,Room 4,econ.TH
9501,"Analysis of a mathematical model for interactions between T cells and
  macrophages",Room 6,q-bio.CB
9502,Symmetries of the Hirota Difference Equation,Room 5,nlin.SI
9503,Unsupervised Anomaly Detection for X-Ray Images,Room 2,eess.IV
9504,Bayesian Model Choice of Grouped t-copula,Room 3,q-fin.CP
9505,"Developing a Climate Litigation Framework: China's Contribution to
  International Environmental Law",Room 4,econ.TH
9506,Computer-Aided Arrhythmia Diagnosis by Learning ECG Signal,Room 2,eess.SP
9507,"Clustering Via Nonparametric Density Estimation: the R Package
  pdfCluster",Room 1,stat.CO
9508,Catalan numbers and power laws in cellular automaton rule 14,Room 6,nlin.CG
9509,"The Multivariate Mixture Dynamics Model: Shifted dynamics and
  correlation skew",Room 3,q-fin.PR
9510,Tidal effects on small bodies by massive black holes,Room 12,astro-ph.HE
9511,"Inter-Patient ECG Classification with Convolutional and Recurrent Neural
  Networks",Room 2,eess.SP
9512,Higher spin algebras as higher symmetries,Room 7,hep-th
9513,Discrete breathers assist energy transfer to ac driven nonlinear chains,Room 5,nlin.PS
9514,Adaptation of Black-Box Software Components,Room 12,cs.SE
9515,"Recommendations on the use and reporting of race, ethnicity, and
  ancestry in genetic research: experiences from the NHLBI Trans-Omics for
  Precision Medicine (TOPMed) program",Room 2,q-bio.OT
9516,"MCE 2018: The 1st Multi-target Speaker Detection and Identification
  Challenge Evaluation (MCE) Plan, Dataset and Baseline System",Room 2,eess.AS
9517,"Formal Controller Synthesis for Frequency Regulation Utilising Electric
  Vehicles",Room 10,eess.SY
9518,"Factorization of Discriminatively Trained i-vector Extractor for Speaker
  Recognition",Room 2,eess.AS
9519,An adaptive voter model on simplicial complexes,Room 1,nlin.AO
9520,$\infty$-jets of difeomorphisms preserving orbits of vector fields,Room 5,math.DS
9521,Reciprocal cyclotomic polynomials,Room 12,math.NT
9522,"Singular Fermi Surfaces I. General Power Counting and Higher Dimensional
  Cases",Room 5,math-ph
9523,Link Spam Detection based on DBSpamClust with Fuzzy C-means Clustering,Room 1,cs.IR
9524,Corruption Risk in Contracting Markets: A Network Science Perspective,Room 1,q-fin.GN
9525,Structural Controllability of Switched Linear Systems,Room 10,cs.SY
9526,"Asymmetry approach to study for chemotherapy treatment and devices
  failure times data using modified Power function distribution with some
  modified estimators",Room 1,stat.OT
9527,"Dark Matter annihilation in Draco: new considerations on the expected
  gamma flux",Room 12,astro-ph
9528,"Automatic Segmentation and Visualization of Choroid in OCT with
  Knowledge Infused Deep Learning",Room 2,eess.IV
9529,"Mesoporous core-shell silica nanoparticles with anti-fouling properties
  for ovarian cancer therapy",Room 11,q-bio.TO
9530,Triangular Decomposition of Semi-algebraic Systems,Room 10,cs.SC
9531,"Fuzzy Logic based Autonomous Parking Systems -- Part IV: A
  Multiple-Model Adaptive Neural-Fuzzy Controller",Room 10,eess.SY
9532,Understanding the Hastings Algorithm,Room 3,stat.CO
9533,SDSS J233325.92+152222.1 and the evolution of intermediate polars,Room 11,astro-ph
9534,"`St\""uckelberg interferometry' with ultracold molecules",Room 8,cond-mat.other
9535,Investigating the Investment Behaviors in Cryptocurrency,Room 3,econ.GN
9536,Digital watermarking : An approach based on Hilbert transform,Room 2,cs.MM
9537,"Small-sample corrections for score tests in Birnbaum-Saunders
  regressions",Room 1,stat.ME
9538,"A Semi-Definite Programming Approach to Robust Adaptive MPC under State
  Dependent Uncertainty",Room 10,eess.SY
9539,Rational linking and contact geometry,Room 7,math.SG
9540,"Coherent Electron Scattering Captured by an Attosecond Quantum
  Stroboscope",Room 8,physics.atom-ph
9541,Equilibrium States for Partially Hyperbolic Horseshoes,Room 5,math.DS
9542,Critical non-equilibrium steady states of the Lorentz channel,Room 8,nlin.AO
9543,"Estimating the Strength of Selective Sweeps from Deep Population
  Diversity Data",Room 6,q-bio.PE
9544,Natural Boundary Conditions in the Calculus of Variations,Room 5,math.OC
9545,Le th\'eor\`eme de Riemann-Roch et ses applications,Room 7,math.CV
9546,"Estimation of the population spectral distribution from a large
  dimensional sample covariance matrix",Room 3,stat.ME
9547,One Step at a Time: Does Gradualism Build Coordination?,Room 4,econ.TH
9548,"Data-based computation of stabilizing minimum dwell times for
  discrete-time switched linear systems",Room 10,eess.SY
9549,"EC-FORC: A New Cyclic Voltammetry Based Method for Examining Phase
  Transitions and Predicting Equilibrium",Room 8,physics.chem-ph
9550,"Flocking of Multi-agent Dynamical Systems Based on Pseudo-leader
  Mechanism",Room 5,nlin.CD
9551,"Multistability of Phase-Locking and Topological Winding Numbers in
  Locally Coupled Kuramoto Models on Single-Loop Networks",Room 8,nlin.AO
9552,"The Construction and Globalization of the Knowledge Base in Inter-human
  Communication Systems",Room 6,cs.CY
9553,"A framework for the analysis of supervised discrete event systems under
  attack",Room 10,eess.SY
9554,Iterative Bayesian Reconstruction of Non-IID Block-Sparse Signals,Room 1,stat.ML
9555,"Solving Heterogeneous General Equilibrium Economic Models with Deep
  Reinforcement Learning",Room 3,econ.GN
9556,"Invariant forms, associated bundles and Calabi-Yau metrics",Room 7,math.DG
9557,Universal star products,Room 7,math.SG
9558,"Econophysics of Macro-Finance: Local Multi-fluid Models and Surface-like
  Waves of Financial Variables",Room 3,q-fin.EC
9559,"Two-Tier Mapper: a user-independent clustering method for global gene
  expression analysis based on topology",Room 2,q-bio.GN
9560,"An Analysis on the Influence of Network Topologies on Local and Global
  Dynamics of Metapopulation Systems",Room 6,cs.CE
9561,"Data scraping, ingestation, and modeling: bringing data from cars.com
  into the intro stats class",Room 12,stat.OT
9562,"Free Analysis Questions II: The Grassmannian Completion and The Series
  Expansions at the Origin",Room 7,math.OA
9563,"Efficient, Dynamic Multi-tenant Edge Computation in EdgeOS",Room 10,cs.OS
9564,Kotlarski's lemma for dyadic models,Room 1,econ.EM
9565,"Predictions of polarized dust emission from interstellar clouds: spatial
  variations in the efficiency of radiative torque alignment",Room 11,astro-ph.GA
9566,Game Theory Analysis of Third-Party Regulation in Organic Supply Chains,Room 4,econ.TH
9567,Control of amplitude chimeras by time delay in dynamical networks,Room 8,nlin.AO
9568,Self-Taught Hashing for Fast Similarity Search,Room 2,cs.IR
9569,A Framework for Measures of Risk under Uncertainty,Room 3,q-fin.RM
9570,Explainable AI for Interpretable Credit Scoring,Room 1,q-fin.RM
9571,"Comparative survey: People detection, tracking and multi-sensor Fusion
  in a video sequence",Room 2,eess.IV
9572,Elastic turbulence in a curvilinear channel flow,Room 12,nlin.CD
9573,"Near-Optimal Sparse Sensing for Gaussian Detection with Correlated
  Observations",Room 1,eess.SP
9574,Modelling real GDP per capita in the USA: cointegration test,Room 3,q-fin.GN
9575,"Foundation of an analytical proton beamlet model for inclusion in a
  general proton dose calculation system",Room 11,physics.med-ph
9576,"Bounding Infection Prevalence by Bounding Selectivity and Accuracy of
  Tests: With Application to Early COVID-19",Room 4,econ.EM
9577,Error Rate Bounds in Crowdsourcing Models,Room 2,stat.ML
9578,"Universally Consistent Latent Position Estimation and Vertex
  Classification for Random Dot Product Graphs",Room 1,stat.ML
9579,"Stochastic webs and quantum transport in superlattices: an introductory
  review",Room 8,nlin.CD
9580,A Linear Modeling Approach on LTGP Signals and Seismic Activity,Room 1,eess.SP
9581,Optimization of a Two-Hop Network with Energy Conferencing Relays,Room 10,eess.SP
9582,"Acc\'el\'eration des cartes auto-organisatrices sur tableau de
  dissimilarit\'es par s\'eparation et \'evaluation",Room 1,cs.NE
9583,"Signal Demodulation with Machine Learning Methods for Physical Layer
  Visible Light Communications: Prototype Platform, Open Dataset and Algorithms",Room 2,eess.SP
9584,Minimum Mass Solar Nebulae and Planetary Migration,Room 11,astro-ph.EP
9585,Asymmetric volatility connectedness on forex markets,Room 3,q-fin.GN
9586,"Development of a system to profile foot temperatures of the plantar and
  the periphery",Room 1,eess.SP
9587,"Computation of Reducts Using Topology and Measure of Significance of
  Attributes",Room 1,cs.IR
9588,"Delay-induced multiple stochastic resonances on scale-free neuronal
  networks",Room 6,q-bio.NC
9589,Analysis of Asymmetric Piezoelectric Composite Beam,Room 11,cs.OH
9590,Mass and Temperature of the TWA 7 Debris Disk,Room 12,astro-ph
9591,The mathematization of the individual sciences - revisited,Room 5,math.HO
9592,Electron Beam Dynamics in 4GLS,Room 11,physics.acc-ph
9593,"Zinc oxide induces the stringent response and major reorientations in
  the central metabolism of Bacillus subtilis",Room 11,q-bio.GN
9594,Inference for an Algorithmic Fairness-Accuracy Frontier,Room 4,econ.EM
9595,"An Empirical Approach to Financial Crisis Indicators Based on Random
  Matrices",Room 3,q-fin.MF
9596,Estimation of the complier causal hazard ratio under dependent censoring,Room 1,econ.EM
9597,"Canonical Hilbert-Burch matrices for ideals of $k[x,y]$",Room 7,math.AC
9598,"Detection of synchronization from univariate data using wavelet
  transform",Room 8,nlin.CD
9599,A Game Theoretical Perspective on the Somatic Evolution of Cancer,Room 6,q-bio.TO
9600,Instabilities and Patterns in Coupled Reaction-Diffusion Layers,Room 8,nlin.PS
9601,"Liquidity commonality does not imply liquidity resilience commonality: A
  functional characterisation for ultra-high frequency cross-sectional LOB data",Room 3,q-fin.ST
9602,"Cluster Synchronization of Coupled Systems with Nonidentical Linear
  Dynamics",Room 8,eess.SY
9603,A device to assess the upper limb isometric muscle strength,Room 11,physics.med-ph
9604,"Memory Augmented Neural Network Adaptive Controller for Strict Feedback
  Nonlinear Systems",Room 10,eess.SY
9605,"Direct Methods and Symbolic Software for Conservation Laws of Nonlinear
  Equations",Room 5,nlin.SI
9606,Risk Aversion and Catastrophic Risks: the Pill Experiment,Room 4,q-fin.GN
9607,Beyond Spikes: Neural Codes and the Chemical Vocabulary of Cognition,Room 2,q-bio.NC
9608,Knot-controlled ejection of a polymer from a virus capsid,Room 8,q-bio.BM
9609,"Uncovering protein interaction in abstracts and text using a novel
  linear model and word proximity networks",Room 2,cs.IR
9610,"Gas-Rich Mergers in LCDM: Disk Survivability and the Baryonic Assembly
  of Galaxies",Room 12,astro-ph.CO
9611,"A Tutorial on the Mathematical Model of Single Cell Variational
  Inference",Room 2,q-bio.OT
9612,Sharp capacitary estimates for rings in metric spaces,Room 7,math.MG
9613,A partial $A_\infty$-structure on the cohomology of $C_n\times C_m$,Room 7,math.AT
9614,Variational inference for sparse spectrum Gaussian process regression,Room 2,stat.CO
9615,"Behind the Eastern-Western European convergence path: the role of
  geography and trade liberalization",Room 3,econ.GN
9616,"Full-wave finite-difference time-domain simulation of electromagnetic
  cloaking structures",Room 11,physics.class-ph
9617,"Cocoa pollination, biodiversity-friendly production, and the global
  market",Room 11,econ.GN
9618,Identification of Behavioural Models for Railway Turnouts Monitoring,Room 10,eess.SY
9619,"Search for Heavy, Long-Lived Particles that Decay to Photons at CDF II",Room 11,hep-ex
9620,Fast Nonparametric Conditional Density Estimation,Room 1,stat.ME
9621,Second Topological Moment < m^2 > of Two Closed Entangled Polymers,Room 5,cond-mat
9622,"Neural source-filter waveform models for statistical parametric speech
  synthesis",Room 2,eess.AS
9623,"Generalized Functional Pruning Optimal Partitioning (GFPOP) for
  Constrained Changepoint Detection in Genomic Data",Room 6,stat.CO
9624,Constant Maturity Credit Default Swap Pricing with Market Models,Room 3,q-fin.PR
9625,Beyond Language Equivalence on Visibly Pushdown Automata,Room 12,cs.CC
9626,"A Mathematical Framework for Kinetochore-Driven Activation Feedback in
  the Mitotic Checkpoint",Room 6,q-bio.SC
9627,"Attention-Based Reading, Highlighting, and Forecasting of the Limit
  Order Book",Room 3,q-fin.CP
9628,"Noise-adaptive Margin-based Active Learning and Lower Bounds under
  Tsybakov Noise Condition",Room 1,stat.ML
9629,"Reciprocal transformations and local Hamiltonian structures of
  hydrodynamic type systems",Room 7,nlin.SI
9630,Model of Genetic Variation in Human Social Networks,Room 4,q-bio.GN
9631,A new convolution theorem associated with the linear canonical transform,Room 5,eess.SP
9632,Triangulations of projective modules,Room 7,math.AC
9633,Electron waves in chemically substituted graphene,Room 8,cond-mat.mtrl-sci
9634,Influence of Protein Electromagnetic Field on Hydrogen Bonding,Room 8,q-bio.BM
9635,"Critical Load Restoration using Distributed Energy Resources for
  Resilient Power Distribution System",Room 10,eess.SY
9636,Orbital order in degenerate Hubbard models : A variational study,Room 5,cond-mat.str-el
9637,Promoting target models by potential measures,Room 3,stat.AP
9638,"Modular proximal optimization for multidimensional total-variation
  regularization",Room 2,stat.ML
9639,The redshift and geometrical aspect of photons,Room 11,physics.gen-ph
9640,"Effects of dynamic capability and marketing strategy on the
  organizational performance of the banking sector in Makassar, Indonesia",Room 3,econ.GN
9641,"Symmetry algebra of discrete KdV equations and corresponding
  differential-difference equations of Volterra type",Room 5,nlin.SI
9642,INTEL-TAU: A Color Constancy Dataset,Room 2,eess.IV
9643,"Estimating restricted mean job tenures in semi-competing risk data
  compensating victims of discrimination",Room 1,stat.AP
9644,Combining Geometric and Topological Information for Boundary Estimation,Room 2,eess.IV
9645,Inverse Spectral Problems for Tridiagonal N by N Complex Hamiltonians,Room 5,math.SP
9646,"Temperature Dependence of Protein Folding Deduced from Quantum
  Transition",Room 6,q-bio.BM
9647,"Climate Change and Agriculture: Subsistence Farmers' Response to Extreme
  Heat",Room 1,econ.GN
9648,The Norm Index Theorem (An Analytic Proof),Room 7,math.NT
9649,"Schur positivity of skew Schur function differences and applications to
  ribbons and Schubert classes",Room 7,math.CO
9650,"Bi-integrative analysis of two-dimensional heterogeneous panel data
  model",Room 4,econ.EM
9651,"Dynamical instability of a Bose-Einstein condensate with higher-order
  interactions in an optical potential through a variational approach",Room 8,nlin.PS
9652,"Cross-correlation asymmetries and causal relationships between stock and
  market risk",Room 3,q-fin.ST
9653,"A novel LMI-based Method for Robust Stabilization of Fractional-order
  Interval Systems with $1\le\alpha<2$",Room 5,eess.SY
9654,Phase Distribution Control of a Population of Oscillators,Room 8,nlin.AO
9655,Note Integer Factoring Methods III,Room 12,math.NT
9656,"Symmetries of the periodic Toda lattice, with an application to normal
  forms and perturbations of the lattice with Dirichlet boundary conditions",Room 5,nlin.SI
9657,"Predictions Wrong Again on Dead Zone Area -- Gulf of Mexico Gaining
  Resistance to Nutrient Loading",Room 11,q-bio.QM
9658,"Viral quasispecies profiles as the result of the interplay of
  competition and cooperation",Room 6,nlin.AO
9659,"Prediction Stability in a data-based mechanistic model of sigmaF during
  sporulation in Bacillus subtilis",Room 6,q-bio.MN
9660,"CrowdEstimator: Approximating Crowd Sizes with Multi-modal Data for
  Internet-of-Things Services",Room 10,eess.SY
9661,Stochastic Evolution of Stock Market Volume-Price Distributions,Room 4,q-fin.ST
9662,Option Pricing with Delayed Information,Room 3,q-fin.MF
9663,Verifying Recursive Active Documents with Positive Data Tree Rewriting,Room 7,cs.DB
9664,"Optimization problem for a portfolio with an illiquid asset: Lie group
  analysis",Room 4,q-fin.MF
9665,"Instability for standing waves of nonlinear Klein-Gordon equations via
  mountain-pass arguments",Room 5,math.AP
9666,"Optimal Extraction and Taxation of Strategic Natural Resources: A
  Differential Game Approach",Room 4,q-fin.EC
9667,A Poincar\'e section for the general heavy rigid body,Room 10,nlin.CD
9668,The Price Impact of Generalized Order Flow Imbalance,Room 3,q-fin.TR
9669,"A finite difference method for estimating second order parameter
  sensitivities of discrete stochastic chemical reaction networks",Room 6,q-bio.QM
9670,Kekul\'e Cells for Molecular Computation,Room 7,cs.OH
9671,"Mean-Field Transmission Power Control in Dense Networks, Part II --
  Social Welfare Evaluation",Room 10,eess.SY
9672,"Orbifold cohomology of abelian symplectic reductions and the case of
  weighted projective spaces",Room 7,math.SG
9673,Fast computation of loudness using a deep neural network,Room 2,eess.AS
9674,"Extensive regulation of metabolism and growth during the cell division
  cycle",Room 6,q-bio.GN
9675,"Real-time trajectory planning for automated vehicle safety and
  performance in dynamic environments",Room 10,eess.SY
9676,Optimizing XML Compression,Room 2,cs.DB
9677,Mill's canons meet social ranking: A characterization of plurality,Room 4,econ.TH
9678,Gromov--Witten invariants and quantum cohomology,Room 7,math.AG
9679,An analogue of the space of conformal blocks in (4k+2)-dimensions,Room 7,math.DG
9680,"Overcoming Medical Overuse with AI Assistance: An Experimental
  Investigation",Room 4,econ.GN
9681,"Inter-Cell Radio Frame Coordination Scheme Based on Sliding Codebook for
  5G TDD Systems",Room 10,eess.SP
9682,Continuous Silent Speech Recognition using EEG,Room 2,eess.AS
9683,Athena: Modular CAM/CAD Software for Synthetic Biology,Room 6,q-bio.QM
9684,Logistic function as solution of many nonlinear differential equations,Room 12,nlin.SI
9685,Galois theory of iterated endomorphisms,Room 7,math.NT
9686,On the martingale property in the rough Bergomi model,Room 3,q-fin.MF
9687,Sparse Quantile Huber Regression for Efficient and Robust Estimation,Room 2,stat.ML
9688,"Commensurability and QI classification of free products of finitely
  generated abelian groups",Room 7,math.GR
9689,Examining exotic structure of proton-rich nucleus $^{23}$Al,Room 11,nucl-ex
9690,On a property of the number 977731833235239280,Room 12,math.NT
9691,Galois theory and integral models of Lambda-rings,Room 7,math.KT
9692,"Optimal performance of a tontine overlay subject to withdrawal
  constraints",Room 3,q-fin.CP
9693,"Non-cooperative Aerial Base Station Placement via Stochastic
  Optimization",Room 10,eess.SP
9694,"Minerva and minepy: a C engine for the MINE suite and its R, Python and
  MATLAB wrappers",Room 2,stat.ML
9695,"Intelligent Trading Systems: A Sentiment-Aware Reinforcement Learning
  Approach",Room 3,q-fin.TR
9696,Semiparametric Conditional Factor Models in Asset Pricing,Room 3,econ.EM
9697,Hitchhiker's Guide to First Year Physics Labs at UCD,Room 11,physics.ed-ph
9698,Are complex systems hard to evolve?,Room 6,cs.NE
9699,Annihilators of permutation modules,Room 7,math.RT
9700,"Predicting and Forecasting the Price of Constituents and Index of
  Cryptocurrency Using Machine Learning",Room 3,q-fin.ST
9701,DAM: A Universal Dual Attention Mechanism for Multimodal Timeseries Cryptocurrency Trend Forecasting,Room 3,econ.GN
9702,Coherence of a Josephson phase qubit under partial-collapse measurement,Room 8,cond-mat.mes-hall
9703,"Connectivity of the Product Replacement Graph of Simple Groups of
  Bounded Lie Rank",Room 7,math.GR
9704,Mixing Least-Squares Estimators when the Variance is Unknown,Room 1,math.ST
9705,How cells feel: stochastic model for a molecular mechanosensor,Room 6,q-bio.CB
9706,Relativistic transformation of phase-space distributions,Room 11,physics.space-ph
9707,Deep Learning Based Computed Tomography Whys and Wherefores,Room 2,eess.IV
9708,Critical adsorption on non-spherical colloidal particles,Room 8,cond-mat.soft
9709,"Two New Algorithms for Solving Covariance Graphical Lasso Based on
  Coordinate Descent and ECM",Room 1,stat.CO
9710,Morse theory and conjugacy classes of finite subgroups,Room 7,math.GR
9711,Tetravex is NP-complete,Room 7,cs.CC
9712,"Computing the CEV option pricing formula using the semiclassical
  approximation of path integral",Room 3,q-fin.CP
9713,Bouncy Hybrid Sampler as a Unifying Device,Room 3,stat.CO
9714,"Empirical comparison of three models for determining market clearing
  prices in Turkish day-ahead electricity market",Room 3,q-fin.TR
9715,Fixed points in non-invariant plane continua,Room 5,math.GN
9716,Linearity of Aggregate Production Functions,Room 3,econ.TH
9717,"Web Video Categorization based on Wikipedia Categories and
  Content-Duplicated Open Resources",Room 1,cs.MM
9718,"Semi-supervised Sound Event Detection using Random Augmentation and
  Consistency Regularization",Room 2,eess.AS
9719,"Metaplectic representation on Wiener amalgam spaces and applications to
  the Schr\""odinger equation",Room 5,math.FA
9720,Delay Regulated Explosive Synchronization in Multiplex Networks,Room 8,nlin.AO
9721,"DNA cruciform arms nucleate through a correlated but non-synchronous
  cooperative mechanism",Room 8,q-bio.BM
9722,"Invariance, existence and uniqueness of solutions of nonlinear valuation
  PDEs and FBSDEs inclusive of credit risk, collateral and funding costs",Room 3,q-fin.PR
9723,"Do You Listen with One or Two Microphones? A Unified ASR Model for
  Single and Multi-Channel Audio",Room 12,eess.AS
9724,"The joint graphical lasso for inverse covariance estimation across
  multiple classes",Room 1,stat.ME
9725,"Karl Pearson and the Logic of Science: Renouncing Causal Understanding
  (the Bride) and Inverted Spinozism",Room 1,stat.OT
9726,A Deep Neural Network for Short-Segment Speaker Recognition,Room 12,eess.AS
9727,Hives and the fibres of the convolution morphism,Room 7,math.AG
9728,Bicategories of spans as cartesian bicategories,Room 7,math.CT
9729,"Controllability Issues of Linear Ensemble Systems over Multi-dimensional
  Parameterization Spaces",Room 5,eess.SY
9730,Examples of Non-Rigid CAT(0) Groups from the Category of Knot Groups,Room 7,math.GT
9731,"Effective harmonic potentials: insights into the internal cooperativity
  and sequence-specificity of protein dynamics",Room 8,q-bio.BM
9732,Parametric packing of selfish items and the subset sum algorithm,Room 1,cs.GT
9733,Liquidity and Impact in Fair Markets,Room 3,q-fin.TR
9734,On the Differential Operators with Periodic Matrix Coefficients,Room 5,math.SP
9735,Significance tests for comparing digital gene expression profiles,Room 1,q-bio.GN
9736,Understanding Information Transmission in Complex Networks,Room 6,nlin.AO
9737,"Assessing Co-Authored Papers in Tenure Decisions: Implications for
  Research Independence and Career Strategies in Economics",Room 12,econ.GN
9738,"Information-Theoretic Performance Limitations of Feedback Control:
  Underlying Entropic Laws and Generic $\mathcal{L}_{p}$ Bounds",Room 1,eess.SY
9739,"Portfolio Optimization in a Market with Hidden Gaussian Drift and
  Randomly Arriving Expert Opinions: Modeling and Theoretical Results",Room 3,q-fin.PM
9740,Luttinger liquid of trimers in Fermi gases with unequal masses,Room 8,cond-mat.quant-gas
9741,The Connectivity Order of Links,Room 7,math.GN
9742,Bayesian inference with rescaled Gaussian process priors,Room 1,math.ST
9743,"Reconstruction of Protein-Protein Interaction Pathways by Mining
  Subject-Verb-Objects Intermediates",Room 2,cs.IR
9744,"Excessive Transverse Coordinates for Orbital Stabilization of
  (Underactuated) Mechanical Systems",Room 5,eess.SY
9745,"Nonlinear modes and symmetries in linearly-coupled pairs of PT-invariant
  dimers",Room 8,nlin.PS
9746,Association fairness in Wi-Fi and LTE-U coexistence,Room 10,eess.SP
9747,"Local enrichment and its nonlocal consequences for victim-exploiter
  metapopulations",Room 6,q-bio.PE
9748,Oscillations in SIRS model with distributed delays,Room 6,q-bio.PE
9749,How effective delays shape oscillatory dynamics in neuronal networks,Room 6,q-bio.NC
9750,Desertification by Front Propagation?,Room 5,nlin.PS
9751,Hidden Semi-Markov Models for Single-Molecule Conformational Dynamics,Room 6,q-bio.QM
9752,Angular Momentum of a Photon and Phase Conjugation,Room 11,nlin.PS
9753,Deterministic pushdown automata and unary languages,Room 12,cs.FL
9754,Another generalization of Mason's ABC-theorem,Room 7,math.NT
9755,"Theoretical foundation for the Pareto distribution of international
  trade strength and introduction of an equation for international trade
  forecasting",Room 3,econ.GN
9756,New Approximation Results and Optimal Estimation for Fully Connected Deep Neural Networks,Room 1,econ.EM
9757,Weak order for the discretization of the stochastic heat equation,Room 5,math.NA
9758,"Matter-wave solutions in the Bose-Einstein condensates with the harmonic
  and Gaussian potentials",Room 5,nlin.PS
9759,"A parallelized cellular Potts model that enables simulations at tissue
  scale",Room 6,q-bio.TO
9760,On a class of non-simply connected Calabi-Yau threefolds,Room 7,math.AG
9761,"A derivation of the Black-Scholes option pricing model using a central
  limit theorem argument",Room 3,q-fin.GN
9762,"SEC Form 13F-HR: Statistical investigation of trading imbalances and
  profitability analysis",Room 4,q-fin.MF
9763,"Reconstruction of multiple non-line-of-sight objects using back
  projection based on ellipsoid mode decomposition",Room 2,eess.IV
9764,"Analysis of Transcranial Focused Ultrasound Beam Profile Sensitivity for
  Neuromodulation of the Human Brain",Room 2,q-bio.TO
9765,Informed proposals for local MCMC in discrete spaces,Room 1,stat.CO
9766,Pseudodifferential operators and weighted normed symbol spaces,Room 7,math.OA
9767,"Longitudinal analysis of gene expression profiles using functional
  mixed-effects models",Room 1,stat.AP
9768,A Bayesian Mixture of Lasso Regressions with t-Errors,Room 3,stat.AP
9769,"Bronsted-Rockafellar property and maximality of monotone operators
  representable by convex functions in non-reflexive Banach spaces",Room 7,math.FA
9770,Mathematics and Morphogenesis of the City: A Geometrical Approach,Room 1,nlin.AO
9771,Ramsey's contributions to probability and legal theory,Room 12,stat.OT
9772,Grouping of Contracts in Insurance using Neural Networks,Room 3,q-fin.RM
9773,"Formation of singularities for a transport equation with nonlocal
  velocity",Room 5,math.AP
9774,Fundamental issues in nonlinear wideband-vibration energy harvesting,Room 8,nlin.AO
9775,"Morita equivalent subalgebras of irrational rotation algebras and real
  quadratic fields",Room 7,math.OA
9776,Artificial Counselor System for Stock Investment,Room 3,q-fin.GN
9777,Machine Learning Models for Dengue Forecasting in Singapore,Room 1,q-bio.OT
9778,On classification of modular tensor categories,Room 7,math.QA
9779,Remarks on the waterbag model of dispersionless Toda Hierarchy,Room 5,nlin.SI
9780,"Deep Reinforcement Learning Algorithm for Dynamic Pricing of Express
  Lanes with Multiple Access Locations",Room 2,eess.SY
9781,"Artificial Intelligence Assistance Significantly Improves Gleason
  Grading of Prostate Biopsies by Pathologists",Room 2,eess.IV
9782,"High-precision Measurements of Ionospheric TEC Gradients with the Very
  Large Array VHF System",Room 11,physics.space-ph
9783,"Non-Homogeneous Hydrodynamic Systems and Quasi-St\""ackel Hamiltonians",Room 5,nlin.SI
9784,"Superposed nonlinear waves in coherently coupled Bose-Einstein
  condensates",Room 8,nlin.PS
9785,Random Utility with Aggregation,Room 4,econ.TH
9786,"Derived Koszul Duality and Involutions in the Algebraic K-Theory of
  Spaces",Room 7,math.KT
9787,"Micro-foundation using percolation theory of the finite-time singular
  behavior of the crash hazard rate in a class of rational expectation bubbles",Room 4,q-fin.TR
9788,"Hermitian and non-Hermitian covariance estimators for multivariate
  Gaussian and non-Gaussian assets from random matrix theory",Room 3,q-fin.ST
9789,On lower and upper bounds for Asian-type options: a unified approach,Room 3,q-fin.PR
9790,"Kernel Meets Sieve: Post-Regularization Confidence Bands for Sparse
  Additive Model",Room 1,stat.ML
9791,"On-Device Personalization of Automatic Speech Recognition Models for
  Disordered Speech",Room 12,eess.AS
9792,"A Holistic Framework for Parameter Coordination of Interconnected
  Microgrids against Disasters",Room 10,eess.SY
9793,Relations between organisms and the environment in the ageing process,Room 6,q-bio.PE
9794,On Blockchain We Cooperate: An Evolutionary Game Perspective,Room 4,econ.GN
9795,Counterfactual Inference in Duration Models with Random Censoring,Room 1,econ.EM
9796,Gameplay experience in a gaze interaction game,Room 1,cs.HC
9797,Diversifying the Genomic Data Science Research Community,Room 2,q-bio.OT
9798,"Nonequilibrium and nonlinear kinetics as key determinants for
  bistability in fission yeast G2-M transition",Room 6,q-bio.MN
9799,"W-Net: A CNN-based Architecture for White Blood Cells Image
  Classification",Room 2,eess.IV
9800,"A Put-Call Transformation of the Exchange Option Problem under
  Stochastic Volatility and Jump Diffusion Dynamics",Room 3,q-fin.MF
9801,"BioPreDyn-bench: benchmark problems for kinetic modelling in systems
  biology",Room 6,q-bio.QM
9802,"Where the Li\'enard--Levinson--Smith (LLS) theorem cannot be applied for
  a generalised Li\'enard system",Room 8,nlin.AO
9803,Rigidity of graph products of abelian groups,Room 7,math.GR
9804,On Transformations of the Rabelo Equations,Room 5,nlin.SI
9805,"The Effect of Annealing Temperature on Statistical Properties of $WO_3$
  Surface",Room 11,physics.data-an
9806,Quantification of Ebola virus replication kinetics in vitro,Room 6,q-bio.CB
9807,Impacts of Typhoons on the Kuroshio Large Meander: Observation Evidences,Room 11,physics.ao-ph
9808,simmer: Discrete-Event Simulation for R,Room 10,stat.CO
9809,"Semi-Supervised Classification Through the Bag-of-Paths Group
  Betweenness",Room 2,stat.ML
9810,Adapted Downhill Simplex Method for Pricing Convertible Bonds,Room 3,q-fin.PR
9811,"Trapping of Noble Gases (He-Kr) by the Aromatic H3+ and Li3+ Species: A
  Conceptual DFT Approach",Room 8,physics.atm-clus
9812,Distributed Detection in Tree Topologies with Byzantines,Room 10,stat.AP
9813,Cardinal sequences of LCS spaces under GCH,Room 7,math.LO
9814,William H. Kruskal and the Development of Coordinate-Free Methods,Room 7,stat.ME
9815,Zero-dimensional limit of the two-dimensional Lugiato-Lefever equation,Room 8,nlin.PS
9816,Spreadsheet Engineering: A Research Framework,Room 12,cs.SE
9817,A negative mass theorem for the 2-Torus,Room 7,math.SP
9818,Inference on Consensus Ranking of Distributions,Room 1,econ.EM
9819,Evaluating the accuracy of diffusion MRI models in white matter,Room 2,q-bio.QM
9820,A General Search for New Phenomena in e-p Scattering at HERA,Room 11,hep-ex
9821,"Pattern Formation on Networks: from Localised Activity to Turing
  Patterns",Room 6,nlin.AO
9822,"Copula based hierarchical risk aggregation - Tree dependent sampling and
  the space of mild tree dependence",Room 3,q-fin.RM
9823,Word Error Rate Estimation Without ASR Output: e-WER2,Room 12,eess.AS
9824,Compact spaces that do not map onto finite products,Room 7,math.GN
9825,Through a Glass Darkly,Room 5,math.HO
9826,Mean-Variance-VaR portfolios: MIQP formulation and performance analysis,Room 3,q-fin.PM
9827,"Two Remarkable Computational Competencies of the Simple Genetic
  Algorithm",Room 10,cs.NE
9828,"Design and frequency analysis of continuous finite-time-convergent
  differentiator",Room 12,cs.SY
9829,On Fast Dropout and its Applicability to Recurrent Networks,Room 2,stat.ML
9830,Mixtures of Mean-Preserving Contractions,Room 1,econ.TH
9831,"Long Tails, Automation and Labor",Room 3,econ.GN
9832,Random Fiber Laser,Room 8,physics.optics
9833,"Optimal Pricing Schemes in the Presence of Social Learning and Costly
  Reporting",Room 4,econ.TH
9834,"Perfect Anomalous Reflection with an Aggressively Discretized Huygens'
  Metasurface",Room 11,physics.app-ph
9835,"Identification of redundant and synergetic circuits in triplets of
  electrophysiological data",Room 6,q-bio.NC
9836,"Multi-wavelet residual dense convolutional neural network for image
  denoising",Room 2,eess.IV
9837,A win-win monetary policy in Canada,Room 3,q-fin.GN
9838,"Nonlinear Shape Regression For Filtering Segmentation Results From
  Calcium Imaging",Room 2,eess.IV
9839,Kohonen neural networks and genetic classification,Room 1,q-bio.QM
9840,"The PomXYZ Proteins Self-Organize on the Bacterial Nucleoid to Stimulate
  Cell Division",Room 6,q-bio.SC
9841,"Robust chaos with prescribed natural invariant measure and Lyapunov
  exponent",Room 12,nlin.CD
9842,Dynamic Information Design with Diminishing Sensitivity Over News,Room 4,econ.TH
9843,D-affinity and Frobenius morphism on quadrics,Room 7,math.AG
9844,Adversarial Scheduling in Evolutionary Game Dynamics,Room 4,cs.DM
9845,The evaluation of directionally writhing polymers,Room 8,q-bio.BM
9846,Biased Roulette Wheel: A Quantitative Trading Strategy Approach,Room 3,q-fin.CP
9847,A Note on Equimultiple Deformations,Room 7,math.AG
9848,"Modeling extreme values of processes observed at irregular time steps:
  Application to significant wave height",Room 1,stat.AP
9849,"Definition and Implementation of a Points-To Analysis for C-like
  Languages",Room 10,cs.PL
9850,On integrability of the Yao-Zeng two-component short-pulse equation,Room 5,nlin.SI
9851,Sorting Network for Reversible Logic Synthesis,Room 10,cs.AR
9852,"Estimating Conditional Value-at-Risk with Nonstationary Quantile
  Predictive Regression Models",Room 1,econ.EM
9853,"Applications of Machine Learning Methods to Quantifying Phenotypic
  Traits that Distinguish the Wild Type from the Mutant Arabidopsis Thaliana
  Seedlings during Root Gravitropism",Room 6,q-bio.QM
9854,A Strong Tits Alternative,Room 7,math.GR
9855,Tidal dissipation in rotating fluid bodies: a simplified model,Room 8,astro-ph.EP
9856,Extra dimensions and Lorentz invariance violation,Room 11,hep-ph
9857,Lower estimates on microstates free entropy dimension,Room 5,math.OA
9858,"Intra-protein binding peptide fragments have specific and intrinsic
  sequence patterns",Room 2,q-bio.BM
9859,"Performance Studies of Prototype II for the CASTOR forward Calorimeter
  at the CMS Experiment",Room 11,physics.ins-det
9860,"Prediction of Flavin Mononucleotide (FMN) Binding Sites in Proteins
  Using the 3D Search Motif Method and Double-Centroid Reduced Representation
  of Protein 3D Structures",Room 6,q-bio.BM
9861,Black Holes and Large Order Quantum Geometry,Room 11,hep-th
9862,Ruin models with investment income,Room 4,q-fin.RM
9863,Monitoring War Destruction from Space: A Machine Learning Approach,Room 1,econ.GN
9864,"Residual nuclide formation in 206,207,208,nat-Pb and 209-Bi induced by
  0.04-2.6 GeV Protons as well as in 56-Fe induced by 0.3-2.6 GeV Protons",Room 11,nucl-ex
9865,"Diagnosis of Diabetic Retinopathy in Ethiopia: Before the Deep Learning
  based Automation",Room 2,eess.IV
9866,Optical detection of anyons in an integer quantum Hall system,Room 8,cond-mat.mes-hall
9867,"Physical approach to price momentum and its application to momentum
  strategy",Room 3,q-fin.GN
9868,Maximal slope of tensor product of Hermitian vector bundles,Room 7,math.AG
9869,M Equilibrium: A theory of beliefs and choices in games,Room 4,econ.TH
9870,"Should transparency be (in-)transparent? On monitoring aversion and
  cooperation in teams",Room 4,econ.GN
9871,"Channel Estimation for WiFi Prototype Systems with Super-Resolution
  Image Recovery",Room 2,eess.SP
9872,Additivity of Maps on Triangular Algebras,Room 7,math.RA
9873,"Generation of SAR Image for Real-life Objects using General Purpose EM
  Simulators",Room 1,stat.ML
9874,"Unveiling the Role of Artificial Intelligence and Stock Market Growth in
  Achieving Carbon Neutrality in the United States: An ARDL Model Analysis",Room 4,econ.GN
9875,"Blind Source Separation in Polyphonic Music Recordings Using Deep Neural
  Networks Trained via Policy Gradients",Room 2,eess.AS
9876,Culminating paths,Room 5,math.CO
9877,"2+1 Flavor QCD simulated in the epsilon-regime in different topological
  sectors",Room 5,hep-lat
9878,Spectral perturbation bounds for selfadjoint operators,Room 5,math.SP
9879,Enhancing SPH using moving least-squares and radial basis functions,Room 5,math.NA
9880,"Towards Design Space Exploration and Optimization of Fast Algorithms for
  Convolutional Neural Networks (CNNs) on FPGAs",Room 2,eess.SP
9881,"Panacea or Placebo? Exploring Causal Effects of Nonlocal Vehicle Driving
  Restriction Policies on Traffic Congestion Using Difference-in-differences
  Approach",Room 1,econ.GN
9882,High-quality Speech Synthesis Using Super-resolution Mel-Spectrogram,Room 2,eess.AS
9883,Chaotic dynamics with Maxima,Room 12,nlin.CD
9884,Activating Mg acceptors in AlN by oxygen: first principles calculations,Room 8,physics.comp-ph
9885,Link Graph Analysis for Adult Images Classification,Room 1,cs.IR
9886,"Noise-Induced Desynchronization and Stochastic Escape from Equilibrium
  in Complex Networks",Room 8,nlin.AO
9887,"Partial Template Based Receiver in Impulse Radio Ultra-Wideband
  Communication Systems",Room 10,eess.SP
9888,"Hierarchical Distribution Matching for Probabilistically Shaped Coded
  Modulation",Room 10,eess.SP
9889,"The Kalman--Yakubovich--Popov inequality for passive discrete
  time-invariant systems",Room 5,math.SP
9890,An Option Pricing Model with Memory,Room 3,q-fin.PR
9891,On Detecting Spoofing Strategies in High Frequency Trading,Room 4,q-fin.TR
9892,"Firing statistics of inhibitory neuron with delayed feedback. II.
  Non-Markovian behavior",Room 6,q-bio.NC
9893,Sparse Approximation of Computational Time Reversal Imaging,Room 11,q-bio.OT
9894,Histo-blood group glycans in the context of personalized medicine,Room 6,q-bio.TO
9895,"How fractional counting affects the Impact Factor: Normalization in
  terms of differences in citation potentials among fields of science",Room 12,cs.DL
9896,"Connecting Sharpe ratio and Student t-statistic, and beyond",Room 3,q-fin.ST
9897,"Accurate description of optical precursors and their relation to
  weak-field coherent optical transients",Room 11,physics.optics
9898,"Spiraling elliptic breathers in saturable nonlinear media with linear
  anisotropy",Room 5,nlin.PS
9899,"Fireflies: New software for interactively exploring dynamical systems
  using GPU computing",Room 10,cs.MS
9900,Multi-Agent Model Predictive Control: A Survey,Room 10,cs.MA
9901,"Asynchronism Induces Second Order Phase Transitions in Elementary
  Cellular Automata",Room 6,nlin.CG
9902,A Decision-Optimization Approach to Quantum Mechanics and Game Theory,Room 4,cs.GT
9903,"Dynamic Conic Finance: Pricing and Hedging in Market Models with
  Transaction Costs via Dynamic Coherent Acceptability Indices",Room 3,q-fin.RM
9904,Clustering with Obstacles in Spatial Databases,Room 2,cs.DB
9905,"Consistency Analysis of the Simplified Refined Instrumental Variable
  Method for Continuous-time Systems",Room 1,eess.SY
9906,Oxidative stress response: a proteomic view,Room 6,q-bio.GN
9907,"Lower Bounds for Embedding into Distributions over Excluded Minor Graph
  Families",Room 7,cs.DS
9908,"Signed Laplacian Deep Learning with Adversarial Augmentation for
  Improved Mammography Diagnosis",Room 2,eess.IV
9909,Signal amplification by unidirectional coupling of oscillators,Room 8,nlin.CD
9910,Cohomology of line bundles on compactified Jacobians,Room 7,math.AG
9911,"Cryoelectron Microscopy as a Functional Instrument for Systems Biology,
  Structural Analysis & Experimental Manipulations with Living Cells. A
  comprehensive review of the current works",Room 11,q-bio.SC
9912,Iterative Log Thresholding,Room 2,stat.ML
9913,Dynamic evolution of cross-correlations in the Chinese stock market,Room 3,q-fin.ST
9914,Exact States in Waveguides With Periodically Modulated Nonlinearity,Room 8,nlin.PS
9915,N-dimensional sl(2)-coalgebra spaces with non-constant curvature,Room 7,hep-th
9916,"Pattern selection and multiscale behavior in metrically discontinuous
  non-Euclidean plates",Room 8,nlin.PS
9917,Integration of cellular signals in chattering environments,Room 6,q-bio.MN
9918,"A Network-Based Meta-Population Approach to Model Rift Valley Fever
  Epidemics",Room 12,q-bio.OT
9919,Recorded Step Directional Mutation for Faster Convergence,Room 10,cs.NE
9920,"Wide-Sense-Stationarity of Everyday Wireless Channels for Body-to-Body
  Networks",Room 2,eess.SP
9921,"Traveller behaviour in public transport in the early stages of the
  COVID-19 pandemic in the Netherlands",Room 4,econ.GN
9922,"Comparison between shape optimization and volumic level set
  approximation for geometrical functionals",Room 5,math.NA
9923,Dilational Hilbert Scales and Deconvolutional Sharpening,Room 1,math.NA
9924,The regular algebra of a poset,Room 7,math.RA
9925,"Synchronization in hyperchaotic time-delayed electronic oscillators
  coupled indirectly via a common environment",Room 12,nlin.CD
9926,Large-Scale Education Reform in General Equilibrium: Regression Discontinuity Evidence from India: Comment,Room 12,econ.GN
9927,"A method for the resolution of the Jacobi equation Y''+RY = 0 on the
  manifold Sp(2)/SU(2)",Room 7,math.DG
9928,Speculations on some characteristic properties of numbers,Room 7,math.HO
9929,"Self-sustained activity, bursts, and variability in recurrent networks",Room 6,q-bio.NC
9930,Digital Business Ecosystems: Natural Science Paradigms,Room 6,cs.NE
9931,"Modeling And Simulation Of Prolate Dual-Spin Satellite Dynamics In An
  Inclined Elliptical Orbit: Case Study Of Palapa B2R Satellite",Room 5,cs.RO
9932,Achieving Irrational Correlated Equilibria without Mediator,Room 4,econ.TH
9933,Robust Comparative Statics with Misspecified Bayesian Learning,Room 4,econ.TH
9934,Computer simulation of inhibition-dependent binding in a neural network,Room 6,q-bio.NC
9935,Commutative algebras in Drinfeld categories of abelian Lie algebras,Room 7,math.CT
9936,Causal Inference under Interference through Designed Markets,Room 4,econ.EM
9937,"Formation of localized structures in bistable systems through nonlocal
  spatial coupling II: The nonlocal Ginzburg Landau Equation",Room 5,nlin.PS
9938,"How to Calibrate your Adversary's Capabilities? Inverse Filtering for
  Counter-Autonomous Systems",Room 4,eess.SP
9939,Towards peptide strings pharmacology,Room 6,q-bio.OT
9940,"Fluctuation-induced interactions between dielectrics in general
  geometries",Room 8,cond-mat.stat-mech
9941,WKB Propagation of Gaussian Wavepackets,Room 5,nlin.CD
9942,On conjugacy of unipotent elements in finite groups of Lie type,Room 7,math.GR
9943,"Density of bulk trap states in organic semiconductor crystals: discrete
  levels induced by oxygen in rubrene",Room 8,cond-mat.mtrl-sci
9944,Strange duality and the Hitchin/WZW connection,Room 7,math.AG
9945,"On the Esscher transforms and other equivalent martingale measures for
  Barndorff-Nielsen and Shephard stochastic volatility models with jumps",Room 3,q-fin.CP
9946,Perpetual American options with asset-dependent discounting,Room 4,q-fin.MF
9947,Resilient Information Aggregation,Room 4,econ.TH
9948,"Estimation of the Effect of Carbon Tax Implementation on Household
  Income Distribution in Indonesia: Quantitative Analysis with Miyazawa Input-
  Output Approach",Room 4,econ.GN
9949,Perceptual Image Anomaly Detection,Room 2,eess.IV
9950,"Efficiency in European Air Traffic Management -- A Fundamental Analysis
  of Data, Models, and Methods",Room 4,econ.GN
9951,Super-resolution and non-diffraction longitudinal polarized beam,Room 11,physics.pop-ph
9952,"Control and Synchronization of Chaotic Fractional-Order Coullet System
  via Active Controller",Room 5,nlin.CD
9953,"Wave Propagation in a Strongly Nonlinear Locally Resonant Granular
  Crystal",Room 8,nlin.PS
9954,Optimal Execution Strategies Incorporating Internal Liquidity Through Market Making,Room 3,q-fin.TR
9955,"FEARLESS STEPS Challenge (FS-2): Supervised Learning with Massive
  Naturalistic Apollo Data",Room 2,eess.AS
9956,"Ivan Franko's novel Dlja domashnjoho ohnyshcha (For the Hearth) in the
  light of the frequency dictionary",Room 2,cs.CL
9957,"Pion Production by Protons on a Thin Beryllium Target at 6.4, 12.3, and
  17.5 GeV/c Incident Proton Momenta",Room 11,nucl-ex
9958,Learning End-to-End Lossy Image Compression: A Benchmark,Room 2,eess.IV
9959,"Addressing Ancestry Disparities in Genomic Medicine: A Geographic-aware
  Algorithm",Room 2,q-bio.GN
9960,New Tests of Equal Forecast Accuracy for Factor-Augmented Regressions with Weaker Loadings,Room 3,econ.EM
9961,"A rapid molecular approach to determining the occurrence of pathogen
  indicators in compost",Room 11,q-bio.QM
9962,Introduction into Calculus over Division Ring,Room 5,math.GM
9963,B production at the LHC / QCD aspects,Room 11,hep-ex
9964,Onset of coherent attitude layers in a population of sports fans,Room 6,cs.SI
9965,Introduction to nonlinear discrete systems: Theory and modeling,Room 8,nlin.PS
9966,"Identification of the key parameters in a mathematical model of
  PAR1-mediated signaling in endothelial cells",Room 6,q-bio.MN
9967,Energy of zeros of random sections on Riemann Surface,Room 5,math.CV
9968,Communities in Neuronal Complex Networks Revealed by Activation Patterns,Room 6,q-bio.NC
9969,"Rogue waves in a resonant erbium-doped fiber system with higher-order
  effects",Room 5,nlin.SI
9970,Origin and Quantitative Control of Sertoli Cells,Room 6,q-bio.CB
9971,"Bright-dark solitons and their collisions in mixed N-coupled nonlinear
  Schr\""odinger equations",Room 8,nlin.SI
9972,"Multibreather and vortex breather stability in Klein--Gordon lattices:
  Equivalence between two different approaches",Room 5,nlin.PS
9973,Evolving XSLT stylesheets,Room 7,cs.NE
9974,"Control Limitations due to Zero Dynamics in a Single-Machine Infinite
  Bus Network",Room 10,eess.SY
9975,Robust Power Allocation in Covert Communication: Imperfect CDI,Room 4,eess.SP
9976,"Using an old method of Jacobi to derive Lagrangians: a nonlinear
  dynamical system with variable coefficients",Room 5,nlin.SI
9977,Non-local Operational Anisotropic Diffusion Filter,Room 2,eess.IV
9978,"Coprime Sensing via Chinese Remaindering over Quadratic Fields, Part I:
  Array Designs",Room 7,eess.SP
9979,"Dense Recurrent Neural Networks for Accelerated MRI: History-Cognizant
  Unrolling of Optimization Algorithms",Room 2,eess.IV
9980,"The large core limit of spiral waves in excitable media: A numerical
  approach",Room 5,nlin.PS
9981,"Towards Distributed Accommodation of Covert Attacks in Interconnected
  Systems",Room 10,eess.SY
9982,"Periodic event-triggered output regulation for linear multi-agent
  systems",Room 10,eess.SY
9983,Flexible Covariate Adjustments in Regression Discontinuity Designs,Room 1,econ.EM
9984,"Soliton-like Spin State in the A-like Phase of 3He in Anisotropic
  Aerogel",Room 8,cond-mat.dis-nn
9985,"A novel method based on cross correlation maximization, for pattern
  matching by means of a single parameter. Application to the human voice",Room 2,stat.AP
9986,Pulling in models of cell migration,Room 6,q-bio.CB
9987,The Texas Shootout under Uncertainty,Room 3,econ.TH
9988,"Multiple orthogonal polynomials, string equations and the large-n limit",Room 7,nlin.SI
9989,"Inequality in Educational Attainment: Urban-Rural Comparison in the
  Indian Context",Room 12,econ.GN
9990,A drift formulation of Gresham's Law,Room 3,q-fin.TR
9991,Automorphisms and derivations of free Poisson algebras in two variables,Room 7,math.RA
9992,Discrete Partitioning and Coverage Control for Gossiping Robots,Room 10,cs.RO
9993,"Preliminary Design of ARIES-Devasthal Faint Object Spectrograph and
  Camera",Room 11,astro-ph.IM
9994,"PDEs for pricing interest rate derivatives under the new generalized
  Forward Market Model (FMM)",Room 3,q-fin.PR
9995,"Short time extremal response to step stimulus for a single cell {\sl E.
  coli}",Room 6,q-bio.CB
9996,An Algebraic Proof of Quillen's Resolution Theorem for K_1,Room 7,math.KT
9997,Parallelizing MCMC via Weierstrass Sampler,Room 1,stat.CO
9998,"Controlling Delay-induced Hopf bifurcation in Internet congestion
  control system",Room 8,cs.NI
9999,Econophysics Macroeconomic Model,Room 3,q-fin.EC
10000,Spectral properties of the Cauchy process,Room 5,math.SP
